"Country Name","Country Code","Indicator Name","Indicator Code","1960","1961","1962","1963","1964","1965","1966","1967","1968","1969","1970","1971","1972","1973","1974","1975","1976","1977","1978","1979","1980","1981","1982","1983","1984","1985","1986","1987","1988","1989","1990","1991","1992","1993","1994","1995","1996","1997","1998","1999","2000","2001","2002","2003","2004","2005","2006","2007","2008","2009","2010","2011","2012","2013","2014","2015","2016","2017","2018","2019","2020","2021","2022","2023","2024",
"United States","USA","School enrollment, secondary, male (% net)","SE.SEC.NENR.MA","","","","","","","","","","","","","","","","","","","","","","","","","","","","","","","","","","","","","","","","","","","","","","88.05048","","","","","87.62882","89.06161","88.32107","88.8673","88.70675","89.93936","92.18887","91.88962","","","","","","","",
"United States","USA","School enrollment, secondary, female (% gross)","SE.SEC.ENRR.FE","","","","","","","","","","","","","","","","","","","","","","","","","","","","","","","","","","","","","","","","","","","","","","95.9484786987305","","","","","","","","96.3090591430664","97.5130462646484","98.1735763549805","98.4747085571289","98.695556640625","98.7960586547852","99.189453125","99.4142990112305","101.344367980957","98.6511611938477","","",
"United States","USA","Pupil-teacher ratio, upper secondary","SE.SEC.ENRL.UP.TC.ZS","","","","","","","","","","","","","","","","","","","","","","","","","","","","","","","","","","","","","","","","","","","","","","","","","","","","","","","14.77404","14.68497","","14.70795","","","","","","","",
"United States","USA","Secondary education, general pupils","SE.SEC.ENRL.GC","","","","","","","","","","","","","","","","","","","","","","","","","","","","","","","","","","","","","","","","","","","","","","","","","","","","","","","","","24707907.27378","24787964.41466","","","","","","","",
"United States","USA","Educational attainment, at least completed upper secondary, population 25+, total (%) (cumulative)","SE.SEC.CUAT.UP.ZS","","","","","","","","","","","","","","","","","","","","","","","","","","","","","","","","","","","89.0161772479126","89.411039858669","89.6436036581065","90.0273232016357","90.3566959582523","90.835679574916","90.835575067592","91.1667627020552","91.3540456900476","91.4598239108993","85.9800033569336","85.1900024414062","85.75","92.4371478045846","86.6100006103516","86.7099990844727","87.1500015258789","87.5899963378906","87.6800003051758","88.1500015258789","88.3099975585938","88.4100036621094","89.0899963378906","89.8141326904297","89.8099975585938","94.6938014055522","90.9400024414062","91.313362121582","91.1900024414062","91.4612884521484","95.4472220870986",
"United States","USA","Educational attainment, at least completed post-secondary, population 25+, male (%) (cumulative)","SE.SEC.CUAT.PO.MA.ZS","","","","","","","","","","","","","","","","","","","","","","","","","","","","","","","","","","","","","","","","","","","","","","","","","","","","","","","","","","","","","","","","","",
"United States","USA","Educational attainment, at least completed lower secondary, population 25+, female (%) (cumulative)","SE.SEC.CUAT.LO.FE.ZS","","","","","","","","","","","66.7699966430664","","","","","92.370002746582","","","","93.0999984741211","93.0100021362305","93.2799987792969","","","","","","","","","","","","","91.3600006103516","96.278401029301","96.3255831732286","96.4170280973403","96.3749182154509","96.4688858573183","96.4873949531881","96.5577966103048","96.5789341108593","96.6689086187552","94.2600021362305","93.879997253418","94.4599990844727","96.9673892496543","94.7099990844727","94.7099990844727","94.9300003051758","95.0400009155273","95.1399993896484","95.3899993896484","95.4300003051758","95.4800033569336","95.6999969482422","95.0186920166016","96.0800018310547","97.6509714717588","96.5500030517578","95.4242782592773","96.6500015258789","96.5940780639648","97.9692004814191",
"United States","USA","Lower secondary school starting age (years)","SE.SEC.AGES","","","","","","","","","","","12","12","12","12","12","12","12","12","12","12","12","12","12","12","12","12","12","12","12","12","12","12","12","12","12","12","12","12","12","12","12","12","12","12","12","12","12","12","12","12","12","12","12","12","12","12","12","12","12","12","12","12","12","12","12",
"United States","USA","Children out of school, female (% of female primary school age)","SE.PRM.UNER.FE.ZS","","","","","","","","","","","","","","","","","","","","","","","","","","","","","","","","","","","","","","","","","","","","","","0.268880009651184","","","","","","","","3.14109992980957","","1.91737997531891","0.43095999956131","","0.635680019855499","0.848990023136139","2.04341006278992","4.16418981552124","3.78526997566223","","",
"United States","USA","Adjusted net enrollment rate, primary, female (% of primary school age children)","SE.PRM.TENR.FE","","","","","","","","","","","","","","","","","","","","","","","","","","","","","","","","","","","","","","","","","","","","","","99.73112","","","","","97.68334","96.93143","97.00534","97.27516","98.29023","95.00148","99.56904","95.51193","","","","","","","",
"United States","USA","Trained teachers in primary education (% of total teachers)","SE.PRM.TCAQ.ZS","","","","","","","","","","","","","","","","","","","","","","","","","","","","","","","","","","","","","","","","","","","","","","","","","","","","","","","100","100","100","100","100","100","100","100","100","100","",
"United States","USA","Repeaters, primary, male (% of male enrollment)","SE.PRM.REPT.MA.ZS","","","","","","","","","","","","","","","","","","","","","","","","","","","","","","","","","","","","","","","","","","","","","","","","","","","","","","","","","","1.65861","","","","","","","",
"United States","USA","Persistence to last grade of primary, female (% of cohort)","SE.PRM.PRSL.FE.ZS","","","","","","","","","","","","","","","","","","","","","","","","","","","","","","","","","","","","","","","","","","","","","","","","","","","","","","","","","","","","","","","","","",
"United States","USA","School enrollment, primary, private (% of total primary)","SE.PRM.PRIV.ZS","","","","","","","","","","","","19.1949901580811","18.1306495666504","17.0529899597168","","","19.2945098876953","","","","","","","","11.4616899490356","10.6698904037476","11.73939037323","11.2454500198364","","","11.9888696670532","10.441840171814","","10.4855003356934","9.8320198059082","11.7502698898315","11.5622100830078","","11.5778999328613","11.5756502151489","","","","","","","","","","","","","","8.25259017944336","8.07388973236084","8.29216957092285","8.90025997161865","8.98348999023438","8.78785991668701","8.84381008148193","8.31130981445312","9.39933967590332","9.07394027709961","9.71599006652832","",
"United States","USA","Net intake rate in grade 1 (% of official school-age population)","SE.PRM.NINT.ZS","","","","","","","","","","","","","","","","","","","","","","","","","","","","","","","","","","","","","","","","","","","","","","75.41844","","","","","75.67508","","","71.16051","73.07467","72.66274","","","","","","","","","",
"United States","USA","School enrollment, primary, female (% net)","SE.PRM.NENR.FE","","","","","","","","","","","","","","","","","","","","","","","","","","","","","","","","","","","","","","","","","","","","","","95.41847","","","","","93.51886","93.06796","92.63905","92.74006","93.57871","94.31605","94.85693","94.57828","","","","","","","",
"United States","USA","Gross intake ratio in first grade of primary education, female (% of relevant age group)","SE.PRM.GINT.FE.ZS","","","","","","","","","","","","","","","","","","","","","","","","","","","","","","","","","","","","","","","","","","","","","","106.78762","","","","","101.43102","103.04991","97.39879","99.4304","101.98587","103.87874","","","","","","","","","",
"United States","USA","Pupil-teacher ratio, primary","SE.PRM.ENRL.TC.ZS","","","","","","","","","","","","","","","","","","","","","","","","","","","","","","","","","","","","","","","","","","","","","","","","","","","","","","","14.53749","14.45723","","14.19857","","","","","","","",
"United States","USA","Educational attainment, at least completed primary, population 25+ years, total (%) (cumulative)","SE.PRM.CUAT.ZS","","","","","","","","","","","94.4899978637695","","","","","","","","","","96.4300003051758","","","","","","","","","","","","","","","99.463065204023","99.4478204839605","99.4800265535177","99.4993114858166","99.5353595251364","99.5257372370619","99.5152850725555","99.5295007474777","99.5328355020932","98.5599975585938","98.4199981689453","98.5400009155273","99.5861634340353","98.6800003051758","98.5899963378906","98.6900024414062","98.7200012207031","98.7900009155273","98.870002746582","98.7900009155273","98.7699966430664","98.879997253418","97.5959396362305","99.0299987792969","99.6493699244639","99.0599975585938","97.2861862182617","99.0299987792969","99.0752105712891","99.6822394118498",
"United States","USA","Primary completion rate, male (% of relevant age group)","SE.PRM.CMPT.MA.ZS","","","","","","","","","","","","","","","","","","","","","","","","","","","","","","","","","","","","","","","","","","","","","","","","","","","","","","","","","","100.429466247559","104.510192871094","97.7526397705078","100.200538635254","101.863677978516","97.3387908935547","","",
"United States","USA","Trained teachers in preprimary education, male (% of male teachers)","SE.PRE.TCAQ.MA.ZS","","","","","","","","","","","","","","","","","","","","","","","","","","","","","","","","","","","","","","","","","","","","","","","","","","","","","","","100","100","100","100","100","100","100","100","100","100","",
"United States","USA","School enrollment, preprimary (% gross)","SE.PRE.ENRR","","","","","","","","","","","","37.8958206176758","37.7494010925293","","42.8341407775879","","51.7631912231445","50.616569519043","48.3382186889648","48.2015495300293","48.5948905944824","52.4450492858887","52.711540222168","54.6056518554688","56.6238288879395","57.3140106201172","61.1959190368652","62.044189453125","61.6954307556152","60.4845008850098","60.959789276123","65.0517883300781","","","","69.5888900756836","71.1154403686523","","","","","","","","","70.5173263549805","","","","","","","","71.5239562988281","64.7829437255859","72.0273590087891","71.937370300293","72.93408203125","72.1459197998047","72.2141723632813","72.3956832885742","","","","",
"United States","USA","Female primary school age children out-of-school (%)","SE.LPV.PRIM.SD.FE","","","","","","","","","","","","","","","","","","","","","","","","","","","","","","","","","","","","","","","","","","4.48806762695312","","","","","4.48806762695312","","","","","4.48806762695312","","","","","4.48806762695312","","","","","4.48806762695312","","","",
"United States","USA","Female pupils below minimum reading proficiency at end of primary (%). Low GAML threshold","SE.LPV.PRIM.LD.FE","","","","","","","","","","","","","","","","","","","","","","","","","","","","","","","","","","","","","","","","","","3.78636169433593","","","","","2.88156366348266","","","","","1.88325047492981","","","","","3.21235656738281","","","","","4.71853637695312","","","",
"United States","USA","School enrollment, tertiary (gross), gender parity index (GPI)","SE.ENR.TERT.FM.ZS","","","","","","","","","","","","","","","","","","","","","","","","","","","","","","","","","","","","","","","","","","","","","","1.29685997962952","","","","","","","","1.27189004421234","1.26513004302978","1.26267004013062","1.25643002986908","1.26481997966766","1.26827001571655","1.27759003639221","1.29252004623413","1.32444000244141","1.31957995891571","","",
"United States","USA","Compulsory education, duration (years)","SE.COM.DURS","","","","","","","","","","","","","","","","","","","","","","","","","","","","","","","","","","","","","","","12","12","12","12","12","12","12","12","12","12","12","12","12","12","12","12","12","12","12","12","12","12","12","12","12","12","12",
"United States","USA","Literacy rate, youth total (% of people ages 15-24)","SE.ADT.1524.LT.ZS","","","","","","","","","","","","","","","","","","","","","","","","","","","","","","","","","","","","","","","","","","","","","","","","","","","","","","","","","","","","","","","","","",
"United States","USA","Regulatory Quality: Standard Error","RQ.STD.ERR","","","","","","","","","","","","","","","","","","","","","","","","","","","","","","","","","","","","","0.277094334363937","","0.271897494792938","","0.234316274523735","","0.226819545030594","0.198074474930763","0.212868943810463","0.172733083367348","0.209378689527512","0.224799990653992","0.23062364757061","0.223585292696953","0.235530734062195","0.218365117907524","0.225645676255226","0.222408786416054","0.228099748492241","0.218712881207466","0.227201536297798","0.220852062106133","0.222046479582787","0.220609843730927","0.233886927366257","0.231103107333183","0.234129175543785","0.237621799111366","",
"United States","USA","Regulatory Quality: Number of Sources","RQ.NO.SRC","","","","","","","","","","","","","","","","","","","","","","","","","","","","","","","","","","","","","6","","6","","6","","6","6","6","6","7","7","7","7","7","8","8","8","8","8","8","8","8","8","7","7","7","7","",
"United States","USA","Rule of Law: Percentile Rank, Lower Bound of 90% Confidence Interval","RL.PER.RNK.LOWER","","","","","","","","","","","","","","","","","","","","","","","","","","","","","","","","","","","","","86.4321594238281","","88.5","","88.5572128295898","","85.572135925293","87.0646743774414","85.0961532592773","88.0382766723633","89.4736862182617","89.4736862182617","89.4230804443359","88.1516571044922","88.6255950927734","88.7323913574219","88.7323913574219","87.3239440917969","86.0576934814453","87.1428604125977","87.1428604125977","87.6190490722656","85.7142868041992","85.2380981445312","83.3333358764648","84.2857131958008","83.0188674926758","83.0188674926758","",
"United States","USA","Real effective exchange rate index (2010 = 100)","PX.REX.REER","","","","","","","","","","","","","","","","","","","","","105.84601112715","116.691049059308","130.525873378171","136.64056027251","145.060796018877","150.19133949702","126.112167723838","113.525019031306","107.336563169483","110.995183081433","105.836118290294","104.373801724184","101.788372061226","104.75318192143","104.194887358493","100.742242064004","103.745583868398","108.866198709291","116.718160994891","115.566006483164","119.465259420059","126.228929692511","125.920844807252","117.997225890662","112.401325377622","110.83977564052","109.925456825765","104.891645861596","100.441621344524","104.696411922686","100","95.0084454219327","97.3697791007469","97.5558051782139","99.1953900937493","109.905347410477","114.56772984382","114.338245125073","113.207564553279","116.451604347895","118.007777840361","115.629445088205","126.769587154704","127.551852825193","130.597031540251",
"United States","USA","Political Stability and Absence of Violence/Terrorism: Percentile Rank","PV.PER.RNK","","","","","","","","","","","","","","","","","","","","","","","","","","","","","","","","","","","","","77.6595764160156","","76.5957412719727","","82.539680480957","","53.9682540893555","46.7336692810059","37.3786392211914","43.6893196105957","60.8695640563965","57.0048294067383","66.8269195556641","61.6113739013672","60.6635055541992","64.4549789428711","66.3507080078125","66.8246459960938","65.7142868041992","66.6666641235352","59.0476188659668","55.7142868041992","58.9622650146484","52.3584899902344","47.6415100097656","46.698112487793","46.2264137268066","47.3933639526367","",
"United States","USA","Coverage of social insurance programs in 4th quintile (% of population)","per_si_allsi.cov_q4_tot","","","","","","","","","","","","","","","","","","","","","","","","","","","","","","","","","","","","","","","","","","","","","","","","","","","","","","","","","","","","","","","","","",
"United States","USA","Coverage of social insurance programs (% of population)","per_si_allsi.cov_pop_tot","","","","","","","","","","","","","","","","","","","","","","","","","","","","","","","","","","","","","","","","","","","","","","","","","","","","","","","","","","","","","","","","","",
"United States","USA","Coverage of social safety net programs in 4th quintile (% of population)","per_sa_allsa.cov_q4_tot","","","","","","","","","","","","","","","","","","","","","","","","","","","","","","","","","","","","","","","","","","","","","","","","","","","","","","","","","","","","","","","","","",
"United States","USA","Coverage of social safety net programs (% of population)","per_sa_allsa.cov_pop_tot","","","","","","","","","","","","","","","","","","","","","","","","","","","","","","","","","","","","","","","","","","","","","","","","","","","","","","","","","","","","","","","","","",
"United States","USA","Urban land area (sq. km)","AG.LND.TOTL.UR.K2","","","","","","","","","","","","","","","","","","","","","","","","","","","","","","","145961.87923442","","","","","","","","","","165933.172326772","","","","","","","","","","","","","","","186573.446684379","","","","","","","","","",
"United States","USA","Agricultural irrigated land (% of total agricultural land)","AG.LND.IRIG.AG.ZS","","","","","","","","","","","","","","","","","","","","","","","","","","","","","","","","","","","","","","","","","","","5.41901497104565","","","","","5.54815994667411","5.35792418823187","","","","5.34075736718487","","","","","5.49528625992559","","","","","","5.10106306843818","",
"United States","USA","Urban land area where elevation is below 5 meters (% of total land area)","AG.LND.EL5M.UR.ZS","","","","","","","","","","","","","","","","","","","","","","","","","","","","","","","0.0425587831465334","","","","","","","","","","0.0480923242839294","","","","","","","","","","","","","","","0.0550514086317826","","","","","","","","","",
"United States","USA","Permanent cropland (% of land area)","AG.LND.CROP.ZS","","0.205154296994419","0.207010402927843","0.204062469974757","0.204499200782622","0.204499200782622","0.201442085127569","0.198712517578415","0.195982950029261","0.193253382480107","0.192707468970276","0.192161555460445","0.191615641950614","0.191069728440784","0.190632997632919","0.190632997632919","0.190632997632919","0.190087084123088","0.204062469974757","0.204062469974757","0.204062469974757","0.204062469974757","0.222077615799174","0.222077615799174","0.222077615799174","0.222077615799174","0.222077615799174","0.222077615799174","0.222077615799174","0.227143693170404","0.232209770541634","0.237275847912863","0.242341925284093","0.247408002655323","0.252474080026553","0.257540157397783","0.262606234769013","0.267672312140243","0.272738389511473","0.277804466882703","0.282779155460864","0.287843596102127","0.297972477384653","0.29859734640774","0.294991442841675","0.293999620166952","0.284566990325172","0.293753492717684","0.294858550279751","0.298835409328532","0.300939718521725","0.302323168718611","0.30653331759119","0.310017141445347","0.310361172877161","0.316121922902851","0.325333700650019","0.328941275244823","0.327012097400141","0.334837582618924","0.340161488157317","0.345791490934056","0.347628074364138","0.346611394251057","",
"United States","USA","Arable land (hectares)","AG.LND.ARBL.HA","","180630000","177095000","179574000","177966000","177000000","175705000","174487000","181000000","189244000","188735000","188140000","187545000","187050000","186472000","186472000","186472000","186552000","188755000","188755000","188755000","188755000","187765000","187765000","187765000","187765000","187765000","185742000","185742000","185695600","185649200","185602800","183960400","182682000","181826600","181780200","178900800","177640400","176784000","175523600","175477200","175462800","172977000","170725875","168513512","166277199","164118220","161788654","160428347.1","159037511.2","157663804.3","156296691.4","154903721.5","155417671.4","155960342.3","156453464.2","156915018.1","157427836","156304948","155092830","153903595","152711560","151554225.1","151563525.1","",
"United States","USA","Fertilizer consumption (% of fertilizer production)","AG.CON.FERT.PT.ZS","","92.0164037466108","93.6281737949762","92.3455790533736","92.1036019937929","90.5368390178497","93.2007813696951","94.6423479188901","97.6147428250649","97.5626557421452","96.3880423079359","98.0701301968677","96.4481672565841","96.4528586717738","96.6335864929602","97.8860216234016","102.15390864636","101.21290237467","94.6439908213022","92.397805224809","91.1041279890491","104.916431168831","97.357248512484","94.5563608562691","88.4347142601218","101.709667491069","81.856343894791","77.4742971534163","75.8420794192998","79.1859362188754","76.845094565083","73.0166822721598","73.8439263277013","78.0950274725275","75.9099193019036","77.3015085785751","74.9435459940653","83.4669017808163","84.8611563454934","95.3829612934897","106.152796142604","102.811244488296","108.693413684843","130.333092149735","120.358072441266","118.474620613296","128.148694787267","117.530454171734","108.366006120962","135.382331837172","128.711119197104","131.050211207123","133.628072811301","127.151938021705","121.210477274025","123.115598940024","117.267977889103","110.404235222384","109.304071151444","104.671621177646","106.612571923877","110.002614621725","100.791156541127","100.791156541127","",
"United States","USA","Educational attainment, at least completed short-cycle tertiary, population 25+, female (%) (cumulative)","SE.TER.CUAT.ST.FE.ZS","","","","","","","","","","","18.6599998474121","","","","","22.2000007629394","","","","26.8999996185303","28.1000003814697","27.9899997711182","","","","","","","","","","","","","44.5499992370605","","","","30.7137686743796","31.6391867906237","32.399030839853","33.3034549690414","34.1997289072444","34.9652467794683","37.2099990844727","36.0099983215332","37.5999984741211","37.7020393602746","38.439998626709","39.1500015258789","39.9000015258789","40.5299987792969","41.1199989318848","42.1599998474121","42.8699989318848","43.4300003051758","44.6199989318848","45.9092200146643","46.439998626709","47.8764912274275","49.7700004577637","49.8460335455208","50.2400016784668","51.0278229630097","51.9797439409437",
"United States","USA","Educational attainment, Doctoral or equivalent, population 25+, total (%) (cumulative)","SE.TER.CUAT.DO.ZS","","","","","","","","","","","","","","","","","","","","","","","","","","","","","","","","","","","0.997052378968461","1.0303885240219","1.04421906367051","1.06590261565289","1.11743330691961","1.18148429654623","1.19623244884809","1.24374023324547","1.21860474471829","1.21714701285406","1.27856725200405","1.28765116688425","1.32658610685697","1.27864249608635","1.2782499778767","1.29188011704357","1.40273258936566","1.49665064754897","1.55506676921953","1.67999994754791","1.76999998092651","1.70000004768372","1.85000002384186","1.89880351313001","2.02999997138977","2.01936192219572","2.08999991416931","2.11829980726411","2.14000010490417","2.19523458812483","2.29690777721687",
"United States","USA","Educational attainment, at least Bachelor's or equivalent, population 25+, male (%) (cumulative)","SE.TER.CUAT.BA.MA.ZS","","","","","","","","","","","","","","","","","","","","","","","","","","","","","","","","","","","25.3827744287061","26.0272581555942","26.4018917086974","26.5907291389714","27.2142457542346","27.9626524479488","28.0953551502009","28.3383570469843","28.7901648787122","29.1991673906784","29.4430646422584","29.1710389475945","29.6425349108759","30.1227335895077","30.4290299154383","30.3829441492653","30.3928788696957","30.6959360684873","31.3215722170049","31.9500007629394","31.9099998474121","32.310001373291","33.1599998474121","31.3559093475342","34.6399993896484","35.2781102141976","36.6699981689453","33.926570892334","36.2400016784668","37.4344711303711","37.565135152789",
"United States","USA","Adolescents out of school, female (% of female lower secondary school age)","SE.SEC.UNER.LO.FE.ZS","","","","","","","","","","","","","","","","","","","","","","","","","","","","","","","","","","","","","","","","","","","","","","","","","","","","","","","","","","","","","","","0.375470012426376","","",
"United States","USA","Trained teachers in secondary education (% of total teachers)","SE.SEC.TCAQ.ZS","","","","","","","","","","","","","","","","","","","","","","","","","","","","","","","","","","","","","","","","","","","","","","","","","","","","","","","100","100","100","100","100","100","100","100","100","100","",
"United States","USA","Trained teachers in secondary education, male (% of male teachers)","SE.SEC.TCAQ.MA.ZS","","","","","","","","","","","","","","","","","","","","","","","","","","","","","","","","","","","","","","","","","","","","","","","","","","","","","","","100","100","100","100","100","100","100","100","100","100","",
"United States","USA","Trained teachers in secondary education, female (% of female teachers)","SE.SEC.TCAQ.FE.ZS","","","","","","","","","","","","","","","","","","","","","","","","","","","","","","","","","","","","","","","","","","","","","","","","","","","","","","","100","100","100","100","100","100","100","100","100","100","",
"United States","USA","School enrollment, secondary, private (% of total secondary)","SE.SEC.PRIV.ZS","","","","","","","","","","","","","","","","","","","","","","","","","","","","","","","","","","","","","","","9.63580989837646","9.65194988250732","","","","","","","","","","","","","","8.09158039093018","7.91138982772827","8.14797019958496","8.86135959625244","8.95263004302979","8.94999027252197","8.89398956298828","8.47694969177246","9.22517967224121","8.45228958129883","9.11812973022461","",
"United States","USA","School enrollment, secondary, male (% gross)","SE.SEC.ENRR.MA","","","","","","","","","","","","","","","","","","","","","","","","","","","","","","","","","","","","","","","","","","","","","","94.2021102905273","","","","","","","","96.0696334838867","96.3625335693359","97.1537170410156","99.0528335571289","99.1985168457031","99.7356567382812","100.902122497559","101.560943603516","101.046821594238","96.351806640625","","",
"United States","USA","Secondary education, vocational pupils","SE.SEC.ENRL.VO","","","","","","","","","","","","","","","","","","","","","","","","","","","","","","","","","","","","","","","","","","","","","","","","","","","","","","","","","","","","","","","","","",
"United States","USA","Secondary education, general pupils (% female)","SE.SEC.ENRL.GC.FE.ZS","","","","","","","","","","","","","","","","","","","","","","","","","","","","","","","","","","","","","","","","","","","","","","","","","","","","","","","","","48.78903","48.81884","","","","","","","",
"United States","USA","Secondary education, duration (years)","SE.SEC.DURS","","","","","","","","","","","6","6","6","6","6","6","6","6","6","6","6","6","6","6","6","6","6","6","6","6","6","6","6","6","6","6","6","6","6","6","6","6","6","6","6","6","6","6","6","6","6","6","6","6","6","6","6","6","6","6","6","6","6","6","6",
"United States","USA","Educational attainment, at least completed post-secondary, population 25+, total (%) (cumulative)","SE.SEC.CUAT.PO.ZS","","","","","","","","","","","","","","","","","","","","","","","","","","","","","","","","","","","","","","","","","","","","","","","","","","","","","","","","","","","","","","","","","",
"United States","USA","Educational attainment, at least completed lower secondary, population 25+, male (%) (cumulative)","SE.SEC.CUAT.LO.MA.ZS","","","","","","","","","","","64.4599990844727","","","","","91.129997253418","","","","92.3000030517578","92.3499984741211","92.6699981689453","","","","","","","","","","","","","90.9800033569336","95.9286164695379","96.0971327098747","96.1301764374076","96.2371034549924","96.4165840426049","96.3339430791801","96.3410219201215","96.3021729954658","96.287922900312","93.8000030517578","93.5","93.9000015258789","96.5846726381762","94.2399978637695","94.3399963378906","94.5899963378906","94.75","94.8099975585938","95","95.0800018310547","95.1800003051758","95.4599990844727","94.8094100952148","95.9800033569336","97.5718236312272","96.370002746582","95.0670928955078","96.3300018310547","96.4077911376953","97.8227377547087",
"United States","USA","Lower secondary completion rate, female (% of relevant age group)","SE.SEC.CMPT.LO.FE.ZS","","","","","","","","","","","","","","","","","","","","","","","","","","","","","","","","","","","","","","","","","","","","","","","","","","","","","","","","","","102.716148376465","106.05152130127","103.739189147949","104.176078796387","107.54955291748","100.608238220215","","",
"United States","USA","Children out of school, primary, male","SE.PRM.UNER.MA","","","","","","","","","","","","","","","","","","","","","","","","","","","","","","","","","","","","","","","","","","","","","","104076","","","","","","","","334205","","214356","36772","","64864","123016","245238","500796","517634","","",
"United States","USA","Adjusted net enrollment rate, primary, male (% of primary school age children)","SE.PRM.TENR.MA","","","","","","","","","","","","","","","","","","","","","","","","","","","","","","","","","","","","","","","","","","","","","","99.1522","","","","","97.58749","95.8711","97.51406","97.73349","97.67179","94.21559","99.70812","95.60171","","","","","","","",
"United States","USA","Primary education, teachers","SE.PRM.TCHR","","","","","","","","","","","","","","","","","","","","","","","","","1415000","1414000","1425000","","","","","","","1427387","1442913","1473053","1499697","","1575104","","","","","","","","","","","","","","","","1687937","1714415","1757073.375","1769451","1752938.875","1696753","1694633.5","1762360","1774348.25","1779956.125","",
"United States","USA","Repeaters, primary, total (% of total enrollment)","SE.PRM.REPT.ZS","","","","","","","","","","","","","","","","","","","","","","","","","","","","","","","","","","","","","","","","","","","","","","","","","","","","","","","","","","1.60894","","","","","","","",
"United States","USA","Persistence to last grade of primary, male (% of cohort)","SE.PRM.PRSL.MA.ZS","","","","","","","","","","","","","","","","","","","","","","","","","","","","","","","","","","","","","","","","","","","","","","","","","","","","","","","","","","","","","","","","","",
"United States","USA","Persistence to grade 5, female (% of cohort)","SE.PRM.PRS5.FE.ZS","","","","","","","","","","","","","","","","","","","","","","","","","","","","","","","","","","","","","","","","","","","","","","","","","","","","","","","","","","","","90.7231521606445","","","","","",
"United States","USA","Over-age students, primary, female (% of female enrollment)","SE.PRM.OENR.FE.ZS","","","","","","","","","","","","","","","","","","","","","","","","","","","4.6599","3.8643","","","5.01799","4.42152","","4.95616","4.60756","4.84304","5.27661","","","","","","","","","4.7874","","","","","5.45159","5.65067","4.86057","5.33042","4.83562","4.99298","5.65673","5.11844","","","","","","","",
"United States","USA","School enrollment, primary, male (% net)","SE.PRM.NENR.MA","","","","","","","","","","","","","","","","","","","","","","","","","","","","","","","","","","","","","","","","","","","","","","94.16765","","","","","93.23588","91.84373","92.94052","92.87408","92.897","93.49589","95.28074","94.6724","","","","","","","",
"United States","USA","Gross intake ratio in first grade of primary education, male (% of relevant age group)","SE.PRM.GINT.MA.ZS","","","","","","","","","","","","","","","","","","","","","","","","","","","","","","","","","","","","","","","","","","","","","","109.49924","","","","","104.46578","100.52597","104.9813","102.58933","102.2777","101.793","","","","","","","","","",
"United States","USA","School enrollment, primary (% gross)","SE.PRM.ENRR","","","","","","","","","","","","","","","","","","","","","","","","","","","","","","","","","","","","","","","","","","","","","","101.8740234375","","","","","","","","99.455436706543","99.6733779907227","100.299911499023","101.362861633301","101.821441650391","101.256561279297","100.981300354004","100.305793762207","98.3054885864258","96.9717330932617","","",
"United States","USA","Primary education, duration (years)","SE.PRM.DURS","","","","","","","","","","","6","6","6","6","6","6","6","6","6","6","6","6","6","6","6","6","6","6","6","6","6","6","6","6","6","6","6","6","6","6","6","6","6","6","6","6","6","6","6","6","6","6","6","6","6","6","6","6","6","6","6","6","6","6","6",
"United States","USA","Primary completion rate, total (% of relevant age group)","SE.PRM.CMPT.ZS","","","","","","","","","","","","","","","","","","","","","","","","","","","","","","","","","","","","","","","","","","","","","","","","","","","","","","","","","","98.8321990966797","100.092697143555","100.489051818848","100.923667907715","101.091278076172","95.743522644043","","",
"United States","USA","Trained teachers in preprimary education (% of total teachers)","SE.PRE.TCAQ.ZS","","","","","","","","","","","","","","","","","","","","","","","","","","","","","","","","","","","","","","","","","","","","","","","","","","","","","","","100","100","100","100","100","100","100","100","100","100","",
"United States","USA","School enrollment, preprimary, female (% gross)","SE.PRE.ENRR.FE","","","","","","","","","","","","","","","","","","","","","","51.1839294433594","51.3566513061523","55.2304496765137","","","62.1956214904785","61.0014686584473","58.8904304504395","59.977180480957","59.9421195983887","64.0547332763672","","","","67.9955673217773","70.5953063964844","","","","","","","","","69.3330383300781","","","","","","","","71.4453887939453","65.3992919921875","71.3406677246094","71.7789611816406","73.1509704589844","72.7014923095703","71.344856262207","72.5665130615234","","","","",
"United States","USA","Male primary school age children out-of-school (%)","SE.LPV.PRIM.SD.MA","","","","","","","","","","","","","","","","","","","","","","","","","","","","","","","","","","","","","","","","","","4.3982925415039","","","","","4.3982925415039","","","","","4.3982925415039","","","","","4.3982925415039","","","","","4.3982925415039","","","",
"United States","USA","Male pupils below minimum reading proficiency at end of primary (%). Low GAML threshold","SE.LPV.PRIM.LD.MA","","","","","","","","","","","","","","","","","","","","","","","","","","","","","","","","","","","","","","","","","","8.30214214324951","","","","","5.2212529182434","","","","","3.10006284713745","","","","","4.58726930618286","","","","","6.25874423980712","","","",
"United States","USA","Learning poverty: Share of Children at the End-of-Primary age below minimum reading proficiency adjusted by Out-of-School Children (%)","SE.LPV.PRIM","","","","","","","","","","","","","","","","","","","","","","","","","","","","","","","","","","","","","","","","","","10.188796043396","","","","","8.3004674911499","","","","","6.81459426879882","","","","","8.17464733123779","","","","","9.69157028198242","","","",
"United States","USA","School enrollment, primary (gross), gender parity index (GPI)","SE.ENR.PRIM.FM.ZS","","","","","","","","","","","","","","","","","","","","","","1.02197003364563","1.01301002502441","0.995130002498627","1.00894999504089","1.01609003543854","1.01294994354248","0.995589971542358","","","0.994329988956451","0.982110023498535","","0.980449974536896","0.99031001329422","0.9896399974823","0.987649977207184","","1.0255800485611","1.02755999565125","","","","","","0.989250004291534","","","","","","","","0.991720020771027","0.996640026569366","0.999750018119812","0.998329997062683","0.99234002828598","0.998839974403381","1.00705003738403","0.995100021362305","","","","",
"United States","USA","Literacy rate, adult female (% of females ages 15 and above)","SE.ADT.LITR.FE.ZS","","","","","","","","","","","","","","","","","","","","","","","","","","","","","","","","","","","","","","","","","","","","","","","","","","","","","","","","","","","","","","","","","",
"United States","USA","Literacy rate, youth female (% of females ages 15-24)","SE.ADT.1524.LT.FE.ZS","","","","","","","","","","","","","","","","","","","","","","","","","","","","","","","","","","","","","","","","","","","","","","","","","","","","","","","","","","","","","","","","","",
"United States","USA","Regulatory Quality: Percentile Rank","RQ.PER.RNK","","","","","","","","","","","","","","","","","","","","","","","","","","","","","","","","","","","","","95.6521759033203","","95.1086959838867","","95.1086959838867","","93.5135116577148","92.4324340820312","92.5373153686523","95.5882339477539","95.5882339477539","92.2330093383789","93.2038803100586","89.9521560668945","91.8660278320312","91.9431304931641","87.6777267456055","86.7298583984375","88.9423065185547","85.2380981445312","91.9047622680664","92.8571395874023","92.8571395874023","89.0476226806641","87.1428604125977","90.476188659668","91.0377349853516","90.5660400390625","",
"United States","USA","Rule of Law: Percentile Rank, Upper Bound of 90% Confidence Interval","RL.PER.RNK.UPPER","","","","","","","","","","","","","","","","","","","","","","","","","","","","","","","","","","","","","97.487434387207","","98.5","","99.0049743652344","","96.0198974609375","97.0149230957031","94.711540222168","96.172248840332","97.1291885375977","97.6076583862305","97.5961532592773","97.6303329467773","98.1042633056641","97.1830978393555","97.6525802612305","96.2441329956055","94.2307662963867","96.1904754638672","97.1428604125977","98.0952377319336","94.7619018554688","92.8571395874023","91.4285736083984","93.3333358764648","92.9245300292969","92.9245300292969","",
"United States","USA","Rule of Law: Estimate","RL.EST","","","","","","","","","","","","","","","","","","","","","","","","","","","","","","","","","","","","","1.5002189874649","","1.56696021556854","","1.56463289260864","","1.51690554618835","1.55444955825806","1.41830444335938","1.5282701253891","1.59266018867493","1.61114573478699","1.62871420383453","1.59132015705109","1.63102221488953","1.59098601341248","1.62034177780151","1.54942762851715","1.60697412490845","1.56301236152649","1.58059740066528","1.60897934436798","1.47568726539612","1.4241726398468","1.33649373054504","1.38915693759918","1.36920201778412","1.3276778459549","",
"United States","USA","Arable land (hectares per person)","AG.LND.ARBL.HA.PC","","0.98333614602784","0.949377606707481","0.948911975142939","0.927442427653487","0.910948364152895","0.893900081400081","0.878089898949233","0.901816587446315","0.933722129299329","0.920425062910871","0.905995829741743","0.893513930708541","0.882690211364312","0.871959374152459","0.863404221824024","0.85523883780127","0.847043439172898","0.848013118583912","0.838706094065895","0.830696446253713","0.82258373789581","0.810505732440086","0.803128421845059","0.796204812890915","0.789180578672181","0.781920852194409","0.766613424464173","0.759684088687479","0.752355369724373","0.743718327237474","0.733663002359861","0.717155398925595","0.70284203925069","0.691024832209664","0.68267074260735","0.664086059823159","0.651516007291212","0.640860745176796","0.629026662844037","0.621901405570283","0.615726018295572","0.601397249649129","0.588490887631122","0.575513876118457","0.562666190537744","0.550031062412807","0.537091278195489","0.527561757341808","0.51842330909398","0.509615061889924","0.50120883001398","0.492791771665669","0.490700267810424","0.488509472727913","0.486159456130714","0.483778024607362","0.482007612971402","0.475771312364975","0.469656306250927","0.464155417318148","0.459836405783612","0.453731634773515","0.450002141142098","",
"United States","USA","Fertilizer consumption (kilograms per hectare of arable land)","AG.CON.FERT.ZS","","41.3342800199302","46.7255314943957","51.0648312116453","55.0294775406538","61.038197740113","69.2435047380553","76.2348025927433","76.8567790055249","76.1347942338991","80.6353246615625","82.87535877538","85.7231331147191","91.5438438920075","88.7037785833798","95.6487408297224","105.194881805311","102.81232578584","104.885327540992","110.179322402056","112.830981960743","106.99802919128","93.2429046946982","98.8041328256065","105.161787340559","98.559763534205","93.1496551540489","94.8042607487806","95.6284254503559","98.8163262888297","100.455784350269","100.837034786113","102.869873081381","108.924869445266","108.124498835704","108.807983487751","112.938455278009","113.831842306142","112.339832790298","111.76106233008","108.683783420296","110.090851166173","111.881758846552","124.193734546682","119.232195457418","115.91132828741","126.579395023904","120.375258205684","99.9728619656146","118.956904300449","124.742074360818","130.282137245549","134.988067410634","135.673477861669","128.08924823705","129.184330326896","128.040032389991","127.967235730789","130.337684511433","130.085491379582","134.602541285667","130.586361634967","127.804790577231","127.796948422916","",
"United States","USA","Trained teachers in upper secondary education, female (% of female teachers)","SE.SEC.TCAQ.UP.FE.ZS","","","","","","","","","","","","","","","","","","","","","","","","","","","","","","","","","","","","","","","","","","","","","","","","","","","","","","","100","100","100","100","100","100","100","100","100","100","",
"United States","USA","Trained teachers in lower secondary education, female (% of female teachers)","SE.SEC.TCAQ.LO.FE.ZS","","","","","","","","","","","","","","","","","","","","","","","","","","","","","","","","","","","","","","","","","","","","","","","","","","","","","","","100","100","100","100","100","100","100","100","100","100","",
"United States","USA","Progression to secondary school, female (%)","SE.SEC.PROG.FE.ZS","","","","","","","","","","","","","","","","","","","","","","","","","","","","","","","","","","","","","","","","","","","","","","","","","","","","","","","","","98.43563","","","","","","","","",
"United States","USA","School enrollment, secondary (% net)","SE.SEC.NENR","","","","","","","","","","","","","","","","","","","","","","","","","","","","","","","","","","","","","","","","","","","","","","89.34377","","","","","88.38466","89.75284","89.29903","89.46575","89.86874","91.27156","92.18317","92.45022","","","","","","","",
"United States","USA","Secondary education, vocational pupils (% female)","SE.SEC.ENRL.VO.FE.ZS","","","","","","","","","","","","","","","","","","","","","","","","","","","","","","","","","","","","","","","","","","","","","","","","","","","","","","","","","","","","","","","","","",
"United States","USA","Pupil-teacher ratio, lower secondary","SE.SEC.ENRL.LO.TC.ZS","","","","","","","","","","","","","","","","","","","","","","","","","","","","","","","","","","","","","","","","","","","","","","","","","","","","","","","14.79886","14.70835","","14.54548","","","","","","","",
"United States","USA","Secondary education, pupils","SE.SEC.ENRL","","","","","","","","","","","","","","","","","","","","","","","","","","","","","","","","","","","","","","","","","","","","","","","","","","","","","","","24229776","24417186","24707908","24787964","24871356","25014234","25183458","25432932","25199710","25345304","",
"United States","USA","Educational attainment, at least completed upper secondary, population 25+, female (%) (cumulative)","SE.SEC.CUAT.UP.FE.ZS","","","","","","","","","","","","","","","","","","","","","","","","","","","","","","","","","","","88.9700630376479","89.4073215105582","89.5705602452526","90.1214450718549","90.3684974111684","90.8252480900612","90.9064176079227","91.2186015385933","91.5402577482273","91.702321268806","86.3399963378906","85.4400024414062","86.4100036621094","92.7727550009282","87.2300033569336","87.129997253418","87.6600036621094","88.0500030517578","88.0400009155273","88.620002746582","88.8600006103516","88.7600021362305","89.5999984741211","90.2641983032227","90.1600036621094","94.7953141834262","91.3000030517578","91.8721466064453","91.75","91.8989028930664","95.6374751747693",
"United States","USA","Educational attainment, at least completed lower secondary, population 25+, total (%) (cumulative)","SE.SEC.CUAT.LO.ZS","","","","","","","","","","","65.6800003051758","","","","","91.7900009155273","","","","92.7200012207031","92.6999969482422","92.9899978637695","","","","","","","","","89.620002746582","","","","91.1800003051758","96.1122079978371","96.2169714927804","96.2803242166913","96.3092203284396","96.4440041844745","96.414456836403","96.454615955618","96.4470861085587","96.487135950704","94.0400009155273","93.6999969482422","94.1900024414062","96.783834574041","94.4899978637695","94.5400009155273","94.7699966430664","94.9000015258789","94.9800033569336","95.1999969482422","95.2600021362305","95.3300018310547","95.5899963378906","94.9176025390625","96.0299987792969","97.6129471753246","96.4599990844727","95.2501678466797","96.4899978637695","96.503532409668","97.8982095872594",
"United States","USA","Lower secondary completion rate, male (% of relevant age group)","SE.SEC.CMPT.LO.MA.ZS","","","","","","","","","","","","","","","","","","","","","","","","","","","","","","","","","","","","","","","","","","","","","","","","","","","","","","","","","","106.90412902832","100.820587158203","103.090782165527","103.529457092285","99.4836196899414","102.071998596191","","",
"United States","USA","Children out of school, male (% of male primary school age)","SE.PRM.UNER.MA.ZS","","","","","","","","","","","","","","","","","","","","","","","","","","","","","","","","","","","","","","","","","","","","","","0.847800016403198","","","","","","","","2.66526007652283","","1.69895005226135","0.291880011558533","","0.515320003032684","0.98131000995636","1.96835994720459","4.02901983261108","4.1700701713562","","",
"United States","USA","Children out of school, primary","SE.PRM.UNER","","","","","","","","","","","","","","","","","","","","","","","","","","","","","","","","","","","","","","","","","","","","","","135557","","","","","","","","711515","","446256","88850","104711","141533","224977","489065","996160","965853","","",
"United States","USA","Primary education, teachers (% female)","SE.PRM.TCHR.FE.ZS","","","","","","","","","","","","","","","","","","","","","","","","","","","","","","","","","","86.4923782348633","86.4791564941406","86.4824295043945","86.4823989868164","","86.4726409912109","","","","","","","","","","","","","","","","87.1596984863281","87.1478576660156","87.0955810546875","87.0723724365234","87.0728225708008","86.7927703857422","86.7921829223633","87.4555587768555","87.4559097290039","87.4554214477539","",
"United States","USA","Trained teachers in primary education, female (% of female teachers)","SE.PRM.TCAQ.FE.ZS","","","","","","","","","","","","","","","","","","","","","","","","","","","","","","","","","","","","","","","","","","","","","","","","","","","","","","","100","100","100","100","100","100","100","100","100","100","",
"United States","USA","Persistence to last grade of primary, total (% of cohort)","SE.PRM.PRSL.ZS","","","","","","","","","","","","","","","","","","","","","","","","","","","","","","","","","","","","","","","","","","","","","","","","","","","","","","","","","","","","90.5549087524414","87.1035003662109","","","","",
"United States","USA","Persistence to grade 5, male (% of cohort)","SE.PRM.PRS5.MA.ZS","","","","","","","","","","","","","","","","","","","","","","","","","","","","","","","","","","","","","","","","","","","","","","","","","","","","","","","","","","","","96.1525573730469","","","","","",
"United States","USA","Over-age students, primary, male (% of male enrollment)","SE.PRM.OENR.MA.ZS","","","","","","","","","","","","","","","","","","","","","","","","","","","5.96295","6.02897","","","6.5396","6.28186","","6.66108","6.40715","6.28326","6.808","","","","","","","","","7.10182","","","","","6.49249","6.3192","6.15881","6.19525","6.05834","5.88137","5.48341","6.47329","","","","","","","",
"United States","USA","Net intake rate in grade 1, female (% of official school-age population)","SE.PRM.NINT.FE.ZS","","","","","","","","","","","","","","","","","","","","","","","","","","","","","","","","","","","","","","","","","","","","","","76.53075","","","","","75.61275","","","72.81169","74.45857","75.42676","","","","","","","","","",
"United States","USA","Gross intake ratio in first grade of primary education, total (% of relevant age group)","SE.PRM.GINT.ZS","","","","","","","","","","","","","","","","","","","","","","","","","","","","","","","","","","","","","","","","","","","","","","108.1743","","","","","102.98046","101.76131","101.27373","101.04554","102.13492","102.81369","","","","","","","","","",
"United States","USA","School enrollment, primary, female (% gross)","SE.PRM.ENRR.FE","","","","","","","","","","","","","","","","","","","","","","","","","","","","","","","","","","","","","","","","","","","","","","101.310600280762","","","","","","","","99.0333786010742","99.502082824707","100.287261962891","101.276412963867","101.421997070312","101.19637298584","101.343742370605","100.054336547852","98.0067672729492","96.9851684570312","","",
"United States","USA","Primary education, pupils","SE.PRM.ENRL","","","","","","","","","","","","","","","","","","","","","","","","","","","","","","","","","","","","","","","","","","","","","","","","","","","","","","","24538372","24785698","25019052","25123678","24957956","24786460","24465918","23913326","23519714","23832746","",
"United States","USA","Educational attainment, at least completed primary, population 25+ years, female (%) (cumulative)","SE.PRM.CUAT.FE.ZS","","","","","","","","","","","95.0299987792969","","","","","","","","","","96.6399993896484","","","","","","","","","","","","","","99.41794720858","99.4459762294188","99.4293543003132","99.4703041528761","99.4754217206938","99.4878025651305","99.5083166594998","99.4881616792628","99.5175579529569","99.516135815","98.7099990844727","98.5","98.6399993896484","99.5919414269084","98.7300033569336","98.620002746582","98.7099990844727","98.6999969482422","98.8300018310547","98.870002746582","98.7699966430664","98.7699966430664","98.9000015258789","97.5888366699219","98.9899978637695","99.6304454121311","99.0899963378906","97.3503875732422","99.0999984741211","99.0356292724609","99.6526283310203",
"United States","USA","Primary school starting age (years)","SE.PRM.AGES","","","","","","","","","","","6","6","6","6","6","6","6","6","6","6","6","6","6","6","6","6","6","6","6","6","6","6","6","6","6","6","6","6","6","6","6","6","6","6","6","6","6","6","6","6","6","6","6","6","6","6","6","6","6","6","6","6","6","6","6",
"United States","USA","School enrollment, preprimary, male (% gross)","SE.PRE.ENRR.MA","","","","","","","","","","","","","","","","","","","","","","53.6375885009766","53.9903793334961","54.0178909301758","","","60.2517395019531","63.0343818664551","64.3721237182617","60.9702301025391","61.9328689575195","66.0038070678711","","","","71.108642578125","71.6112594604492","","","","","","","","","71.6500091552734","","","","","","","","71.5992813110352","64.1919021606445","72.68505859375","72.0889587402344","72.7267074584961","71.6148834228516","73.0449981689453","72.2323837280273","","","","",
"United States","USA","Preprimary education, duration (years)","SE.PRE.DURS","","","","","","","","","","","","","","","","","","","","","","","","","","","","","","","","","","","","","","","","","","","","","","","","","","","","","","","","","","","","","","","","","",
"United States","USA","Learning poverty: Share of Male Children at the End-of-Primary age below minimum reading proficiency adjusted by Out-of-School Children (%)","SE.LPV.PRIM.MA","","","","","","","","","","","","","","","","","","","","","","","","","","","","","","","","","","","","","","","","","","12.3352823257446","","","","","9.38989925384521","","","","","7.3620057106018","","","","","8.78380012512207","","","","","10.3817586898803","","","",
"United States","USA","Learning poverty: Share of Female Children at the End-of-Primary age below minimum reading proficiency adjusted by Out-of-School Children (%)","SE.LPV.PRIM.FE","","","","","","","","","","","","","","","","","","","","","","","","","","","","","","","","","","","","","","","","","","8.10449504852294","","","","","7.24030494689941","","","","","6.28679656982421","","","","","7.5562515258789","","","","","8.99483299255371","","","",
"United States","USA","School enrollment, primary and secondary (gross), gender parity index (GPI)","SE.ENR.PRSC.FM.ZS","","","","","","","","","","","","","","","","","","","","","","1.03886997699738","1.03232002258301","1.02068996429443","1.02276003360748","1.02069997787476","1.0229400396347","1.01155996322632","","","0.997739970684052","0.99838000535965","","0.988919973373413","0.991439998149872","1.00136005878448","0.993629992008209","","1.03120994567871","","","","","","","1.00387001037598","","","","","","","","0.997099995613098","1.00423002243042","1.00507998466492","0.996259987354279","0.993629992008209","0.994700014591217","0.994910001754761","0.986829996109009","","","","",
"United States","USA","Literacy rate, adult male (% of males ages 15 and above)","SE.ADT.LITR.MA.ZS","","","","","","","","","","","","","","","","","","","","","","","","","","","","","","","","","","","","","","","","","","","","","","","","","","","","","","","","","","","","","","","","","",
"United States","USA","Literacy rate, youth (ages 15-24), gender parity index (GPI)","SE.ADT.1524.LT.FM.ZS","","","","","","","","","","","","","","","","","","","","","","","","","","","","","","","","","","","","","","","","","","","","","","","","","","","","","","","","","","","","","","","","","",
"United States","USA","Regulatory Quality: Percentile Rank, Lower Bound of 90% Confidence Interval","RQ.PER.RNK.LOWER","","","","","","","","","","","","","","","","","","","","","","","","","","","","","","","","","","","","","83.6956558227539","","85.8695678710938","","89.1304321289062","","83.2432403564453","86.4864883422852","85.0746231079102","88.7254867553711","88.2352905273438","83.980583190918","84.4660186767578","79.9043045043945","81.339714050293","81.5165863037109","77.2511825561523","77.2511825561523","79.3269195556641","77.1428604125977","83.8095245361328","86.6666641235352","86.1904754638672","78.5714263916016","76.1904754638672","82.8571395874023","82.0754699707031","81.6037750244141","",
"United States","USA","Rule of Law: Standard Error","RL.STD.ERR","","","","","","","","","","","","","","","","","","","","","","","","","","","","","","","","","","","","","0.194236099720001","","0.197575494647026","","0.162823542952538","","0.183130890130997","0.181739091873169","0.17413891851902","0.170602709054947","0.154648810625076","0.155581817030907","0.155537724494934","0.15252773463726","0.153225734829903","0.140881970524788","0.15003290772438","0.151717498898506","0.162556931376457","0.157724618911743","0.168882682919502","0.1595149487257","0.152668565511703","0.155571430921555","0.149434179067612","0.159911647439003","0.167438387870789","0.168169617652893","",
"United States","USA","Rule of Law: Number of Sources","RL.NO.SRC","","","","","","","","","","","","","","","","","","","","","","","","","","","","","","","","","","","","","8","","8","","8","","8","8","8","8","12","12","12","13","13","14","14","13","12","12","11","11","11","11","10","10","10","10","",
"United States","USA","Political Stability and Absence of Violence/Terrorism: Percentile Rank, Upper Bound of 90% Confidence Interval","PV.PER.RNK.UPPER","","","","","","","","","","","","","","","","","","","","","","","","","","","","","","","","","","","","","100","","98.4042587280273","","98.4126968383789","","71.4285736083984","63.8190956115723","52.9126205444336","56.7961158752441","74.8792266845703","72.4637680053711","80.288459777832","76.3033142089844","74.8815155029297","81.0426559448242","81.9905242919922","81.9905242919922","76.6666641235352","82.3809509277344","70.9523773193359","65.7142868041992","69.3396224975586","60.8490562438965","56.6037750244141","57.0754699707031","56.1320762634277","55.9241714477539","",
"United States","USA","Political Stability and Absence of Violence/Terrorism: Estimate","PV.EST","","","","","","","","","","","","","","","","","","","","","","","","","","","","","","","","","","","","","0.935005784034729","","0.879612982273102","","1.08280909061432","","0.285476922988892","0.0804403498768806","-0.233039826154709","-0.0605432577431202","0.49083548784256","0.374478042125702","0.582659542560577","0.447313606739044","0.438403934240341","0.591247260570526","0.632442116737366","0.643072605133057","0.582419633865356","0.662890195846558","0.385635316371918","0.262138307094574","0.38623908162117","0.118298575282097","-0.0278997328132391","-0.0144246527925134","0.00870068650692701","0.029424749314785","",
"United States","USA","Coverage of social insurance programs in 2nd quintile (% of population)","per_si_allsi.cov_q2_tot","","","","","","","","","","","","","","","","","","","","","","","","","","","","","","","","","","","","","","","","","","","","","","","","","","","","","","","","","","","","","","","","","",
"United States","USA","Adequacy of social insurance programs (% of total welfare of beneficiary households)","per_si_allsi.adq_pop_tot","","","","","","","","","","","","","","","","","","","","","","","","","","","","","","","","","","","","","","","","","","","","","","","","","","","","","","","","","","","","","","","","","",
"United States","USA","Coverage of social safety net programs in 2nd quintile (% of population)","per_sa_allsa.cov_q2_tot","","","","","","","","","","","","","","","","","","","","","","","","","","","","","","","","","","","","","","","","","","","","","","","","","","","","","","","","","","","","","","","","","",
"United States","USA","Current education expenditure, tertiary (% of total expenditure in tertiary public institutions)","SE.XPD.CTER.ZS","","","","","","","","","","","","","","","","","","","","","","","","","","","","","","","","","","","","","","","","","","","","","","","","","","","","","","","","90.0581512451172","95.3379135131836","90.2927169799805","90.9182434082031","91.1174087524414","91.3971633911133","91.7032165527344","","","",
"United States","USA","School enrollment, tertiary, male (% gross)","SE.TER.ENRR.MA","","","","","","","","","","","","","","","","","","","","","","","","","","","","","","","","","","","","","","","","","","","","","","66.9317169189453","","","","","","","","75.0769119262695","75.3973617553711","75.7590179443359","76.0622711181641","74.9971923828125","74.8950500488281","73.9934616088867","72.8402481079102","68.7112731933594","64.5381774902344","","",
"United States","USA","Educational attainment, at least completed short-cycle tertiary, population 25+, total (%) (cumulative)","SE.TER.CUAT.ST.ZS","","","","","","","","","","","21.25","","","","","26.2999992370606","","","","31.1000003814697","31.8899993896484","32.1500015258789","","","","","","","","","45.2400016784668","","","","46.5400009155273","","","","32.3040501853415","33.2317657187403","33.7552160442206","34.4499312084509","35.1732847327858","35.7668767542514","37.5299987792969","36.2299995422363","37.4500007629395","37.8480038212007","38.2599983215332","38.6199989318848","39.1399993896484","39.939998626709","40.6599998474121","41.5","41.8899993896484","42.3400001525879","43.5099983215332","44.6631667831651","45.1699981689453","46.3481183056035","48.0900001525879","47.9144197512147","48.1199989318848","49.1423604728753","49.8328997138149",
"United States","USA","Educational attainment, at least Master's or equivalent, population 25+, male (%) (cumulative)","SE.TER.CUAT.MS.MA.ZS","","","","","","","","","","","","","","","","","","","","","","","","","","","","","","","","","","","9.17296259824409","9.52122496964777","9.52581910268662","9.55923887696535","9.75161454885563","10.0927842584956","10.1569762402491","10.2974395854445","10.4224538220296","10.5798653922606","10.713653244955","10.6625286829229","10.849221595439","10.9277870184595","10.9761459584789","11.0584055671903","11.0666942246588","11.2898708915706","11.5567645619024","11.9499998092651","11.9300003051758","12","12.579999923706","12.7598386445953","12.8400001525879","13.0447834439249","13.7700004577637","13.6326254088287","13.329999923706","14.1126992673069","14.1859225547986",
"United States","USA","Educational attainment, Doctoral or equivalent, population 25+, female (%) (cumulative)","SE.TER.CUAT.DO.FE.ZS","","","","","","","","","","","","","","","","","","","","","","","","","","","","","","","","","","","0.520163871893091","0.524367426346039","0.55765176240164","0.586547918792527","0.613341389095018","0.652487640427489","0.687861091914529","0.690761972026238","0.701426828728286","0.754842699186277","0.797179884034522","0.809225561144645","0.851768100612569","0.820816552570755","0.870697789803154","0.917819372741966","0.974833132745947","1.08486887532194","1.12054768053175","1.19000005722046","1.25999999046326","1.36000001430511","1.48000001907349","1.53185426575108","1.63999998569489","1.67812287750874","1.75999999046326","1.79885414845698","1.88999998569489","1.92132206887889","1.9819022345643",
"United States","USA","Adolescents out of school (% of lower secondary school age)","SE.SEC.UNER.LO.ZS","","","","","","","","","","","","","","","","","","","","","","","","","","","","","","","","","","","","","","","","","","","","","","","","","","","","","","","","","","","","","0.172670006752014","1.15775001049042","0.813030004501343","","",
"United States","USA","Secondary education, teachers, female","SE.SEC.TCHR.FE","","","","","","","","","","","","","","","","","","","","","","","","","","","","","","","","","","734456","745895","761518","775294","","814138","","","","","","","","","","","","","","","","1016414.1875","1030211","1054539.125","1061834","1080140.875","1065456","1083269.375","1083678","1091126.625","1094465","",
"United States","USA","Trained teachers in upper secondary education, male (% of male teachers)","SE.SEC.TCAQ.UP.MA.ZS","","","","","","","","","","","","","","","","","","","","","","","","","","","","","","","","","","","","","","","","","","","","","","","","","","","","","","","100","100","100","100","100","100","100","100","100","100","",
"United States","USA","Trained teachers in lower secondary education, male (% of male teachers)","SE.SEC.TCAQ.LO.MA.ZS","","","","","","","","","","","","","","","","","","","","","","","","","","","","","","","","","","","","","","","","","","","","","","","","","","","","","","","100","100","100","100","100","100","100","100","100","100","",
"United States","USA","Progression to secondary school, male (%)","SE.SEC.PROG.MA.ZS","","","","","","","","","","","","","","","","","","","","","","","","","","","","","","","","","","","","","","","","","","","","","","","","","","","","","","","","","100","","","","","","","","",
"United States","USA","School enrollment, secondary, female (% net)","SE.SEC.NENR.FE","","","","","","","","","","","","","","","","","","","","","","","","","","","","","","","","","","","","","","","","","","","","","","90.70646","","","","","89.18024","90.47964","90.32571","90.09343","91.08553","92.66306","92.17723","93.03496","","","","","","","",
"United States","USA","School enrollment, secondary (% gross)","SE.SEC.ENRR","","","","","","","","","","","","","","","","","","","","","","","","","","","","","","","","","","","","","","","","","","","","","","95.0524826049805","","","","","","","","96.1864929199219","96.9245376586914","97.6525497436523","98.7699279785156","98.9523391723633","99.2755813598633","100.063430786133","100.509819030762","101.192489624023","97.4734878540039","","",
"United States","USA","Pupil-teacher ratio, secondary","SE.SEC.ENRL.TC.ZS","","","","","","","","","","","","","","","","","","","","","","","","","","","","","","","","","","","","","","","","","","","","","","","","","","","","","","","14.78683","14.69697","","14.62452","","","","","","","",
"United States","USA","Secondary education, pupils (% female)","SE.SEC.ENRL.FE.ZS","","","","","","","","","","","","","","","","","","","","","","","","","","","","","","","","","","","","","","","","","","","","","","49.15244","","","","","49.00733","48.85835","48.9125","48.87004","49.14494","49.17237","48.78903","48.81884","","","","","","","",
"United States","USA","Educational attainment, at least completed upper secondary, population 25+, male (%) (cumulative)","SE.SEC.CUAT.UP.MA.ZS","","","","","","","","","","","","","","","","","","","","","","","","","","","","","","","","","","","89.067081429946","89.4151474750137","89.7241975100713","89.9239450844355","90.3437414489802","90.847175296945","90.7573745416579","91.1096920946272","91.1493814662791","91.194059872232","85.5800018310547","84.9300003051758","85.0400009155273","92.07300464838","85.9499969482422","86.25","86.5999984741211","87.0999984741211","87.2900009155273","87.6399993896484","87.7200012207031","88.0400009155273","88.5500030517578","89.3324737548828","89.4199981689453","94.5840146221316","90.5500030517578","90.7257537841797","90.5899963378906","90.9986419677734","95.2449602428876",
"United States","USA","Educational attainment, at least completed post-secondary, population 25+, female (%) (cumulative)","SE.SEC.CUAT.PO.FE.ZS","","","","","","","","","","","","","","","","","","","","","","","","","","","","","","","","","","","","","","","","","","","","","","","","","","","","","","","","","","","","","","","","","",
"United States","USA","Lower secondary completion rate, total (% of relevant age group)","SE.SEC.CMPT.LO.ZS","","","","","","","","","","","","","","","","","","","","","","","","","","","","","","","","","","","","","","","","","","","","","","","","","","","","","","","","","","104.852256774902","103.384170532227","103.408462524414","103.84593963623","103.428169250488","101.35814666748","","",
"United States","USA","Children out of school (% of primary school age)","SE.PRM.UNER.ZS","","","","","","","","","","","","","","","","","","","","","","","","","","","","","","","","","","","","","","","","","","","","","","0.565190017223358","","","","","","","","2.8980700969696","","1.80586004257202","0.35997000336647","0.424380004405975","0.574209988117218","0.916570007801056","2.00507998466492","4.09511995315552","3.98220992088318","","",
"United States","USA","Children out of school, primary, female","SE.PRM.UNER.FE","","","","","","","","","","","","","","","","","","","","","","","","","","","","","","","","","","","","","","","","","","","","","","31482","","","","","","","","377311","","231900","52078","","76669","101961","243827","495363","448218","","",
"United States","USA","Adjusted net enrollment rate, primary (% of primary school age children)","SE.PRM.TENR","","","","","","","","","","","","","","","","","","","","","","","","","","","","","","","","","","","","","","","","","","","","","","99.43481","","","","","97.63436","96.38975","97.26517","97.50924","97.97434","94.60023","99.64003","95.55776","","","","","","","",
"United States","USA","Trained teachers in primary education, male (% of male teachers)","SE.PRM.TCAQ.MA.ZS","","","","","","","","","","","","","","","","","","","","","","","","","","","","","","","","","","","","","","","","","","","","","","","","","","","","","","","100","100","100","100","100","100","100","100","100","100","",
"United States","USA","Repeaters, primary, female (% of female enrollment)","SE.PRM.REPT.FE.ZS","","","","","","","","","","","","","","","","","","","","","","","","","","","","","","","","","","","","","","","","","","","","","","","","","","","","","","","","","","1.55674","","","","","","","",
"United States","USA","Persistence to grade 5, total (% of cohort)","SE.PRM.PRS5.ZS","","","","","","","","","","","","","","","","","","","","","","","","","","","","","","","","","","","","","","","","","","","","","","","","","","","","","","","","","","89.7451019287109","86.2376480102539","93.4240036010742","88.3892974853516","84.4307403564453","","","",
"United States","USA","Over-age students, primary (% of enrollment)","SE.PRM.OENR.ZS","","","","","","","","","","","","","","","","16.3198","","","","","","","","","","","5.32799","4.98179","","","5.79918","5.38143","","5.83626","5.53205","5.58336","6.06495","","","","","","","","","5.97824","","","","","5.98609","5.99152","5.52862","5.77392","5.46119","5.44662","5.56819","5.81269","","","","","","","",
"United States","USA","Net intake rate in grade 1, male (% of official school-age population)","SE.PRM.NINT.MA.ZS","","","","","","","","","","","","","","","","","","","","","","","","","","","","","","","","","","","","","","","","","","","","","","74.35566","","","","","75.73483","","","69.58227","71.74905","70.01388","","","","","","","","","",
"United States","USA","School enrollment, primary (% net)","SE.PRM.NENR","","","","","","","","","","","","","","","","","","","","","","","","","","","","","","","","","","","","","","","","","","","","","","94.77826","","","","","93.37426","92.44255","92.79303","92.80851","93.2305","93.8973","95.07325","94.62633","","","","","","","",
"United States","USA","School enrollment, primary, male (% gross)","SE.PRM.ENRR.MA","","","","","","","","","","","","","","","","","","","","","","","","","","","","","","","","","","","","","","","","","","","","","","102.411376953125","","","","","","","","99.859748840332","99.8374404907227","100.312042236328","101.445777893066","102.204460144043","101.314239501953","100.634078979492","100.546607971191","98.5913619995117","96.9589233398438","","",
"United States","USA","Primary education, pupils (% female)","SE.PRM.ENRL.FE.ZS","","","","","","","","","","","","","","","","","","","","","","","","","","","","","","","","","","","","","","","","","","","","","","48.54702","","","","","48.65033","49.0147","48.54171","48.71871","48.83788","48.93702","48.91652","48.75848","","","","","","","",
"United States","USA","Educational attainment, at least completed primary, population 25+ years, male (%) (cumulative)","SE.PRM.CUAT.MA.ZS","","","","","","","","","","","93.8899993896484","","","","","","","","","","96.1900024414062","","","","","","","","","","","","","","","99.4819431975046","99.4681955022281","99.4907050862609","99.5255353911266","99.5877683241121","99.544967184507","99.5451458609933","99.5426269799791","99.5511374593792","98.3899993896484","98.3399963378906","98.4400024414062","99.5798941508248","98.620002746582","98.5599975585938","98.6699981689453","98.7300033569336","98.75","98.870002746582","98.8199996948242","98.7799987792969","98.8600006103516","97.6035385131836","99.0800018310547","99.6698369176872","99.0199966430664","97.2186889648438","98.9499969482422","99.1170501708984","99.7137195412446",
"United States","USA","Primary completion rate, female (% of relevant age group)","SE.PRM.CMPT.FE.ZS","","","","","","","","","","","","","","","","","","","","","","","","","","","","","","","","","","","","","","","","","","","","","","","","","","","","","","","","","","97.1660308837891","95.4763412475586","103.343627929688","101.677947998047","100.28727722168","94.0673522949219","","",
"United States","USA","Trained teachers in preprimary education, female (% of female teachers)","SE.PRE.TCAQ.FE.ZS","","","","","","","","","","","","","","","","","","","","","","","","","","","","","","","","","","","","","","","","","","","","","","","","","","","","","","","100","100","100","100","100","100","100","100","100","100","",
"United States","USA","Pupil-teacher ratio, preprimary","SE.PRE.ENRL.TC.ZS","","","","","","","","","","","","","","","","","","","","","","","","","","","","","","","","","","","","","","","","","","","","","","","","","","","","","","","13.81997","13.75664","","14.27951","","","","","","","",
"United States","USA","Primary school age children out-of-school (%)","SE.LPV.PRIM.SD","","","","","","","","","","","","","","","","","","","","","","","","","","","","","","","","","","","","","","","","","","4.4422378540039","","","","","4.4422378540039","","","","","4.4422378540039","","","","","4.4422378540039","","","","","4.4422378540039","","","",
"United States","USA","Pupils below minimum reading proficiency at end of primary (%). Low GAML threshold","SE.LPV.PRIM.LD","","","","","","","","","","","","","","","","","","","","","","","","","","","","","","","","","","","","","","","","","","6.01370096206665","","","","","4.03758907318115","","","","","2.48264122009277","","","","","3.90592002868652","","","","","5.49336051940918","","","",
"United States","USA","School enrollment, secondary (gross), gender parity index (GPI)","SE.ENR.SECO.FM.ZS","","","","","","","","","","","","","0.561649978160858","","","","","","1.02271997928619","","","1.05454003810883","1.05028998851776","1.04488003253937","1.03550004959106","1.02479004859924","1.03252995014191","1.02763998508453","","","1.00117003917694","1.01726996898651","","0.998359978199005","0.992569983005524","1.0145800113678","1.00024998188019","","1.03746998310089","","","","","","","1.01854002475739","","","","","","","","1.00249004364014","1.01194000244141","1.01049995422363","0.994159996509552","0.994930028915405","0.990580022335052","0.983030021190643","0.978860020637512","","","","",
"United States","USA","Literacy rate, adult total (% of people ages 15 and above)","SE.ADT.LITR.ZS","","","","","","","","","","","","","","","","","","","","","","","","","","","","","","","","","","","","","","","","","","","","","","","","","","","","","","","","","","","","","","","","","",
"United States","USA","Literacy rate, youth male (% of males ages 15-24)","SE.ADT.1524.LT.MA.ZS","","","","","","","","","","","","","","","","","","","","","","","","","","","","","","","","","","","","","","","","","","","","","","","","","","","","","","","","","","","","","","","","","",
"United States","USA","Regulatory Quality: Percentile Rank, Upper Bound of 90% Confidence Interval","RQ.PER.RNK.UPPER","","","","","","","","","","","","","","","","","","","","","","","","","","","","","","","","","","","","","99.4565200805664","","99.4565200805664","","100","","100","99.4594573974609","99.5024871826172","100","100","98.5436859130859","99.0291290283203","97.1291885375977","98.5645904541016","97.1563949584961","95.2606658935547","94.3127975463867","92.788459777832","92.3809509277344","97.1428604125977","98.0952377319336","98.0952377319336","95.2380981445312","94.7619018554688","98.0952377319336","97.1698150634766","96.698112487793","",
"United States","USA","Regulatory Quality: Estimate","RQ.EST","","","","","","","","","","","","","","","","","","","","","","","","","","","","","","","","","","","","","1.59310185909271","","1.61003684997559","","1.69612085819244","","1.55174136161804","1.568514585495","1.55983471870422","1.60669600963593","1.64094340801239","1.49368762969971","1.53245806694031","1.39833772182465","1.4438453912735","1.45509660243988","1.29439389705658","1.26038861274719","1.27628946304321","1.24220669269562","1.48562073707581","1.61945760250092","1.61313998699188","1.33457458019257","1.2384375333786","1.44095718860626","1.42443990707397","1.39373278617859","",
"United States","USA","Rule of Law: Percentile Rank","RL.PER.RNK","","","","","","","","","","","","","","","","","","","","","","","","","","","","","","","","","","","","","92.4623107910156","","92.5","","93.0348281860352","","92.5373153686523","93.0348281860352","90.8653869628906","91.3875579833984","92.8229675292969","91.8660278320312","92.3076934814453","91.9431304931641","92.4170608520508","91.0798110961914","91.5492935180664","90.6103286743164","89.9038467407227","90.476188659668","91.4285736083984","91.9047622680664","89.0476226806641","89.0476226806641","88.5714263916016","88.0952377319336","88.6792449951172","88.6792449951172","",
"United States","USA","Trade in services (% of GDP)","BG.GSR.NFSV.GD.ZS","","","","","","","","","","","2.43174574188277","2.43550671760313","2.37665251620267","2.53476977302831","2.74584644615766","2.70638564571038","2.80183963805079","2.82060076106264","2.85507860821509","2.85693895672912","3.09802201863503","3.18455548276433","3.44010940881736","3.26028511534552","3.41845540917369","3.34463476315511","3.64345948396279","3.90194872935596","4.00138414700986","4.07066814615764","4.45285238793496","4.59165438073805","4.55182539157929","4.51526333738618","4.57608344233671","4.72008962598117","4.85642357442387","4.9203534890481","4.89299233545411","4.9292015272095","5.06247812545605","4.78240747017076","4.77200667746232","4.80146452128331","5.19875547277074","5.29719647484796","5.59090976668073","6.08753065557942","6.50947359001983","6.42350344634806","6.7678743197913","7.06972577537402","7.1024669149444","7.03638046076036","7.1115990242305","6.96315256383899","6.9350752234497","7.14954530100521","6.98426921139449","7.01561515083043","5.75081559064462","5.96402828813558","6.54136646556089","6.62047373838522","6.93412417637499",
"United States","USA","Food production index (2014-2016 = 100)","AG.PRD.FOOD.XD","","41.2","41.26","42.92","43.51","45.32","46.22","48.59","49.07","49.7","48.95","53.17","52.54","53.58","52.56","56.77","58.09","60.16","60.52","63.33","60.81","65.91","66.6","57.68","65.36","68.55","66.03","65.36","60.35","66.34","68.39","67.32","73.34","67.26","76.99","71.5","76.5","79.11","80.09","81.01","83.01","81.64","80.45","83.12","87.94","85.66","84.46","89.61","91.21","93.04","92.24","91.37","90.89","95.8","98.13","97.01","104.86","101.95","103.19","99.64","103.12","104.57","100.86","","",
"United States","USA","Rural land area (sq. km)","AG.LND.TOTL.RU.K2","","","","","","","","","","","","","","","","","","","","","","","","","","","","","","","8943709.99473595","","","","","","","","","","8923738.70163917","","","","","","","","","","","","","","","8903098.42729533","","","","","","","","","",
"United States","USA","Forest area (% of land area)","AG.LND.FRST.ZS","","","","","","","","","","","","","","","","","","","","","","","","","","","","","","","33.0223082096657","33.0341654510992","33.0460226925328","33.0578799339663","33.0697371753998","33.0815944168334","33.0934516582669","33.1053088997004","33.1171661411339","33.1290233825675","33.1301735880689","33.1867556145437","33.2433376410185","33.2999196674933","33.3565016939681","33.4130837204429","33.4696657469177","33.5262477733925","33.6360635020585","33.6927352193296","33.7494069366007","33.7794700582241","33.8095331798474","33.8395963014708","33.8696594230942","33.8997225447175","33.8997225447175","33.8669264120375","33.8669264120375","33.8669264120375","33.8669264120375","33.8669264120375","33.8669264120375","33.8669264120375","",
"United States","USA","Urban land area where elevation is below 5 meters (sq. km)","AG.LND.EL5M.UR.K2","","","","","","","","","","","","","","","","","","","","","","","","","","","","","","","3868.45374157449","","","","","","","","","","4371.43447397282","","","","","","","","","","","","","","","5003.99240663278","","","","","","","","","",
"United States","USA","Land under cereal production (hectares)","AG.LND.CREL.HA","","64869558","60548008","62420208","60977008","60379266","61141626","65847777","63042026","59258754","59229150","63782293","58369291","64531443","68262068","72020441","73082438","72223053","67303432","68371362","71550444","77733138","76214787","58729146","71957016","72873500","67107716","59233504","55714416","63533008","65700000","62131075","65890404","60273827","64017419","59766550","64881026","63803406","61556513","58461970","58526104","55166824","53570702","57813092","56782664","56805877","52861862","61919594","60985598","57937341","57483702","56668632","60253274","59486800","57979030","58124740","58445763","53164294","53649186","52572930","53195327","54595016","50697492","55539765","",
"United States","USA","Agricultural land (% of land area)","AG.LND.AGRI.ZS","","48.8602417741752","48.4761370286583","48.1979395040485","47.9325163555688","47.589791854097","47.5545258413619","47.5279944447841","47.5812756033436","47.5432800230594","47.9675858394403","47.7139216679623","47.4602574964843","47.217511595203","46.9658127123604","46.9658127123604","46.9658127123604","46.9847013198005","46.7479932219379","46.7479932219379","46.7479932219379","46.7479932219379","47.1013084455004","47.1013084455004","47.1013084455004","47.1013084455004","47.1013084455004","46.615336239049","46.615336239049","46.615336239049","46.615336239049","46.615336239049","46.4494877147624","46.1786054311843","45.9810939233275","45.8719112213614","45.4534139247251","45.2982653052312","45.2658380427472","45.1893009686689","45.2305848555761","45.2900702036254","45.0848730397122","45.0803674339003","45.0758618280884","45.0713562222766","45.0668506164647","45.0623450106528","45.3549551239585","45.576134822715","45.7973145105396","46.0184942092962","46.2396739080528","46.3330187965568","46.4263636850609","46.519708562633","46.613053451137","46.7063983396411","46.5817145490204","46.4570307583996","46.3323469677789","46.2076631880902","46.0829793974695","46.0829793974695","",
"United States","USA","Coverage of unemployment benefits and ALMP in 4th quintile (% of population)","per_lm_alllm.cov_q4_tot","","","","","","","","","","","","","","","","","","","","","","","","","","","","","","","","","","","","","","","","","","","","","","","","","","","","","","","","","","","","","","","","","",
"United States","USA","Coverage of unemployment benefits and ALMP (% of population)","per_lm_alllm.cov_pop_tot","","","","","","","","","","","","","","","","","","","","","","","","","","","","","","","","","","","","","","","","","","","","","","","","","","","","","","","","","","","","","","","","","",
"United States","USA","Benefit incidence of social protection and labor programs to poorest quintile (% of total SPL benefits)","per_allsp.ben_q1_tot","","","","","","","","","","","","","","","","","","","","","","","","","","","","","","","","","","","","","","","","","","","","","","","","","","","","","","","","","","","","","","","","","",
"United States","USA","PPP conversion factor, GDP (LCU per international $)","PA.NUS.PPP","","","","","","","","","","","","","","","","","","","","","","","","","","","","","","","1","1","1","1","1","1","1","1","1","1","1","1","1","1","1","1","1","1","1","1","1","1","1","1","1","1","1","1","1","1","1","1","1","1","1",
"United States","USA","Net secondary income (Net current transfers from abroad) (constant LCU)","NY.TRF.NCTR.KN","-3230369875.08938","-1737821117.41542","-155339643.999973","461133643.417012","1222105739.70536","1113610482.68802","-2490965977.23914","-2130834483.12641","-1991372391.45486","-3440675161.19986","4033679658.97889","-7293307648.52646","5518569364.03647","23028291318.3002","25932091821.2132","-586018010.758982","-9999351963.71471","2615334972.26391","-3910021848.42054","-28895439774.8513","-20085577531.5492","-7007430760.98352","52962249003.0993","-29164056459.2909","-3976142467.16303","-41579451137.0102","-93946584996.8186","-35446449824.8942","34395698345.3054","-56227062758.4732","-78028576294.9503","-75516787142.1518","-103913221901.314","-153009818326.785","-140604567703.131","-75270447429.5594","-29711926174.4834","13899314540.2128","91356986678.3999","68472089537.1433","147831020208.753","179332046581.633","128380661890.318","84935276529.05","99698343219.5695","127300000000","275238807503.332","100463480858.186","68504221172.5888","68992877012.5603","147969415024.758","280344269589.62","236454083890.258","222225919966.827","","","","","","","","","","","",
"United States","USA","Taxes less subsidies on products (current LCU)","NY.TAX.NIND.CN","","","","","","","","","","","","","","","","","","","","","","","","","","","","","","","","","","","","","","319253019000","334927816000","346753048000","366923542000","358121013000","383625131000","405028344000","442347093000","471698368000","511478257000","518022744000","521960279000","471536430000","509119420000","544499516000","572832030000","609931736000","643913169000","662068841000","668432707000","698217434000","765813736000","791020195000","717159181000","829217085000","","","",
"United States","USA","Net primary income (Net income from abroad) (current US$)","NY.GSR.NFCY.CD","","","","","","","","","","","6393000000","7594000000","8558000000","12619000000","15520000000","13004000000","16847000000","20292000000","21581000000","31931000000","34185000000","32935000000","36510000000","37085000000","36290000000","25365000000","16957000000","17488000000","22657000000","24790000000","34692000000","31587000000","31077000000","31158000000","22966000000","27952000000","30869000000","23300000000","17411000000","30904000000","38481000000","50364000000","45794000000","58496000000","76713000000","74800000000","46460000000","95664000000","145214000000","150243000000","205633000000","237932000000","232690000000","230238000000","235158000000","220128000000","231365000000","292949000000","290308000000","281895000000","211597000000","152652000000","149272000000","100045000000","",
"United States","USA","Gross savings (current US$)","NY.GNS.ICTR.CD","","","","","","","","","","","231398000000","250190000000","282796000000","339039000000","350513000000","352402000000","402120000000","462336000000","550944000000","618005000000","634404000000","749382000000","728616000000","719373000000","884683000000","883662000000","868345000000","952659000000","1080532000000","1114176000000","1118642000000","1158602000000","1153317050000","1169453200000","1301624600000","1433135700000","1586459100000","1788218700000","1938581900000","2015429000000","2133565000000","2080119000000","2008864000000","1996712000000","2166495000000","2363023000000","2652558000000","2522561000000","2224165000000","2011445000000","2315021000000","2548579000000","2987365000000","3133615000000","3461172000000","3603831000000","3489946000000","3722192000000","3972439000000","4185148000000","3926385000000","4204393000000","4786254000000","4822971000000","5120798000000",
"United States","USA","GNI per capita growth (annual %)","NY.GNP.PCAP.KD.ZG","","","","","","","","","","","","1.59597467587331","4.27516800097693","4.77032123741299","-2.43682355602498","-1.54828334896037","4.21567153298543","3.45573480666897","4.22330125235464","1.15501283150211","-2.28369602816409","1.94344047363472","-1.39231532318972","2.64940697179168","7.03429334228272","2.88256911999855","1.71476019708933","3.03503007873871","4.17877893182958","1.51563443044635","0.284459442891432","-1.20127541853896","1.74439369665824","0.990030778832974","3.02463855044877","2.18838425869994","3.20439113559543","3.96037605075914","4.40958763737169","3.2784462271219","3.31316096815667","0.570306484116912","0.480088175966969","1.30301332898438","2.83528744259738","2.32784844589074","2.53994907393111","-0.243078522578855","-2.62663790603195","-2.35204689468296","2.76604639839439","1.19666312982399","2.29142523875541","0.807483084988192","2.48589814693045","2.39539227910956","0.554409819271882","1.98488778823125","2.38409517748286","2.22976937797901","-3.04875967183264","6.38724635430637","2.4153924041908","0.865104032939428","",
"United States","USA","GNI, PPP (constant 2021 international $)","NY.GNP.MKTP.PP.KD","","","","","","","","","","","","","","","","","","","","","","","","","","","","","","","10742993523701.1","10756722348101.7","11097205155011.4","11355835009716.4","11843659408284.6","12247824784605.4","12788210409598.3","13455701623499.3","14213772584365.2","14849308692904.7","15512956667800.8","15756608531208.8","15979828940602.2","16327781185316.8","16946837446760.2","17501910388411.2","18120336352024","18249025310591.8","17938564223563.2","17670875703161.4","18313966528479.4","18680561806914.6","19261783443145.7","19564779883194.1","20211389196104.5","20861322419908.3","21142429193972.6","21712006524291.7","22360386385718.5","22977023739322.2","22367678965370.8","23833823000000","24550445071177.4","24969591627466.5","",
"United States","USA","GNI (constant 2015 US$)","NY.GNP.MKTP.KD","","","","","","","","","","","5263178336604.71","5415212685200.57","5707496290447.61","6037110891300.62","5944058302052","5910013007354.11","6217964257710.95","6497866781614.26","6844430153180.11","7000313303060.88","6906403618752.11","7110063427229.25","7078226279094.05","7332498491741.43","7916534802826.05","8217227966109.52","8435734624179.09","8769799454138.86","9219604997872.53","9448149334944.66","9582667004435.07","9594913009452.47","9898621035725.89","10129316862692.2","10564452447369.2","10924964832251.5","11406984623743.1","12002381615939.7","12678575040769","13245468326517.8","13837437179293","14054772754046.7","14253883630088","14564254337022.8","15116447726820","15611568490997.9","16163199660012.8","16277989214189","16001060329491.6","15762284242895.1","16335916277489","16662916426087.5","17181361623274.6","17451632100689.3","18028402598960.2","18608138000000","18858883064921.3","19366941631435.5","19945291445267.8","20495327188009.8","19951796369827","21259585491489.9","21898806827793.5","22272682309158.5","",
"United States","USA","GNI, Atlas method (current US$)","NY.GNP.ATLS.CD","","","607686337126.573","641491773245.223","687247862200.396","747766797621.395","818135655243.622","861923673859.423","945047882982.488","1020446780364.98","1074752586013.77","1168727840832.1","1317516351493.62","1544652537088.96","1707499827452.27","1837613784039.21","1954013278745.15","2112844420083.31","2395598748342.26","2745712294585.57","3041557268674.17","3296199748921.55","3293904303652.34","3405797856172.38","3821846576824.32","4154900169389.12","4588325525976.87","5183443842931.55","5744221332880.68","5866446687178.47","6006411583168.91","6140912796531.25","6587479542548.88","6858958552638.43","7277443318063.04","7732855304651.77","8155405014979.01","8528321304347.18","8836989999625.14","9398450008554.76","10147906616324.1","10462310336040.7","10734738556162.3","11537549853043","12744298804256.4","13651048173462.7","14278270612404.6","14617878559627.9","14935239528979.1","14697125549667.7","15214985310269.1","15786541602817","16537785795229.1","17048394726707.6","17750755771243","18150229399607.6","18456327233279.6","19244803774644.7","20703987236442.9","21756142643021.9","21527039421710.1","23819884137432.4","25830260548716.3","26944999039282.2","28395284660434.9",
"United States","USA","Gross domestic savings (current US$)","NY.GDS.TOTL.CD","","","","","","","","","","","233793000000","255953000000","285459000000","336676000000","349877000000","357632000000","411239000000","466682000000","558577000000","637208000000","652990000000","766049000000","718003000000","757040000000","910545000000","935509000000","955364000000","1002043000000","1085971000000","1183394000000","1205964000000","1209823000000","1274385000000","1333535000000","1458170000000","1535416000000","1655638000000","1820236457000","1917962202000","1995989489000","2046180997000","1969977774000","1934352955000","1969314041000","2133313198000","2308106193000","2465397948000","2529100905000","2366334911000","2153416934000","2277660444000","2389560123000","2691169230000","2924212993000","3113953174000","3304594741000","3314887842000","3470996549000","3738884312000","3931377119000","3653963613000","3825850560000","4347475907611","4745447793214.4","4918356130731.2",
"United States","USA","GDP per capita, PPP (current international $)","NY.GDP.PCAP.PP.CD","","","","","","","","","","","","","","","","","","","","","","","","","","","","","","","23888.6000088133","24342.2589048189","25418.9907763319","26387.2937338171","27694.853416234","28690.8757013347","29967.7127181748","31459.1299691554","32853.6725949234","34515.3813073394","36329.9702595751","37133.6203973517","37997.7424300242","39490.3023903176","41724.6411982614","44123.3996470026","46301.9876485519","48050.227412195","48570.0594269601","47194.9500893872","48642.6312088213","50024.8812320773","51708.3940614082","53297.3862901595","55153.3940182967","56849.4697923159","57976.628204291","60047.7190728307","62875.6661382728","65227.9565911035","64401.5074354209","71307.4017277218","77860.9112908848","82304.6204272866","85809.9003846359",
"United States","USA","GDP per capita (current LCU)","NY.GDP.PCAP.CN","2999.86487154495","3059.16082086127","3236.01311150062","3366.36978960346","3565.31443016356","3818.28825117968","4136.30829579106","4325.95935063186","4684.58840293763","5019.99818634473","5234.2966662115","5609.38259952519","6094.01798986165","6726.35895596695","7225.69135952566","7801.45666356443","8592.25353727612","9452.57651914511","10564.9482220275","11674.1818666548","12574.7915062163","13976.10539252","14433.787727053","15543.8937174925","17121.2254849995","18236.8277265009","19071.2271949295","20038.9410992658","21417.0119305191","22857.1544330056","23888.6000088133","24342.2589048189","25418.9907763319","26387.2937338171","27694.853416234","28690.8757013347","29967.7127181749","31459.1389804773","32853.6769523009","34515.3902272076","36329.9560727102","37133.623113437","37997.7596573051","39490.2749557007","41724.6316287624","44123.4070679055","46302.0008800056","48050.2237771135","48570.0459804586","47194.9433547336","48642.6100179312","50024.868799398","51708.4011556577","53179.0127634561","54973.4207515712","56572.9188996063","57638.1018367192","59635.0984397965","62499.8744390068","64746.4506778863","63515.9491807833","70205.050916026","76657.2488844403","81032.262117545","84534.0407841548",
"United States","USA","GDP, PPP (current international $)","NY.GDP.MKTP.PP.CD","","","","","","","","","","","","","","","","","","","","","","","","","","","","","","","5963144000000","6158129000000","6520327000000","6858559000000","7287236000000","7639748999999.99","8073121999999.99","8577552000000","9062816999999.99","9631171999999.99","10250952000000","10581929000000","10929108000000","11456450000000","12217196000000","13039197000000","13815583000000","14474228000000","14769862000000","14478067000000","15048971000000","15599732000000","16253970000000","16880683000000","17608138000000","18295019000000","18804913000000","19612102000000","20656516000000","21539981999999.9","21354104999999.9","23681171000000","26006893000000","27720709000000","29184890000000.1",
"United States","USA","GDP: linked series (current LCU)","NY.GDP.MKTP.CN.AD","","","","","","","","","","","","","","","","","","","","","","","","","","","","","","","5963144000000","6158129000000","6520327000000","6858559000000","7287236000000","7639748999999.99","8073121999999.99","8577552000000","9062816999999.99","9631171999999.99","10250952000000","10581929000000","10929108000000","11456450000000","12217196000000","13039197000000","13815583000000","14474228000000","14769862000000","14478067000000","15048971000000","15599732000000","16253970000000","16880683000000","17608138000000","18295019000000","18804913000000","19612102000000","20656516000000","21539981999999.9","21354104999999.9","23681171000000","26006893000000","27720709000000","29184890000000.1",
"United States","USA","Forest rents (% of GDP)","NY.GDP.FRST.RT.ZS","","","","","","","","","","","0.108947113521148","0.129652486550954","0.120869426209631","0.157690320878497","0.147974848686089","0.159835737962987","0.151763854511815","0.153280344264277","0.171731965435803","0.182517689588514","0.150946210614082","0.117360530861034","0.126035878001308","0.106904368109171","0.101097750756273","0.0872045409630022","0.103213305183704","0.108795099910109","0.11094147826543","0.113603154014383","0.125224517696944","0.101773585045929","0.101879536315234","0.134981638671192","0.116394521351007","0.117525229163249","0.107446175266097","0.10214580907839","0.0749014243268021","0.0773646377762417","0.0726288395449172","0.0591206358622681","0.0566642073733826","0.0567833864619006","0.060621151298811","0.0579062304896655","0.0591478103504217","0.0619743128692316","0.0487250288905003","0.0364101315056274","0.0447732489410531","0.0490358372786731","0.042316243132631","0.0451078269810442","0.0438896131077501","0.0357864456731308","0.0370310579043586","0.0414197446763051","0.0346274658844671","0.038216107338548","0.0367963849738373","0.0377125136209131","","","",
"United States","USA","Gross value added at basic prices (GVA) (current US$)","NY.GDP.FCST.CD","","","","","","","","","","","986669206000","1069033116000","1177819686000","1313388687000","1423649237000","1554103987000","1732147350000","1929265257000","2189637599000","2455764604000","2666778413000","2982872251000","3117871702000","3392061589000","3768904031000","4052205171000","4281152710000","4537952130000","4891474478000","5270141879000","5565147896000","5728527175000","6067041691000","6392114017000","6774513660000","7116656796000","7527600505000","8258301438000","8727890386000","9284421440000","9884024456000","10223808761000","10545487824000","11051413697000","11774846104000","12567500825000","13304108691000","13956204161000","14247897632000","14006528504000","14539845025000","15055228608000","15681140200000","16233259257000","16906767005000","17543951899000","18026678135000","18779119115000","19767243575000","20589955924000","20343314432000","22485863476000","","","",
"United States","USA","GDP deflator (base year varies by country)","NY.GDP.DEFL.ZS","14.5896805087784","14.7866636486431","14.970703597161","15.133642640916","15.3612434974725","15.6561526150655","16.1099898064283","16.6176605909912","17.3433851101733","18.2033548576265","19.1613479972459","20.132791457484","21.0037615147179","22.1547515660757","24.1483896478516","26.3852044290602","27.8373120151295","29.5669368330549","31.6466546656417","34.2722896233046","37.3681416634291","40.9039765436756","43.4311895285019","45.1323496075812","46.7606703098826","48.2394883181425","49.2109797708223","50.4301269061186","52.2090495674617","54.2560408240224","56.2870229902748","58.1905439106778","59.5166216558718","60.9273589176479","62.2282789209912","63.5330120827672","64.6961519481359","65.8118222718313","66.5514484777791","67.4932252667022","69.0220337602236","70.5762286551007","71.6730067298002","73.0879735309766","75.0534080916356","77.4067043692205","79.7938101370831","81.955601090256","83.534630797153","84.0498675615202","85.0712894921235","86.8264195702127","88.4433048196262","89.7487160614506","91.2164244283008","91.9150325426168","92.6976668789493","94.2597002690733","96.5059595651947","97.9600848410751","98.6249417290025","102.949485726156","110.289249600481","114.257888423993","117.094597692942",
"United States","USA","Exports as a capacity to import (constant LCU)","NY.EXP.CAPM.KN","","","","","","","","","","","264684794949.749","262964562485.644","276506322857.281","316779525756.755","294351869867.415","297597532809.549","311411936353.526","305019052223.155","334137233125.041","351378330949.488","344120564726.684","354968299304.864","340789198071.666","346298686844.54","381329250620.009","395361555264.507","418506831255.636","447509935421.843","521724477489.335","579109767551.041","616085064284.779","669736856299.408","712078447366.261","742226117272.195","809589533380.181","888421496886.564","965115975465.278","1099223898721.23","1160773869349.76","1202252123637.45","1271587304948.6","1222822418244.09","1202817421656.98","1211003027632.99","1313560448400.38","1372610310411.76","1492639005318.31","1627851132250.79","1638109356682.77","1588390021333.39","1764000631924.56","1867349908708.35","1951682848230.99","2040072481386.08","2136818820574.46","2216766057787.9","2259691287872.58","2361539699651.14","2444605749383.59","2486147819098.69","2151139000000","2382854036309.39","2624421568492.85","2710040338880.88","2813679665249.32",
"United States","USA","Adjusted net savings, including particulate emission damage (current US$)","NY.ADJ.SVNG.CD","","","","","","","","","","","","","","","","","","","","","","","","","","","","","","","375858641572.903","395798768185.356","428014609464.435","388503850439.167","508780641142.454","550126981146.654","652249238682.103","813982792678.73","885206682115.663","882337319492.786","891054687275.885","803350617919.229","701243876522.202","626662406074.889","684667761120.713","696740912574.416","937969581675.431","679775514233.2","243760236595.192","107483975445.473","418275074587.652","614882708247.54","978845982661.861","1248040082170.75","1462926589240.82","1402244119528.23","1184502601467.33","1375488506208.19","1419753750364","1484191418640.26","1221811174639.51","1016630476920.97","","","",
"United States","USA","Adjusted net national income (annual % growth)","NY.ADJ.NNTY.KD.ZG","","","","","","","","","","","","2.65741603648557","5.42768196349732","5.44642810746522","-4.34372385353572","-0.304959930453805","4.9986204393568","4.01071365532788","5.11384883604586","-0.646601414210309","-2.22979731814513","4.27313588424852","1.21594122879584","3.1906146366036","8.03508120427348","4.17856900935595","3.51268614671272","3.62004528690541","5.79148477373988","2.31485298998773","1.33750690847559","0.346521819544307","3.4594488029059","2.2701978696814","4.44713548908815","3.34982045700021","4.32425887765288","5.3962790778788","5.8978647776736","4.15519567050337","3.81405967844395","1.5483064210309","1.48125855059098","1.91824732309269","3.828147218075","2.74299639633169","3.75915640684991","0.335460301841579","-2.65778078136593","-1.01381652396961","4.28421504126347","2.03677899677869","3.82593592613109","1.39594115262707","3.33815035407208","3.53227240272311","1.06602226003498","2.69969065386617","2.89755604880726","2.28661334260092","-3.4318869180195","5.24866027804609","","","",
"United States","USA","Adjusted savings: net national savings (current US$)","NY.ADJ.NNAT.CD","","","","","","","","","","","94560000027.7562","101262999953.67","121784999945.431","160352000006.918","143620000060.034","113891999990.534","141894000078.343","172504000038.399","223748000009.508","244065000112.921","205805999995.559","261763000109.732","191449000089.996","156646000089.611","286100000185.92","243326999797.952","182844999948.813","222056000080.435","295856999821.798","275756999989.758","229917999718.545","225951999816.861","192646049764.088","165435200005.146","245309600337.659","309903699666.959","410100100349.079","547563344994.866","627683726476.526","615490638467.51","620810590289.705","477651883314.256","346538248460.074","273338194504.839","340301417870.771","387521668823.855","522980393397.843","262261170612.757","-140446346514.414","-370350662222.488","-88989117012.9409","62132456466.2412","446663645900.479","522825797071.314","727752094968.457","774185361910.494","563833225795.609","698040071268.54","773296109511.137","796591981529.187","511249064834.506","388420071603.938","","","",
"United States","USA","Adjusted savings: particulate emission damage (current US$)","NY.ADJ.DPEM.CD","","","","","","","","","","","","","","","","","","","","","","","","","","","","","","","10109593985.338","10096795543.7375","10317850184.2515","10505091787.5795","10868341622.1301","11121645562.7286","11320297078.333","11578779464.4421","11660214682.9058","12177551351.3648","12937012104.9427","13619934694.2705","14187520323.3311","14584358708.5894","14759185945.9168","15404477325.4974","15743990483.1462","15505814855.9259","15304652955.3154","14646463271.6508","14057501619.9592","14255574582.5216","14335206071.81","14086636318.1455","13885259975.001","13868133672.9523","13675159556.4978","13394575255.3538","13853755903.7568","14357764916.4959","14731639352.9306","15546091967.0888","","","",
"United States","USA","Adjusted savings: mineral depletion (current US$)","NY.ADJ.DMIN.CD","","","","","","","","","","","1128065455.78804","690003919.045308","703059278.787686","1522352141.29177","2596021862.96782","1823434575.30107","1275842842.09523","1808633486.62807","903204995.677065","1781190819.50381","2162981199.16445","1748953223.45534","935381502.673628","1126272978.89668","743468339.145231","843691167.174315","631802671.862863","1085695345.78157","3925128391.01725","1849495618.81011","1778616780.42354","1171441619.01838","1875593311.77356","1864743447.56596","2585479373.11571","3195301124.71812","2467462614.66146","2197512601.30876","1687131729.35485","1424548323.27954","930840171.375828","547342651.365381","373327306.514577","893691734.876407","1590087004.09362","2168031065.80811","5843160783.63327","6400270208.22585","9207195015.71447","6161472351.94941","19329358161.747","28468340249.8541","19889129805.8577","15782781015.1259","12808442298.9971","4357875057.3376","4765598284.27184","5308982103.43557","4772801146.39651","2776997259.14332","3108468185.35527","14313150943.3189","","","",
"United States","USA","Adjusted savings: net forest depletion (current US$)","NY.ADJ.DFOR.CD","","","","","","","","","","","0","0","0","0","0","0","0","0","0","0","0","0","0","0","0","0","0","0","0","0","0","0","0","0","0","0","0","0","0","0","0","0","0","0","0","0","0","0","0","0","0","0","0","0","0","0","0","0","0","0","0","0","","","",
"United States","USA","Adjusted savings: education expenditure (current US$)","NY.ADJ.AEDU.CD","","","","","","","","","","","80090497144.801","81404820000","88354983000","97365664000","102517800000","117918780000","130872210000","139538890000","155090496000","164694726000","179364465000","204920704000","209029776000","227692584000","254034396000","262914514000","189694470000","309048192000","226011999000","240730383000","259700760000","274353750000","349323660611.655","343422168000","384029458468.469","362776478839.458","385344538876.866","411367856569.784","390127573388.87","414806628314.034","468693629880.32","510106969366.895","526395064794.538","567916437607.369","576650613766.443","585559254645.528","659490049890.913","670404599684.963","693853548138.437","679787990471.114","734474938308.894","800423889000","750735565273.544","962304090809.742","983316300824.071","823775754520.115","830678684896.654","903291866938.45","914080707783.834","964502016942.063","951554105125.511","1046599480744.69","","","",
"United States","USA","Services, value added (constant 2015 US$)","NV.SRV.TOTL.KD","","","","","","","","","","","","","","","","","","","","","","","","","","","","","","","","","","","","","","","","","","","","","","","","","","","","","","","","13971736585000","","","","","","","","","",
"United States","USA","Political Stability and Absence of Violence/Terrorism: Percentile Rank, Lower Bound of 90% Confidence Interval","PV.PER.RNK.LOWER","","","","","","","","","","","","","","","","","","","","","","","","","","","","","","","","","","","","","57.4468078613281","","57.4468078613281","","69.8412704467773","","40.2116394042969","33.165828704834","23.3009700775146","29.6116504669189","48.7922706604004","41.5458946228027","50.480770111084","45.971565246582","47.8672981262207","54.502368927002","55.9241714477539","56.8720397949219","57.6190490722656","57.6190490722656","48.5714302062988","42.3809509277344","49.5283012390137","39.6226425170898","33.4905662536621","33.0188674926758","35.3773574829102","35.0710906982422","",
"United States","USA","Coverage of social insurance programs in richest quintile (% of population)","per_si_allsi.cov_q5_tot","","","","","","","","","","","","","","","","","","","","","","","","","","","","","","","","","","","","","","","","","","","","","","","","","","","","","","","","","","","","","","","","","",
"United States","USA","Coverage of social insurance programs in poorest quintile (% of population)","per_si_allsi.cov_q1_tot","","","","","","","","","","","","","","","","","","","","","","","","","","","","","","","","","","","","","","","","","","","","","","","","","","","","","","","","","","","","","","","","","",
"United States","USA","Coverage of social safety net programs in richest quintile (% of population)","per_sa_allsa.cov_q5_tot","","","","","","","","","","","","","","","","","","","","","","","","","","","","","","","","","","","","","","","","","","","","","","","","","","","","","","","","","","","","","","","","","",
"United States","USA","Coverage of social safety net programs in poorest quintile (% of population)","per_sa_allsa.cov_q1_tot","","","","","","","","","","","","","","","","","","","","","","","","","","","","","","","","","","","","","","","","","","","","","","","","","","","","","","","","","","","","","","","","","",
"United States","USA","Coverage of unemployment benefits and ALMP in richest quintile (% of population)","per_lm_alllm.cov_q5_tot","","","","","","","","","","","","","","","","","","","","","","","","","","","","","","","","","","","","","","","","","","","","","","","","","","","","","","","","","","","","","","","","","",
"United States","USA","Coverage of unemployment benefits and ALMP in poorest quintile (% of population)","per_lm_alllm.cov_q1_tot","","","","","","","","","","","","","","","","","","","","","","","","","","","","","","","","","","","","","","","","","","","","","","","","","","","","","","","","","","","","","","","","","",
"United States","USA","Coverage of social protection and labor programs (% of population)","per_allsp.cov_pop_tot","","","","","","","","","","","","","","","","","","","","","","","","","","","","","","","","","","","","","","","","","","","","","","","","","","","","","","","","","","","","","","","","","",
"United States","USA","Price level ratio of PPP conversion factor (GDP) to market exchange rate","PA.NUS.PPPC.RF","","","","","","","","","","","","","","","","","","","","","","","","","","","","","","","1","1","1","1","1","1","1","1","1","1","1","1","1","1","1","1","1","1","1","1","1","1","1","1","1","1","1","1","1","1","1","1","1","1","1",
"United States","USA","Terms of trade adjustment (constant LCU)","NY.TTF.GNFS.KN","","","","","","","","","","","71402478949.7489","66332210485.6437","64547632857.2814","64932249756.7547","22501641867.4146","27487999809.5494","29507590353.5258","16339432223.1546","14986427125.0412","622279949.488281","-44402350273.3163","-38289385695.1359","-22356268928.3339","-7437401155.45984","-1246623379.99097","-32892735.492981","-7184332744.3642","-24703707578.157","-27045651510.6652","-33189711448.9586","-50232110715.2214","-40651184700.592","-47521326633.7386","-42171540727.8051","-44118065619.8193","-53032771113.4358","-53315914534.7223","-40499134278.7728","-5569964650.24048","-22172364362.5505","-54629735051.3984","-29363948755.9104","-24904961343.0249","-42581109367.0142","-60917760599.6208","-97359456588.2405","-116623458681.686","-122404614749.21","-213481710317.228","-109286911666.613","-148415490075.438","-182342472291.647","-180369671769.01","-156162149613.917","-145119969425.544","-72466404212.0972","-40393445127.418","-33179278348.8623","-18460573616.4136","9934035098.68652","0","92390253309.3892","161881665492.846","179427831880.885","190905582249.324",
"United States","USA","Taxes less subsidies on products (constant LCU)","NY.TAX.NIND.KN","","","","","","","","","","","","","","","","","","","","","","","","","","","","","","","","","","","","","","","","","","","","","","","","","","","","","","","","","","","","","","","","","",
"United States","USA","Net primary income (Net income from abroad) (current LCU)","NY.GSR.NFCY.CN","","","","","","","","","","","6393000000","7594000000","8558000000","12619000000","15520000000","13004000000","16847000000","20292000000","21581000000","31931000000","34185000000","32935000000","36510000000","37085000000","36290000000","25365000000","16957000000","17488000000","22657000000","24790000000","34692000000","31587000000","31077000000","31158000000","22966000000","27952000000","30869000000","23300000000","17411000000","30904000000","38481000000","50364000000","45794000000","58496000000","76713000000","74800000000","46460000000","95664000000","145214000000","150243000000","205633000000","237932000000","232690000000","230238000000","235158000000","220128000000","231365000000","292949000000","290308000000","281895000000","211597000000","152652000000","149272000000","100045000000","",
"United States","USA","Gross savings (current LCU)","NY.GNS.ICTR.CN","","","","","","","","","","","231398000000","250190000000","282796000000","339039000000","350513000000","352402000000","402120000000","462336000000","550944000000","618005000000","634404000000","749382000000","728616000000","719373000000","884683000000","883662000000","868345000000","952659000000","1080532000000","1114176000000","1118642000000","1158602000000","1153317050000","1169453200000","1301624600000","1433135700000","1586459100000","1788218700000","1938581900000","2015429000000","2133565000000","2080119000000","2008864000000","1996712000000","2166495000000","2363023000000","2652558000000","2522561000000","2224165000000","2011445000000","2315021000000","2548579000000","2987365000000","3133615000000","3461172000000","3603831000000","3489946000000","3722192000000","3972439000000","4185148000000","3926385000000","4204393000000","4786254000000","4822971000000","5120798000000",
"United States","USA","GNI per capita (constant LCU)","NY.GNP.PCAP.KN","","","","","","","","","","","27605.3164660671","28045.8903260603","29244.8992548691","30639.9748948841","29893.3327690854","29430.4992753724","30671.1924553397","31731.1075286393","33071.2077902824","33453.1844837929","32689.2154384421","33324.5108817864","32860.5286104013","33731.1377463728","36103.8849231422","37144.6043610565","37781.5452520062","38928.2265146168","40554.9510427445","41169.615843999","41286.7267038694","40790.7594048565","41502.3108407338","41913.196491984","43180.9191908059","44125.8836291395","45539.8495326548","47343.3988270978","49431.0474888891","51051.6178003154","52743.0400748879","53043.8370523554","53298.4942421229","53992.9807262458","55523.836928661","56816.3477037038","58259.4540010455","58117.8377809972","56591.2926236754","55260.2388828593","56788.7627302228","57468.3329156986","58785.1768004209","59259.8571595647","60732.9968505679","62187.7903679983","62532.5655841867","63773.7668421349","65294.1941419174","66750.104088492","64715.0538341358","68848.563750844","70511.5267300764","71121.5247915054","",
"United States","USA","GNI per capita, Atlas method (current US$)","NY.GNP.PCAP.CD","","","3260","3390","3580","3850","4160","4340","4710","5030","5240","5630","6280","7290","7980","8510","8960","9590","10760","12200","13390","14360","14220","14570","16210","17460","19110","21390","23490","23770","24060","24270","25680","26390","27660","29040","30270","31280","32040","33680","35960","36710","37320","39770","43520","46190","47850","48530","49110","47910","49180","50620","52610","53830","55600","56400","56900","58920","63020","65880","64920","71730","77330","80000","83490",
"United States","USA","GNI growth (annual %)","NY.GNP.MKTP.KD.ZG","","","","","","","","","","","","3.16471039900289","5.11876430371949","5.95165029356315","-1.17184895750398","0.0912616145148064","5.04650010299605","4.02357411158584","5.45830506656799","3.32817236115659","-0.707645461165399","2.50379825984859","-1.61593753367291","4.37429772751537","6.75703878842926","3.92704613983801","3.104202448804","3.16350083139707","4.56489746242421","3.86047139886851","1.96511780859308","0.228608379891071","3.41812573361015","2.67282104576871","3.79585623214815","2.69331864662242","3.83016179603517","4.50353253156221","4.63003410669729","4.65469344434717","3.67555764982679","1.38981590015241","1.69451004554875","2.67303561324799","3.69191855275288","3.03186973557629","2.40926309588399","2.38845501226091","-0.336000757771657","-1.21803686664622","2.60213285828854","1.36268789499552","2.34039093181708","2.38433808061416","2.62144452594359","3.4381034588917","2.13808217807218","2.74771984220332","2.935215342947","2.71365067426188","-2.42721588762031","6.01458848034643","2.72168963183785","2.90827190981442","",
"United States","USA","GNI (current US$)","NY.GNP.MKTP.CD","542390475099.326","562640778342.419","604729643906.495","638380883119.283","685631590686.501","743503780837.106","814082043610.829","860737154023.838","941639100803.844","1018471133696.76","1074358000000","1162927000000","1280507000000","1431849000000","1553299000000","1684554000000","1869603000000","2082670000000","2349856000000","2614260000000","2847221000000","3202274000000","3371652000000","3614271000000","4032481000000","4310272000000","4516740000000","4829096000000","5256272000000","5598542000000","5902482000000","6097007000000","6435893000000","6734288000000","7170956000000","7575542000000","8046960000000","8590598000000","9136625000000","9691392000000","10385197000000","10749023000000","11056572000000","11539140000000","12322009000000","13170993000000","14071835000000","14557597000000","14723881000000","14436590000000","15185160000000","15861958000000","16640301000000","17140708000000","17984237000000","18608138000000","18983369000000","19837150000000","20883383000000","21764838000000","21458070000000","23832230000000","26231750000000","27576136000000","29194127000000",
"United States","USA","Gross domestic savings (current LCU)","NY.GDS.TOTL.CN","","","","","","","","","","","233793000000","255953000000","285459000000","336676000000","349877000000","357632000000","411239000000","466682000000","558577000000","637208000000","652990000000","766049000000","718003000000","757040000000","910545000000","935509000000","955364000000","1002043000000","1085971000000","1183394000000","1205964000000","1209823000000","1274385000000","1333535000000","1458170000000","1535416000000","1655638000000","1820236457000","1917962202000","1995989489000","2046180997000","1969977774000","1934352955000","1969314041000","2133313198000","2308106193000","2465397948000","2529100905000","2366334911000","2153416934000","2277660444000","2389560123000","2691169230000","2924212993000","3113953174000","3304594741000","3314887842000","3470996549000","3738884312000","3931377119000","3653963613000","3825850560000","4347475907611","4745447793214.4","4918356130731.2",
"United States","USA","GDP per capita, PPP (constant 2021 international $)","NY.GDP.PCAP.PP.KD","","","","","","","","","","","","","","","","","","","","","","","","","","","","","","","44378.5240275575","43742.0261213549","44659.1514617994","45286.9355090342","46537.3571477424","47220.9579604358","48435.70010416","49984.2696497419","51619.8698375216","53474.045430104","55038.6224959451","55017.3049786608","55436.1169813778","56498.2078314911","58131.6336853496","59604.7536374577","60676.5655690664","61306.596938633","60798.4338401606","58714.9736915861","59789.4129069749","60245.4843994565","61134.530608776","61958.7234416953","63018.8033942192","64359.4725899466","65017.654963867","66155.5555676249","67719.7656392064","69112.602688656","67342.0709287722","71307.4017277218","72679.2575396348","74158.7164155605","75489.2664334817",
"United States","USA","GDP per capita (constant 2015 US$)","NY.GDP.PCAP.KD","18899.1580127887","19015.9777136991","19868.0207995247","20445.8368750774","21333.2984355768","22416.6241536604","23599.5749334506","23927.5975287955","24826.9926989169","25347.7065228137","25108.3873891175","25609.294432327","26668.1690068193","27906.1356426005","27502.8548958664","27177.0167648036","28370.4569990061","29385.3192596356","30684.9987747049","31309.0493216525","30930.4214515341","31405.6062642433","30546.7587475276","31656.1736604625","33654.3079300258","34748.2668742364","35620.759359254","36523.4044857245","37705.0600397471","38722.252151711","39009.3725082423","38449.8815276871","39256.0481325055","39807.8795034206","40907.0184352707","41507.9135604158","42575.6896936773","43936.9050018073","45374.6215189233","47004.469017723","48379.7551705781","48361.0167607073","48729.1586442625","49662.7520549839","51098.5573007417","52393.4513113092","53335.5896950225","53889.3964951775","53442.7136899777","51611.3217087719","52555.7695134023","52956.6630340962","53738.1476714593","54462.6252412407","55394.4510435329","56572.9188996063","57151.4708448372","58151.7021391854","59526.665698712","60750.9898621637","59194.6665172031","62680.2503585805","63886.1317069841","65186.5977244157","66356.1706750101",
"United States","USA","GDP, PPP (constant 2021 international $)","NY.GDP.MKTP.PP.KD","","","","","","","","","","","","","","","","","","","","","","","","","","","","","","","11077900303331","11065901510206.5","11455697578072","11770934990572.7","12245188636856.9","12573902243788.9","13048286993860.1","13628561009889.7","14239547574159.7","14921397636816.2","15529830421574.7","15678223906685.3","15944823845939.4","16390578292198.3","17021250324465.6","17614194079174.4","18104668294960.3","18467460192886.9","18488436873043","18012082254562.6","18497542558530.8","18786919382810.4","19216973269350.6","19623956113154.4","20119229405758.1","20711851459029.9","21088693546497.8","21606973981564.2","22247945959987.6","22822794024024.9","22329130338640.6","23681171000000","24276130895657.9","24977117771722.8","25674728990086.7",
"United States","USA","GDP (constant 2015 US$)","NY.GDP.MKTP.KD","3414529777328.55","3493063962207.1","3706140863901.74","3869211061913.41","4093625303504.4","4355617322928.67","4638732448919.04","4754700760142.02","4982926396628.82","5137397114924.31","5148525050913.32","5318051691111.46","5597542001855.35","5913561297887.83","5881595530900.61","5869501841744.93","6185752591778.3","6471793328422.88","6830020452267.68","7046258095084.5","7028165014324.83","7206518847030.84","7076584318487.23","7400960152426.85","7936527167598.33","8267446647785.83","8553719807215.75","8849219149441.71","9218849474658.13","9557387553833.15","9737636593624.97","9727089478755.8","10069725930661.5","10346824232649.6","10763700132799","11052644207040.4","11469635349338.5","11979704707077.8","12516770844481.1","13116127034705.4","13650948362520","13781388409036.2","14015733659783.6","14407558345762.9","14961928297813.8","15483134541390.2","15914268559668.9","16233167950743.9","16251606759787.8","15832884074310.8","16259610790677","16513977256911.2","16892000920975.5","17249744800617.5","17685097277697.8","18206020741000","18537270454435.6","18992846546661.7","19556270302218.3","20061570168697.6","19627632559934.5","20816096100824.5","21339074561820","21955252291273.6","22568462768174.3",
"United States","USA","Mineral rents (% of GDP)","NY.GDP.MINR.RT.ZS","","","","","","","","","","","0.173694534129661","0.0981638974786465","0.090327510019963","0.174313838300205","0.284317991957326","0.191622330592764","0.116861669218276","0.152847605079176","0.0649320089972214","0.109963199568763","0.121597552795512","0.0911129756224353","0.0469297066867793","0.0502391234933934","0.0303192328003187","0.0325718001283689","0.0221619981045521","0.0338249560234262","0.106855029618885","0.0529651169270773","0.047814587835792","0.0284622591994412","0.0399068374224523","0.036019034208057","0.0491397398318371","0.0597669786574033","0.0425169063812414","0.0352190687928809","0.0250266972341998","0.0206751165576211","0.0134401090902058","0.0077512969667038","0.00516845816122584","0.0104020159899936","0.0190642644705128","0.0256053896311341","0.0637464562948489","0.0700163062364638","0.110496529638692","0.073856708586716","0.166896320336218","0.238996864592749","0.163414793078767","0.120356943952869","0.0880467319514241","0.0362503184615436","0.0380022225151832","0.0412677424038313","0.0352448401068123","0.0187501063382904","0.02138952271423","0.101999501227916","","","",
"United States","USA","Gross value added at basic prices (GVA) (current LCU)","NY.GDP.FCST.CN","","","","","","","","","","","986669206000","1069033116000","1177819686000","1313388687000","1423649237000","1554103987000","1732147350000","1929265257000","2189637599000","2455764604000","2666778413000","2982872251000","3117871702000","3392061589000","3768904031000","4052205171000","4281152710000","4537952130000","4891474478000","5270141879000","5565147896000","5728527175000","6067041691000","6392114017000","6774513660000","7116656796000","7527600505000","8258301438000","8727890386000","9284421440000","9884024456000","10223808761000","10545487824000","11051413697000","11774846104000","12567500825000","13304108691000","13956204161000","14247897632000","14006528504000","14539845025000","15055228608000","15681140200000","16233259257000","16906767005000","17543951899000","18026678135000","18779119115000","19767243575000","20589955924000","20343314432000","22485863476000","","","",
"United States","USA","GDP deflator: linked series (base year varies by country)","NY.GDP.DEFL.ZS.AD","","","","","","","","","","","","","","","","","","","","","","","","","","","","","","","59.3045002207331","61.3100665276948","62.7072336475526","64.193598778156","65.5642594857038","66.9389377668226","68.164432112232","69.3398922693784","70.1191794799423","71.1114346710156","72.7222474578486","74.3597269738733","75.5152731568209","77.0061822995982","79.0769459998626","81.5563677085196","84.0714329354302","86.3491453663233","88.0128427251819","88.5556889641087","89.6318944594172","91.4810985661264","93.1846275007297","94.7705183765681","96.4210588337984","97.3158875215683","98.24070227512","100","102.290890276943","103.979166303616","105.360875506381","110.171637807436","118.026303631687","122.273351936757","125.230041609485",
"United States","USA","Coal rents (% of GDP)","NY.GDP.COAL.RT.ZS","","","","","","","","","","","0.0930504730401018","0.103468842679978","0.109535916257199","0.121738921139196","0.247653732064636","0.574744110437168","0.582522104452812","0.546537334102934","0.402224837548859","0.413817498064911","0.533324444441067","0.71839034385776","0.741093771758871","0.384582329453282","0.307097108989771","0.305577453466559","0.199445108873838","0.107592275573671","0.140725589232697","0.181418018510338","0.195194426701276","0.175650939654538","0.137242438184298","0.0657598989836537","0.063259918956957","0.185738496629802","0.196220944930443","0.18276604042417","0.162197453946907","0.127171259418751","0.140193028838508","0.212622185194759","0.151822005426027","0.154155845833328","0.321324626345383","0.26507175601934","0.275791896326636","0.249875712879914","0.69687957292833","0.328948122158706","0.46327180553633","0.576151367733925","0.365037619003386","0.279719144616926","0.226671482497904","0.154809825395291","0.135996650509346","0.182332985664659","0.19836963909789","0.131587352107841","0.0836949579138938","0.165541837941739","","","",
"United States","USA","Adjusted net savings, including particulate emission damage (% of GNI)","NY.ADJ.SVNG.GN.ZS","","","","","","","","","","","","","","","","","","","","","","","","","","","","","","","6.36801379757524","6.49196322934934","6.65086894932499","5.76948671886479","7.09571591207134","7.26269865195364","8.10659679116479","9.47674228675517","9.68978348681209","9.10528370476792","8.58131031432234","7.47576409042703","6.34482200116847","5.43277652839829","5.55843160189586","5.2917636873294","6.66816514492093","4.67196358838972","1.65619240536501","0.745057335652569","2.75687491477039","3.8793915565532","5.86993137373426","7.26097305300179","8.10795858648646","7.5143394375099","6.22751194366517","6.91702485995076","6.78096039525529","6.8193107835938","5.69015783378962","4.30463485067361","","","",
"United States","USA","Adjusted net national income per capita (current US$)","NY.ADJ.NNTY.PC.CD","","","","","","","","","","","4553.44316646072","4862.80195684674","5308.05914620474","5879.22209742611","6121.83549416457","6530.88909661212","7209.04186938826","7948.15640062496","8893.57427788849","9517.84107320659","10117.1180735584","11452.0574975826","12043.7069028654","12770.5164862626","14283.9047668285","15165.045482616","15855.9010106145","16750.1109720742","18162.2872518976","19138.5568943266","19905.2628412457","20284.2399230542","21195.5370280152","21893.2226048749","23103.5614040243","24106.7732257446","25325.9747124502","26804.1872210244","28277.5950884838","29584.4215834984","31166.9381412414","31888.818031456","32505.7038024844","33555.3389578932","35535.1868984932","37454.4722469241","39721.62665009","40525.8197474918","40165.5509788941","39149.3111472822","41121.4835155995","42638.6496995193","44694.9383476126","45618.9320251633","47503.2640533693","48913.853095805","49368.5132965417","51237.7952460454","53580.8506695435","55301.012168174","53863.9016226739","58997.3355905177","","","",
"United States","USA","Adjusted savings: net national savings (% of GNI)","NY.ADJ.NNAT.GN.ZS","","","","","","","","","","","8.80152723882391","8.70760477912352","9.51068599745499","11.1989540794078","9.24612116526322","6.76095868642587","7.58952569493859","8.28282925467784","9.52177495172077","9.33611863631506","7.22873284834889","8.17527545046051","5.67853931278182","4.33422021581761","7.09522029123685","5.64554111595188","4.04834679569211","4.59850093707969","5.62883875574115","4.92565618506061","3.89540330479432","3.70610570905582","2.99350443245221","2.45679981854358","3.42121357170982","4.09130484222999","5.09700274125812","6.37497101027545","6.87084669674716","6.35155824996388","5.97872206697022","4.44489954617123","3.13546196507322","2.3696735483494","2.76271538208057","2.9432362275932","3.71794533518173","1.80246951250281","-0.954241658555327","-2.56719642634203","-0.586532354629067","0.392003424018893","2.67854697778688","3.04174848082291","4.03341076075121","4.1487010114217","2.96434819436255","3.51028780277972","3.69338013092455","3.66004561240695","2.38096354957958","1.644655176964","","","",
"United States","USA","Adjusted savings: particulate emission damage (% of GNI)","NY.ADJ.DPEM.GN.ZS","","","","","","","","","","","","","","","","","","","","","","","","","","","","","","","0.171282569737136","0.165609472977202","0.160327867079331","0.156006143775365","0.15157546956348","0.14682639282221","0.140696345089907","0.134805194859936","0.127636808408481","0.125666292736316","0.124590013382967","0.126743437336381","0.128368024453824","0.126437394210459","0.119821510867922","0.116997369125571","0.111926368010951","0.10656841986566","0.103985171434808","0.101526342477399","0.0926537963530703","0.0899406584824383","0.0859651848813188","0.0819546488728051","0.0769560917600996","0.0743164919232359","0.071897030335029","0.0673583309577581","0.0661676506118217","0.0659686209566319","0.0686074532698344","0.0658255391634396","","","",
"United States","USA","Adjusted savings: mineral depletion (% of GNI)","NY.ADJ.DMIN.GN.ZS","","","","","","","","","","","0.104998930133041","0.0593334329996326","0.0549047587235123","0.106320792520699","0.167129457475557","0.108244352825797","0.0682413775595795","0.0868420578693731","0.0384366103998315","0.0681351639813532","0.0759725821652355","0.0546225950410269","0.027744206722857","0.0311627179172823","0.018437859637775","0.0195748650063622","0.0139886588250255","0.0224833873579238","0.0746776815215647","0.0330362584970567","0.0301343509116553","0.0192141980402407","0.0291446250735348","0.0276924219480975","0.0360584221265853","0.0421839138351401","0.0306673022029892","0.025584399058322","0.0184679369253149","0.0147006324543407","0.00896446478277691","0.00509342302970362","0.003377848117203","0.00774775610247772","0.0129090200462347","0.016466247151548","0.0415398983450988","0.0439878000054422","0.0625569070359265","0.0427100891571439","0.127400904027729","0.179611228797","0.119270885421826","0.0918226500008985","0.0709880594702722","0.0233529611221404","0.025055090801193","0.0266976866944022","0.0227956260301099","0.0127592756011457","0.0144766024105188","0.0606049983472533","","","",
"United States","USA","Adjusted savings: net forest depletion (% of GNI)","NY.ADJ.DFOR.GN.ZS","","","","","","","","","","","0","0","0","0","0","0","0","0","0","0","0","0","0","0","0","0","0","0","0","0","0","0","0","0","0","0","0","0","0","0","0","0","0","0","0","0","0","0","0","0","0","0","0","0","0","0","0","0","0","0","0","0","","","",
"United States","USA","Adjusted savings: education expenditure (% of GNI)","NY.ADJ.AEDU.GN.ZS","","","","","","","","","","","7.4547239","7","6.9","6.8","6.6","7","7","6.7","6.6","6.3","6.3","6.4","6.2","6.3","6.3","6.1","4.2","6.4","4.3","4.3","4.4","4.5","5.4280995","5.1","5.3558719","4.7893238","4.7893238","4.7893238","4.27047354561159","4.28059875738757","4.51375828866931","4.7469178199512","4.76279807957674","4.92348521694498","4.68150127233305","4.44733636935943","4.68841276947343","4.60755913332684","4.71428397393142","4.71215385260814","4.84096628264901","5.05","4.50200166934699","5.59858947799959","5.44982086123406","4.41444578276255","4.367285833846","4.54245329655914","4.36578883905744","4.43153013979605","4.43153013979605","4.43153013979605","","","",
"United States","USA","Adequacy of social safety net programs (% of total welfare of beneficiary households)","per_sa_allsa.adq_pop_tot","","","","","","","","","","","","","","","","","","","","","","","","","","","","","","","","","","","","","","","","","","","","","","","","","","","","","","","","","","","","","","","","","",
"United States","USA","Coverage of unemployment benefits and ALMP in 2nd quintile (% of population)","per_lm_alllm.cov_q2_tot","","","","","","","","","","","","","","","","","","","","","","","","","","","","","","","","","","","","","","","","","","","","","","","","","","","","","","","","","","","","","","","","","",
"United States","USA","Adequacy of unemployment benefits and ALMP (% of total welfare of beneficiary households)","per_lm_alllm.adq_pop_tot","","","","","","","","","","","","","","","","","","","","","","","","","","","","","","","","","","","","","","","","","","","","","","","","","","","","","","","","","","","","","","","","","",
"United States","USA","PPP conversion factor, private consumption (LCU per international $)","PA.NUS.PRVT.PP","","","","","","","","","","","","","","","","","","","","","","","","","","","","","","","1","1","1","1","1","1","1","1","1","1","1","1","1","1","1","1","1","1","1","1","1","1","1","1","1","1","1","1","1","1","1","1","1","1","1",
"United States","USA","DEC alternative conversion factor (LCU per US$)","PA.NUS.ATLS","1","1","1","1","1","1","1","1","1","1","1","1","1","1","1","1","1","1","1","1","1","1","1","1","1","1","1","1","1","1","1","1","1","1","1","1","1","1","1","1","1","1","1","1","1","1","1","1","1","1","1","1","1","1","1","1","1","1","1","1","1","1","1","1","1",
"United States","USA","Net secondary income (Net current transfers from abroad) (current US$)","NY.TRF.NCTR.CD","","","","","","","","","","","-6618000000","-7904000000","-9227000000","-7868000000","-8735000000","-9142000000","-8122000000","-8112000000","-8842000000","-10552000000","-12618000000","-17039000000","-19836000000","-20495000000","-23642000000","-25652000000","-27763000000","-26809000000","-28988000000","-30400000000","-31734000000","4910000000","-41911000000","-45355000000","-46078000000","-44050000000","-49513000000","-51424000000","-60033000000","-47978000000","-54276000000","-65032000000","-61490000000","-64176000000","-80340000000","-86074000000","-79314000000","-100591000000","-108577000000","-114197000000","-113111000000","-118650000000","-105075000000","-102971000000","-101357000000","-118902000000","-129447000000","-127617000000","-138388000000","-151866000000","-158274000000","-172005000000","-211275000000","-218587000000","",
"United States","USA","Net primary income (Net income from abroad) (constant LCU)","NY.GSR.NFCY.KN","","","","","","","","","","","33683129000","38031400000","41024625000","57222329000","63874626000","49066956000","60260129000","68090081000","67604603000","91958075000","89181550000","78646845000","82433205000","80916708000","76622871000","52007285000","34060851000","34156442000","42741085000","44994247000","60574483000","53461530000","51405978000","50404197000","36388483000","43353871000","47061984000","35011330000","25984659000","45426001000","55143703000","70824531000","63493599000","79405326000","101215225000","95353859000","57393732000","115045134000","169724136000","176423906000","237917064000","268816381000","258394208000","252111671000","253532502000","236746704000","247200300000","307597244000","298199692000","285492986000","211597000000","146454009000","134023265000","86904678000","",
"United States","USA","Gross savings (% of GNI)","NY.GNS.ICTR.GN.ZS","","","","","","","","","","","21.5382581969883","21.5138181502364","22.0846898923629","23.6784046362431","22.565713362334","20.9196024585736","21.5083095181169","22.1991962240777","23.4458622145357","23.6397680414343","22.2815159062117","23.4015577680111","21.6100594011482","19.9036818213133","21.9389254406902","20.5013047900457","19.2250384126605","19.7274810854868","20.557003138346","19.9011814147326","18.9520611837529","19.0027992423168","17.9200780684203","17.3656546913349","18.1513399329183","18.9179295686038","19.7150116317218","20.815997908411","21.2177023791608","20.7960734639565","20.5442901083147","19.3517029408161","18.1689586971441","17.3038198687251","17.582319571427","17.941114994139","18.8501215370988","17.3281414508177","15.1058338491054","13.9329647790787","15.2452855287662","16.0672408790895","17.9525899200982","18.2817127507218","19.2455871216555","19.3669619174148","18.3842288478931","18.7637437837593","19.0220090298588","19.2289416535055","18.2979410543446","17.6416264864849","18.2460339092893","17.4896548232863","17.5405073767063",
"United States","USA","GNI per capita, PPP (current international $)","NY.GNP.PCAP.PP.CD","","","","","","","","","","","","","","","","","","","","","","","","","","","","","","","24030","24470","25540","26510","27780","28800","30080","31540","32920","34630","36470","37310","38160","39690","41990","44380","46460","48370","49050","47680","49310","50790","52450","54020","55890","57530","58690","60940","63760","66080","65040","71770","78310","82600","85980",
"United States","USA","GNI per capita (current LCU)","NY.GNP.PCAP.CN","3002.08929545597","3062.97411600143","3241.85765852799","3373.3573050342","3573.06354552111","3826.51724799466","4141.64653851663","4331.58115274285","4691.63403587259","5025.09477492148","5239.44170259251","5600.12231473411","6100.67366695887","6756.90508661737","7263.36191981445","7799.83609062244","8574.78386497581","9456.40871961823","10557.117505672","11616.0938437271","12530.4037847948","13955.331073013","14554.0610539402","15459.3442033945","17099.4635852857","18116.1715505792","18809.3264982322","19931.1400847748","21498.132916699","22682.7837403117","23645.5855429988","24100.6518276076","25089.8313542341","25909.1793981971","27252.9358558257","28449.7480077213","29870.5984543086","31506.9776312363","33121.2344211068","34731.1926605505","36805.7423495719","37719.9790061342","38440.9024977169","39775.3342374129","42082.6026173884","44569.3847471492","47160.7988140971","48326.9882459423","48418.8528752327","47059.745234702","49082.8334858872","50865.7818645986","52937.4202984529","54118.3633128368","56331.43659934","57822.447690393","58526.8183148661","60736.7639840749","63566.2188795866","65908.8716172747","64715.0538341358","71762.2620383706","78534.100930652","81875.3736180136","85837.0591661096",
"United States","USA","GNI (constant LCU)","NY.GNP.MKTP.KN","","","","","","","","","","","5660525352000","5824037631000","6138387374000","6492886440000","6392808786000","6356193220000","6687393447000","6988427391000","7361154786000","7528806434000","7427806978000","7646842214000","7612601500000","7886070156000","8514198662000","8837592848000","9072595806000","9431881074000","9915644975000","10161443413000","10306116580000","10319287105000","10645923763000","10894036119000","11362022543000","11749752041000","12268162225000","12908509094000","13635752174000","14245443431000","14882103351000","15115846814000","15329989693000","15663792035000","16257673618000","16790173841000","17383450758000","17506906423000","17209070615000","16952267975000","17569206727000","17920893961000","18478479510000","18769154230000","19389468386000","20012971282000","20282646506000","20829061279000","21451073982000","22042635025000","21458070000000","22864591498000","23552071258000","23954172708000","",
"United States","USA","GNI (current LCU)","NY.GNP.MKTP.CN","542390475099.326","562640778342.419","604729643906.495","638380883119.283","685631590686.501","743503780837.106","814082043610.829","860737154023.838","941639100803.844","1018471133696.76","1074358000000","1162927000000","1280507000000","1431849000000","1553299000000","1684554000000","1869603000000","2082670000000","2349856000000","2614260000000","2847221000000","3202274000000","3371652000000","3614271000000","4032481000000","4310272000000","4516740000000","4829096000000","5256272000000","5598542000000","5902482000000","6097007000000","6435893000000","6734288000000","7170956000000","7575542000000","8046960000000","8590598000000","9136625000000","9691392000000","10385197000000","10749023000000","11056572000000","11539140000000","12322009000000","13170993000000","14071835000000","14557597000000","14723881000000","14436590000000","15185160000000","15861958000000","16640301000000","17140708000000","17984237000000","18608138000000","18983369000000","19837150000000","20883383000000","21764838000000","21458070000000","23832230000000","26231750000000","27576136000000","29194127000000",
"United States","USA","Gross domestic savings (% of GDP)","NY.GDS.TOTL.ZS","","","","","","","","","","","21.7825721161685","21.9730437395373","22.3170016652203","23.6201535594818","22.6421993175183","21.2256603343573","21.9513379865187","22.4169551153651","23.7530718460078","24.2530353023389","22.853337075785","23.8864735436809","21.4727364675223","20.8319230563907","22.5515669778159","21.5605791131969","20.8611567176482","20.6384887178014","20.7387349950482","20.9762867849078","20.2236269994486","19.6459509048934","19.5448019708214","19.4433699557006","20.0099187126642","20.0977283415987","20.5080265106857","21.2209256860449","21.1629777763471","20.7242584098094","19.9608953005988","18.6164321260218","17.6990846646438","17.1895780029461","17.4615655447704","17.7012879306199","17.8450467380027","17.4731329113429","16.021378981836","14.873651581317","15.1349978430449","15.3179600577581","16.5569941422251","17.3613954399454","17.7426352889336","18.1511093940371","17.7313088433413","17.8206940166992","18.2090969463905","18.3872667792114","17.3498643959484","16.409338797498","16.9791117428493","17.3875791309142","17.1067567574704",
"United States","USA","Oil rents (% of GDP)","NY.GDP.PETR.RT.ZS","","","","","","","","","","","0.279989372342679","0.333818779233431","0.363638993962318","0.349942007908993","1.57098999295941","1.46934176729797","1.45988735231272","1.48212564068025","1.41341674463219","2.51516039030815","3.14542283209538","2.11596334266715","1.29086632276152","1.54215958455701","1.28028340415492","1.20811027948043","0.485560804966156","0.690238832057989","0.431203634958859","0.539633871691538","0.703237008212799","0.477258781741128","0.44187309463968","0.348054380702048","0.292003228041599","0.295556544481324","0.35131163624796","0.203604050521625","0.0755585072910338","0.164264516670651","0.307551276869583","0.16943295765488","0.172817088546724","0.211788525599514","0.283170634743015","0.350823193456479","0.349464272960025","0.356897499234572","0.521498895801413","0.259640404387642","0.293762700279441","0.370845235110237","0.205925846170308","0.305650080049118","0.292226566231044","0.00752518064782254","0.0922955001311894","0.162525850896316","0.319247607054063","0.368544560120872","0.187625106322478","0.61148265568772","","","",
"United States","USA","GDP per capita growth (annual %)","NY.GDP.PCAP.KD.ZG","","0.618121192654826","4.48066935423357","2.90827194808745","4.34054896320298","5.07809761043299","5.27711385836407","1.38995128628365","3.75881936763196","2.09736970647879","-0.944145118142501","1.99497895044678","4.13472763683687","4.64211335793088","-1.44513289800848","-1.18474293776595","4.39135849431463","3.57717981301823","4.42288716888149","2.03373169909354","-1.20932407186373","1.53630241816711","-2.73469491239689","3.631858038047","6.31198922205458","3.25057626050496","2.51089496974166","2.53404234695518","3.23533791731938","2.6977602234066","0.741486717782863","-1.43424757841728","2.09666863144402","1.40572318704217","2.76110897028734","1.46892916699841","2.57246399944282","3.19716560770618","3.27222984199015","3.59198037193539","2.92586254370109","-0.0387319237247254","0.7612368560753","1.91588247508415","2.89111091581917","2.53411070482159","1.79819874456308","1.03834382130532","-0.828888119464764","-3.42683193789478","1.82992369379657","0.762796405429199","1.47570596897309","1.34816252731798","1.71094543857326","2.12741138123612","1.02266589117943","1.75014094923958","2.36444249943987","2.05676590328193","-2.56180738534749","5.88834103890834","1.92386172918107","2.03559987540991","1.79419235153047",
"United States","USA","Natural gas rents (% of GDP)","NY.GDP.NGAS.RT.ZS","","","","","","","","","","","0","0.00255782266571012","0.0454440051971043","0.107643076024198","1.02526290817853","0.834988622080964","0.779312812908034","0.779327725533135","0.676187358589122","1.82310670000573","1.73021092303789","1.00605281950038","0.187008816496244","0.582812921655813","0.620408255950344","0.459517748823951","0.099748388635223","0.276862781681907","0.179156248622811","0.18431805922785","0.161037648738278","0.125303136591617","0.214792748649505","0.307270497360323","0.240785235961574","0.156582984239874","0.301639931615311","0.321971098127724","0.211303030343375","0.25338309838657","0.579475920941945","0.466751378646037","0.302755619486716","0.612792290539168","0.569511287090411","0.797236904730241","0.382513454180692","0.339351155793805","0.551540732489892","0.0450657683061133","0","0","0","0","0.0523192680969993","0","0","0","0.00818925823914368","0","0","0.363207721748918","","","",
"United States","USA","GDP growth (annual %)","NY.GDP.MKTP.KD.ZG","","2.29999999999977","6.10000000000011","4.39999999999982","5.8000000000003","6.39999999999981","6.50000000000021","2.49999999999999","4.7999999999997","3.09999999999999","0.216606498194878","3.29272245005524","5.25550195781351","5.64567976314829","-0.540550192633191","-0.205619191121627","5.38803391770217","4.62418650601657","5.53520648243719","3.16598821816159","-0.256775731395592","2.53770126828974","-1.80301378934359","4.58379098362749","7.23645316474058","4.16957534699196","3.46265505694664","3.45462966856461","4.1769823865164","3.67223784383981","1.88596558187626","-0.108312882368935","3.52249717301392","2.75179586709815","4.02902272983438","2.6844307317787","3.77277269119453","4.44712793566428","4.48313335374613","4.78842504725272","4.07758575682804","0.955538348341605","1.70044732643726","2.79560596320081","3.84777169556921","3.48354993555606","2.78453963650701","2.00385829784946","0.113587249881704","-2.57650022958367","2.69519257744442","1.56440685763506","2.28911338669843","2.11783009790057","2.52381981363968","2.94555045484053","1.81945147788167","2.45762229852507","2.96650506901305","2.58382533412825","-2.16302914036166","6.05505293244555","2.51237531986017","2.88755600749487","2.79300127716779",
"United States","USA","GDP (current US$)","NY.GDP.MKTP.CD","541988586206.897","561940310344.828","603639413793.103","637058551724.138","684144620689.655","741904862068.965","813032758620.69","859620034482.759","940225000000","1017438172413.79","1073303000000","1164850000000","1279110000000","1425376000000","1545243000000","1684904000000","1873412000000","2081826000000","2351599000000","2627333000000","2857307000000","3207041000000","3343789000000","3634038000000","4037613000000","4338979000000","4579631000000","4855215000000","5236438000000","5641580000000","5963144000000","6158129000000","6520327000000","6858559000000","7287236000000","7639749000000","8073122000000","8577554457000","9062818202000","9631174489000","10250947997000","10581929774000","10929112955000","11456442041000","12217193198000","13039199193000","13815586948000","14474226905000","14769857911000","14478064934000","15048964444000","15599728123000","16253972230000","16843190993000","17550680174000","18206020741000","18695110842000","19477336549000","20533057312000","21380976119000","21060473613000","23315080560000","25604848907611","27292170793214.4","28750956130731.2",
"United States","USA","Gross value added at basic prices (GVA) (constant 2015 US$)","NY.GDP.FCST.KD","","","","","","","","","","","","","","","","","","","","","","","","","","","","","","","","","","","","","","","","","","","","","","","","","","","","","","","","17543951899000","","","","","","","","","",
"United States","USA","Discrepancy in expenditure estimate of GDP (current LCU)","NY.GDP.DISC.CN","","","","","","","","","","","-1000000","-1000000","1000000","0","0","0","0","0","0","0","0","-1000000","0","0","0","0","0","0","-1000000","1000000","1000000","-1000000","-1000000","0","-1000000","1000000","1000000","2457000","1202000","2489000","-4003000","-226000","4955000","-7959000","-2802000","2193000","3948000","-1095000","-2089000","-2066000","-7556000","-4877000","1230000","-37493007000","-57457826000","-88998259000","-109802158000","-134765451000","-123457688000","-159005881000","-293631387000","-366090440000","-402043092389","-428538206785.602","-451543869268.801",
"United States","USA","Inflation, GDP deflator (annual %)","NY.GDP.DEFL.KD.ZG","","1.35015389642155","1.24463471200136","1.0883860113685","1.50393967901161","1.91982581124741","2.89877853468343","3.15127936555442","4.36718824053666","4.95848844957479","5.26272847566887","5.06980751238247","4.32612665299392","5.47992344395666","8.99869301549148","9.26279066151952","5.50349189059169","6.21333272761875","7.03393065142166","8.29672199290495","9.03310538674771","9.46216408643863","6.17840415131241","3.91690878731939","3.6078793071034","3.16252525564687","2.013892531929","2.47738846284705","3.52749987057291","3.92075947277246","3.74332910290993","3.38181132928619","2.27885435686852","2.37032483115907","2.13519841735091","2.09668849018388","1.83076455410848","1.72447709809653","1.1238500628244","1.41511088107644","2.2651288147518","2.25173732242698","1.5540332709749","1.97419763134899","2.68913538808953","3.13549555899142","3.08384885691085","2.70922136624263","1.92668919011163","0.616794207923618","1.21525703756249","2.0631285696588","1.86220422011765","1.47598650286378","1.63535305156384","0.765879740073601","0.85147588450198","1.68508382434676","2.3830537225445","1.50677251688072","0.67870182942977","4.38483807578484","7.12948085418195","3.59839135535658","2.48272509502563",
"United States","USA","Adjusted net savings, excluding particulate emission damage (current US$)","NY.ADJ.SVNX.CD","","","","","","","","","","","","","","","","","","","","","","","","","","","","","","","385968235558.241","405895563729.093","438332459648.687","399008942226.747","519648982764.584","561248626709.382","663569535760.436","825561572143.173","896866896798.569","894514870844.151","903991699380.828","816970552613.5","715431396845.534","641246764783.479","699426947066.63","712145389899.913","953713572158.578","695281329089.126","259064889550.507","122130438717.123","432332576207.611","629138282830.062","993181188733.671","1262126718488.9","1476811849215.82","1416112253201.18","1198177761023.82","1388883081463.54","1433607506267.76","1498549183556.76","1236542813992.44","1032176568888.06","","","",
"United States","USA","Adjusted net national income per capita (constant 2015 US$)","NY.ADJ.NNTY.PC.KD","","","","","","","","","","","22566.4082273613","22875.0386945317","23859.8260944413","24920.3367802513","23621.0610117826","23317.9770510494","24252.0084166172","24972.2557610529","25972.636971311","25521.4885270712","24714.1153974505","25518.5075868994","25583.7371349558","26159.7198071991","28018.0363118483","28931.2815659873","29672.0571417921","30472.6050954229","31946.0308167427","32378.3034996195","32442.7974691532","32123.0898478954","32776.6304599234","33081.5954513271","34131.6468874047","34857.4367347599","35944.1421817233","37430.417314962","39178.6293928621","40340.6601082997","41415.8406194695","41642.8815188555","41869.4489035016","42307.4168457215","43522.3450676985","44305.9002967145","45530.2774132482","45250.6022191186","43633.2704330417","42813.9302709209","44271.9833638472","44817.1664020804","46161.8192650325","46453.4301697781","47623.5082022165","48913.853095805","49048.4310589001","50024.7586172244","51173.2753673925","52074.478166183","50082.3724581563","52628.1676197154","","","",
"United States","USA","Adjusted net national income (current US$)","NY.ADJ.NNTY.CD","","","","","","","","","","","933692628169.104","1009814317160.75","1114140382551.79","1245860075443.47","1309179007769.07","1410495710862.61","1571823443992.07","1750494017517.24","1979576230643.81","2142037722730.51","2298862154264.31","2627857825740.3","2790093315945.4","2985644590356.31","3368501841637.32","3608128281405.94","3807525077381.89","4058367637312.88","4440661070801.72","4723759474100.79","4968811426220.28","5131527299974.18","5436951985204.29","5690464526236.49","6079147697995.3","6419103361004.81","6822665631685.81","7308349275122.84","7800487715538.62","8255236998659.39","8794138409420.54","9087323150609.16","9349459329790.41","9734670026188.77","10404890989299","11068418255750.9","11852135464350.7","12207641597201.4","12214101693747.1","12009894039948.5","12722091661665.9","13296413540065.9","14049366650049.1","14448714729140.7","15165776173714.4","15741217552602.7","16012842178567.7","16734705033537.7","17602894205765.3","18261844597577.2","17860069690350.5","19593000990250.4","","","",
"United States","USA","Adjusted savings: natural resources depletion (% of GNI)","NY.ADJ.DRES.GN.ZS","","","","","","","","","","","0.356247014140771","0.359926839103879","0.418241945857121","0.509965063571762","2.39663891656231","2.11024930800197","2.00863798818637","2.03315851868813","1.83346423634868","3.75955176311579","4.20648163562863","2.71081401303585","1.31669490808095","1.82336321203949","1.6218110828433","1.43405237107334","0.525068942605937","0.830945879509788","0.588572710187609","0.649536462219432","0.761510761048029","0.538478695086493","0.594673279597839","0.591132242284841","0.495007808546173","0.438389350300214","0.595773337465513","0.484248132344053","0.276276179709136","0.373737767859449","0.754109129936156","0.551203828387585","0.405229958440613","0.703053758290956","0.738164181018757","0.965125573636261","0.640690186340666","0.616185145984191","0.986321952175243","0.311232917042184","0.389242928907631","0.499041174696241","0.301236602660115","0.339759968147249","0.345245229305008","0.0445198508958064","0.108120553787884","0.161534562109183","0.281042680633902","0.303628714693029","0.160766559819045","0.81519312438195","","","",
"United States","USA","Adjusted savings: energy depletion (current US$)","NY.ADJ.DNGY.CD","","","","","","","","","","","2699306402.86461","3495678873.87187","4652558114.84896","5779572422.15923","34630970427.9945","33724854552.6184","36277713244.1767","40535349034.534","42180564370.0167","96501086562.9045","117597864532.082","85048221145.9776","43456302641.9233","64773136754.4068","64652690209.4587","60965027224.8412","23083119895.0642","39039667421.7731","27010800629.0639","34514030270.1547","43167956717.8382","31658258223.6674","36394421248.0287","37940730321.0931","32907822969.2444","30011337537.4307","45467906048.6099","39395857270.7166","23551979208.5486","34792091484.8403","77373340697.792","58685390053.7295","44413591363.1493","80202476581.1976","89334341567.6705","124905382007.102","84278768263.5565","83255303203.1743","135960764722.805","38737825477.1029","39726863159.4569","50629576150.4416","30343866045.5022","42616286915.5177","49484478955.0211","3949934250.46302","15799448943.6363","26813055627.4127","54070102599.4398","63306386692.8454","31411906298.6053","178211930410.197","","","",
"United States","USA","Adjusted savings: consumption of fixed capital (current US$)","NY.ADJ.DKAP.CD","","","","","","","","","","","136838999972.244","148926000046.33","161011000054.569","178685999993.082","206893999939.966","238510000009.466","260225999921.657","289831999961.601","327195999990.492","373881999887.079","428432000004.441","487230999890.268","536962999910.004","562623999910.389","598393999814.08","640137000202.048","685295000051.187","730384999919.565","784496000178.202","838258000010.242","888532000281.455","932393000183.139","960247000235.912","1003497999994.85","1055609999662.34","1122381000333.04","1175305999650.92","1239325355005.13","1309737173523.47","1398934361532.49","1511224409710.3","1599511116685.74","1657976751539.93","1719079805495.16","1821827582129.23","1971024331176.15","2124124606602.16","2252805829387.24","2358841346514.41","2371475662222.49","2390925117012.94","2474466543533.76","2575995354099.52","2681217202928.69","2815024905031.54","2911384638089.51","2987071774204.39","3118723928731.46","3275617890488.86","3436609018470.81","3577769935165.49","3831586928396.06","","","",
"United States","USA","Adjusted savings: carbon dioxide damage (current US$)","NY.ADJ.DCO2.CD","","","","","","","","","","","","","","","","","","","","","","","","","","","","","","","58703950662.0417","61580486245.0818","65367236167.2537","70042952009.7399","74196773699.1836","78224913134.8864","83939734802.2368","91776259549.4523","95705292128.9238","99565756129.2736","107208339920.029","111555567362.556","112714997739.415","118911699012.655","126600655998.82","133862120496.559","138634942082.988","147728867797.194","149174352334.996","142407591702.45","154097023767.138","154320146235.884","153985026588.993","164604101461.513","171963625322.684","173541053921.626","175769102440.531","180326819012.601","194926407281.374","196461430962.503","191739981483.617","210317902107.058","","","",
"United States","USA","Services, value added (constant LCU)","NV.SRV.TOTL.KN","","","","","","","","","","","","","","","","","","","","","","","","","","","","","","","","","","","","","","","","","","","","","","","","","","","","","","","","","","","","","","","","","",
"United States","USA","Services, value added (current US$)","NV.SRV.TOTL.CD","","","","","","","","","","","","","","","","","","","","","","","","","","","","","","","","","","","","","","6159458536000","6563276616000","7000885499000","7464581210000","7832476607000","8181938471000","8546975401000","9060733083000","9652356220000","10182276636000","10699646961000","11021199447000","11077795034000","11478931620000","11840427051000","12379642957000","12769842707000","13308249200000","13971736585000","14477436424000","15003964723000","15756152124000","16502075586000","16456124708000","18092318398000","","","",
"United States","USA","Other manufacturing (% of value added in manufacturing)","NV.MNF.OTHR.ZS.UN","","","","47.6091041971184","47.5137583402328","47.9148220293961","48.2757239556214","48.0633802816901","47.6954471887974","48.0985961906017","48.4147930377844","48.1533501452421","48.3162310788593","48.6434300425785","49.3986864293956","47.9728656669011","48.1709831333818","48.9899596670385","48.9761926591486","49.9832072759515","49.6648915443564","49.4233996643491","48.7196339029259","48.6991722004912","48.9384050581277","48.7605876921842","48.7569943270925","48.5551969012266","48.4321059840287","48.3645791783008","48.3522551073663","47.4900173312872","48.2738510792838","48.3897725109911","48.6794949619865","49.7747976466017","49.7749737463299","41.2316676459763","41.1775095239711","41.3165007213405","42.0002998239754","42.1313971224525","41.8915082515594","41.6591512294005","42.6286152105505","43.2632440979177","44.2105917056747","43.7250121372892","43.572008346803","37.4551903060496","37.9829711000437","39.0482899797948","39.4561203380567","39.6003711394804","38.2375173804781","38.2315122312447","38.0614410235281","37.8992340321818","39.7037716787361","39.2514443028019","37.7346023704778","40.8465259435638","37.55896893988","36.5244054622598","",
"United States","USA","Industry (including construction), value added (% of GDP)","NV.IND.TOTL.ZS","","","","","","","","","","","","","","","","","","","","","","","","","","","","","","","","","","","","","","23.1321011361316","22.6705577802122","22.5585977336559","22.451586084268","21.4690044492824","20.65246551384","20.7394766935216","20.9500365551967","21.206269818199","21.5869617861711","21.423882162085","20.793507368224","19.2684772980173","19.3102572393851","19.407502343174","19.1626113169507","19.2416260217373","19.3315152083176","18.5871320435183","18.0422212818459","18.4354240836094","18.6308982431189","18.2804280414808","17.5084284843618","17.8846533610262","","","",
"United States","USA","Industry (including construction), value added (current LCU)","NV.IND.TOTL.CN","","","","","","","","","","","","","","","","","","","","","","","","","","","","","","","","","","","","","","1984168572000","2054591437000","2172657910000","2301500414000","2271834974000","2257131284000","2376006127000","2559506441000","2765127763000","2982365475000","3100941316000","3071171493000","2789702655000","2905993746000","3027517601000","3114685522000","3240903821000","3392812407000","3383977115000","3373013267000","3590729593000","3825493014000","3908533954000","3687357961000","4169821339000","","","",
"United States","USA","Manufacturing, value added (annual % growth)","NV.IND.MANF.KD.ZG","","","","","","","","","","","","","","","","","","","","","","","","","","","","","","","","","","","","","","","","","","","","","","","","","","","","","","","","","","","","","","","","","",
"United States","USA","Political Stability and Absence of Violence/Terrorism: Standard Error","PV.STD.ERR","","","","","","","","","","","","","","","","","","","","","","","","","","","","","","","","","","","","","0.373912304639816","","0.345668405294418","","0.313380271196365","","0.286041706800461","0.282846570014954","0.278957605361938","0.270123898983002","0.245767414569855","0.239249795675278","0.241307944059372","0.241539120674133","0.239330947399139","0.238522350788116","0.21966552734375","0.225787356495857","0.192247405648232","0.196433380246162","0.203295975923538","0.20169934630394","0.20242528617382","0.208942696452141","0.208623453974724","0.212362676858902","0.214086413383484","0.208098113536835","",
"United States","USA","Political Stability and Absence of Violence/Terrorism: Number of Sources","PV.NO.SRC","","","","","","","","","","","","","","","","","","","","","","","","","","","","","","","","","","","","","4","","4","","5","","6","6","7","7","8","8","8","8","8","9","9","9","9","9","9","10","10","9","8","8","8","8","",
"United States","USA","Coverage of social insurance programs in 3rd quintile (% of population)","per_si_allsi.cov_q3_tot","","","","","","","","","","","","","","","","","","","","","","","","","","","","","","","","","","","","","","","","","","","","","","","","","","","","","","","","","","","","","","","","","",
"United States","USA","Benefit incidence of social insurance programs to poorest quintile (% of total social insurance benefits)","per_si_allsi.ben_q1_tot","","","","","","","","","","","","","","","","","","","","","","","","","","","","","","","","","","","","","","","","","","","","","","","","","","","","","","","","","","","","","","","","","",
"United States","USA","Coverage of social safety net programs in 3rd quintile (% of population)","per_sa_allsa.cov_q3_tot","","","","","","","","","","","","","","","","","","","","","","","","","","","","","","","","","","","","","","","","","","","","","","","","","","","","","","","","","","","","","","","","","",
"United States","USA","Benefit incidence of social safety net programs to poorest quintile (% of total safety net benefits)","per_sa_allsa.ben_q1_tot","","","","","","","","","","","","","","","","","","","","","","","","","","","","","","","","","","","","","","","","","","","","","","","","","","","","","","","","","","","","","","","","","",
"United States","USA","Coverage of unemployment benefits and ALMP in 3rd quintile (% of population)","per_lm_alllm.cov_q3_tot","","","","","","","","","","","","","","","","","","","","","","","","","","","","","","","","","","","","","","","","","","","","","","","","","","","","","","","","","","","","","","","","","",
"United States","USA","Benefit incidence of unemployment benefits and ALMP to poorest quintile (% of total U/ALMP benefits)","per_lm_alllm.ben_q1_tot","","","","","","","","","","","","","","","","","","","","","","","","","","","","","","","","","","","","","","","","","","","","","","","","","","","","","","","","","","","","","","","","","",
"United States","USA","Adequacy of social protection and labor programs (% of total welfare of beneficiary households)","per_allsp.adq_pop_tot","","","","","","","","","","","","","","","","","","","","","","","","","","","","","","","","","","","","","","","","","","","","","","","","","","","","","","","","","","","","","","","","","",
"United States","USA","Official exchange rate (LCU per US$, period average)","PA.NUS.FCRF","1","1","1","1","1","1","1","1","1","1","1","1","1","1","1","1","1","1","1","1","1","1","1","1","1","1","1","1","1","1","1","1","1","1","1","1","1","1","1","1","1","1","1","1","1","1","1","1","1","1","1","1","1","1","1","1","1","1","1","1","1","1","1","1","1",
"United States","USA","Net secondary income (Net current transfers from abroad) (current LCU)","NY.TRF.NCTR.CN","","","","","","","","","","","-6618000000","-7904000000","-9227000000","-7868000000","-8735000000","-9142000000","-8122000000","-8112000000","-8842000000","-10552000000","-12618000000","-17039000000","-19836000000","-20495000000","-23642000000","-25652000000","-27763000000","-26809000000","-28988000000","-30400000000","-31734000000","4910000000","-41911000000","-45355000000","-46078000000","-44050000000","-49513000000","-51424000000","-60033000000","-47978000000","-54276000000","-65032000000","-61490000000","-64176000000","-80340000000","-86074000000","-79314000000","-100591000000","-108577000000","-114197000000","-113111000000","-118650000000","-105075000000","-102971000000","-101357000000","-118902000000","-129447000000","-127617000000","-138388000000","-151866000000","-158274000000","-172005000000","-211275000000","-218587000000","",
"United States","USA","Taxes less subsidies on products (current US$)","NY.TAX.NIND.CD","","","","","","","","","","","","","","","","","","","","","","","","","","","","","","","","","","","","","","319253019000","334927816000","346753048000","366923542000","358121013000","383625131000","405028344000","442347093000","471698368000","511478257000","518022744000","521960279000","471536430000","509119420000","544499516000","572832030000","609931736000","643913169000","662068841000","668432707000","698217434000","765813736000","791020195000","717159181000","829217085000","","","",
"United States","USA","Gross savings (% of GDP)","NY.GNS.ICTR.ZS","","","","","","","","","","","21.5594291639919","21.4783019272868","22.1088100319754","23.7859343780167","22.6833578925774","20.9152568929743","21.4645790674982","22.2081960740235","23.4284841930958","23.5221420352883","22.2028644454376","23.3667732966308","21.7901308964172","19.795417659364","21.9110400129978","20.3656666695091","18.9610254625318","19.6213555939335","20.6348666784559","19.749360994615","18.7592652466551","18.814188530315","17.6880246956939","17.051004445686","17.8617050415274","18.7589369755472","19.6511225768668","20.8476519614593","21.3904974897564","20.9260978741676","20.813343318339","19.657274659967","18.3808512938917","17.4287269368118","17.7331647694224","18.1224549531276","19.1997488777268","17.427949807313","15.0588110826952","13.8930513792376","15.383257822255","16.3373295989846","18.3792918907922","18.6046397105057","19.721013463213","19.7947209402226","18.6676935456278","19.1103747200543","19.346553899104","19.5741671320652","18.6433841524645","18.0329336164215","18.6927640825769","17.6716283821554","17.8108789729135",
"United States","USA","GNI per capita, PPP (constant 2021 international $)","NY.GNP.PCAP.PP.KD","","","","","","","","","","","","","","","","","","","","","","","","","","","","","","","43036.8737003445","42519.8823156746","43261.5964626158","43689.8995830102","45011.3611284503","45996.3826700119","47470.2866789843","49350.2885438455","51526.4327664821","53215.6991574854","54978.8209309028","55292.3687115628","55557.8208359591","56281.7466467449","57877.4959418945","59224.7963316984","60729.0759976629","60581.456656952","58990.2011523742","57602.7239580026","59196.04202942","59904.4192387011","61277.0842202666","61771.8863103192","63307.4724874314","64823.9347954948","65183.3250552394","66477.1409142239","68062.0192248884","69579.6452875992","67458.3291222666","71767.0587898046","73500.5148765247","74136.3707949527","",
"United States","USA","GNI per capita (constant 2015 US$)","NY.GNP.PCAP.KD","","","","","","","","","","","25667.5298782977","26077.1771550776","27192.0202883695","28489.1670070673","27794.9362745237","27364.5919043311","28518.1932153597","29503.706344536","30749.7367440758","31104.900149123","30394.5587798531","30985.2589369634","30553.8464288541","31363.3421662907","33569.5316562114","34537.1966094615","35129.426710111","36195.6153772514","37708.150126882","38279.6678332894","38388.5579631487","37927.4056528058","38589.0089263194","38971.0519919367","40149.785454","41028.4170387771","42343.1279974428","44020.0750977958","45961.1788872701","47467.9914224405","49040.6823866167","49320.3645781229","49557.1458168061","50202.8820322635","51626.2780423461","52828.059553426","54169.8653628291","54038.1900544222","52618.8024707192","51381.1835611873","52802.4109385338","53434.2779218936","54658.6844523423","55100.0440837723","56469.7750586085","57822.447690393","58143.021018132","59297.0947420296","60710.7939181616","62064.5046100769","60172.307023002","64015.6605096309","65561.8899110729","66129.0684647651","",
"United States","USA","GNI, PPP (current international $)","NY.GNP.MKTP.PP.CD","","","","","","","","","","","","","","","","","","","","","","","","","","","","","","","5997836000000","6189716000000","6551404000000","6889717000000","7310202000000","7667700999999.99","8103990999999.99","8600853000000","9080227999999.99","9662074999999.99","10289432000000","10632293000000","10974902000000","11514946000000","12293909000000","13113997000000","13862043000000","14569892000000","14915076000000","14628310000000","15254604000000","15837664000000","16486660000000","17110921000000","17843297000000","18515147000000","19036279000000","19905052000000","20946823000000","21821877000000","21565702000000","23833823000000","26156164000000","27820754000000","29243108000000",
"United States","USA","GNI: linked series (current LCU)","NY.GNP.MKTP.CN.AD","","","","","","","","","","","","","","","","","","","","","","","","","","","","","","","5997836000000","6189716000000","6551404000000","6889717000000","7310202000000","7667700999999.99","8103990999999.99","8600853000000","9080227999999.99","9662074999999.99","10289432000000","10632293000000","10974902000000","11514946000000","12293909000000","13113997000000","13862043000000","14569892000000","14915076000000","14628310000000","15254604000000","15837664000000","16486660000000","17110921000000","17843297000000","18515147000000","19036279000000","19905052000000","20946823000000","21821877000000","21565702000000","23833823000000","26156164000000","27820754000000","29243108000000",
"United States","USA","Gross domestic income (constant LCU)","NY.GDY.TOTL.KN","","","","","","","","","","","5672798581949.75","5852166740485.64","6154456809857.28","6498658196756.75","6421450070867.42","6413278962809.55","6759367136353.53","7057400235223.15","7445784484125.04","7666678527949.49","7601969325726.68","7802124361304.86","7676693737071.67","8044520964844.54","8633387938620.01","8994629263264.51","9298931947255.64","9602904426421.84","10002705978489.3","10364878253551","10543939837284.8","10542045910299.4","10907950974366.3","11214772994272.2","11666371323380.2","11971816593886.6","12425203683465.3","12992956194721.2","13612192547349.8","14247666498637.4","14797074044948.6","14964253556244.1","15223671111657","15632285065633","16217081478400.4","16747692014411.8","17197485147318.3","17538654193250.8","17467637808682.8","17116278522333.4","17541412104924.6","17784225998708.4","18197473923231","18610892948386.1","19095581783574.5","19734979926787.9","20127439760872.6","20630303093651.1","21258005050383.6","21836146368098.7","21354105000000","22739497614309.4","23377969362492.8","24065893063880.9","24744520093249.3",
"United States","USA","Total natural resources rents (% of GDP)","NY.GDP.TOTL.RT.ZS","","","","","","","","","","","0.65568149303359","0.667661828608719","0.729815851646216","0.91132816425109","3.27619947384599","3.23053256837185","3.09034779340366","3.11411864965977","2.7284929152032","5.04456547753607","5.68150196298393","4.04888001250875","2.39193449570472","2.66669832726867","2.33920575265163","2.09298182286231","0.910129605763473","1.2173139452471","0.96888198069868","1.07193822037119","1.23250818918509","0.908448702232653","0.93569465521117","0.892085449925274","0.761582644142974","0.815170233171652","0.999135594441053","0.84570606694479","0.548987113142318","0.642858628809835","1.11328917528516","0.915678454324647","0.689227378994075","1.0459220644239","1.25369196394813","1.49664347432686","1.13066389011262","1.07811498701399","1.92914075974883","0.743921134944805","0.968704075093042","1.23502930471558","0.776694501385092","0.750833995599957","0.703153661885122","0.234371770177788","0.303325431060077","0.427546323641111","0.595678810382377","0.557098125905551","0.329505971924439","1.27994423022721","","","",
"United States","USA","GDP per capita (constant LCU)","NY.GDP.PCAP.KN","20561.5528711542","20688.6481869897","21615.6381061094","22244.2796455495","23209.8034950763","24388.419971746","25675.424661911","26032.300557258","27010.8077124444","27577.3242108805","27316.9542506291","27861.9217378323","29013.9363160803","30360.7961294707","29922.0422765064","29567.5429938002","30865.9598046185","31970.0906878437","33384.0917267561","34063.0345826576","33651.1021058422","34168.0848012342","33233.6919245114","34440.6924360115","36614.5852305735","37804.7702459609","38754.0083203891","39736.0513023703","41021.6468370014","42128.3125083563","42440.6883500319","41831.9838051079","42709.0618874603","43309.4330733806","44505.2537149503","45159.0043676158","46320.7034974795","47801.6530989485","49365.8330566169","51139.044090453","52635.3022267023","52614.9155615916","53015.4396906393","54031.1532087611","55593.2537771226","57002.0483722473","58027.0584904523","58629.5788669731","58143.6052532525","56151.1216185906","57178.6442974217","57614.8009407956","58465.0259972909","59253.2295693731","60267.0199978976","61549.1474404647","62178.5895776501","63266.8025355082","64762.7097026944","66094.7270339009","64401.5074354212","68193.6878274167","69505.6400892456","70920.4968123051","72192.9469417789",
"United States","USA","GDP per capita (current US$)","NY.GDP.PCAP.CD","2999.86487154495","3059.16082086127","3236.01311150062","3366.36978960346","3565.31443016356","3818.28825117968","4136.30829579106","4325.95935063186","4684.58840293763","5019.99818634473","5234.2966662115","5609.38259952519","6094.01798986165","6726.35895596695","7225.69135952566","7801.45666356443","8592.25353727612","9452.57651914511","10564.9482220275","11674.1818666548","12574.7915062163","13976.10539252","14433.787727053","15543.8937174925","17121.2254849995","18236.8277265009","19071.2271949295","20038.9410992658","21417.0119305191","22857.1544330056","23888.6000088133","24342.2589048189","25418.9907763319","26387.2937338171","27694.853416234","28690.8757013347","29967.7127181749","31459.1389804773","32853.6769523009","34515.3902272076","36329.9560727102","37133.623113437","37997.7596573051","39490.2749557007","41724.6316287624","44123.4070679055","46302.0008800056","48050.2237771135","48570.0459804586","47194.9433547336","48642.6100179312","50024.868799398","51708.4011556577","53179.0127634561","54973.4207515712","56572.9188996063","57638.1018367192","59635.0984397965","62499.8744390068","64746.4506778863","63515.9491807833","70205.050916026","76657.2488844403","81032.262117545","84534.0407841548",
"United States","USA","GDP (constant LCU)","NY.GDP.MKTP.KN","3714876318784.3","3800318474116.33","4032137901037.43","4209551968683.07","4453705982866.7","4738743165770.16","5046761471545.23","5172930508333.86","5421231172733.87","5589289339088.62","5601396103000","5785834530000","6089909177000","6433725947000","6398948429000","6385790963000","6729859546000","7041060803000","7430798057000","7666056248000","7646371676000","7840413747000","7699050006000","8051958366000","8634634562000","8994662156000","9306116280000","9627608134000","10029751630000","10398067965000","10594171948000","10582697095000","10955472301000","11256944535000","11710489389000","12024849365000","12478519598000","13033455329000","13617762512000","14269838863000","14851703780000","14993617505000","15248576073000","15674866175000","16277999239000","16845051471000","17314108606000","17661058808000","17681119519000","17225565434000","17689827595000","17966568471000","18377843595000","18767055098000","19240701753000","19807446331000","20167833206000","20663482372000","21276465624000","21826212333000","21354105000000","22647107361000","23216087697000","23886465232000","24553614511000",
"United States","USA","GDP (current LCU)","NY.GDP.MKTP.CN","541988586206.897","561940310344.828","603639413793.103","637058551724.138","684144620689.655","741904862068.965","813032758620.69","859620034482.759","940225000000","1017438172413.79","1073303000000","1164850000000","1279110000000","1425376000000","1545243000000","1684904000000","1873412000000","2081826000000","2351599000000","2627333000000","2857307000000","3207041000000","3343789000000","3634038000000","4037613000000","4338979000000","4579631000000","4855215000000","5236438000000","5641580000000","5963144000000","6158129000000","6520327000000","6858559000000","7287236000000","7639749000000","8073122000000","8577554457000","9062818202000","9631174489000","10250947997000","10581929774000","10929112955000","11456442041000","12217193198000","13039199193000","13815586948000","14474226905000","14769857911000","14478064934000","15048964444000","15599728123000","16253972230000","16843190993000","17550680174000","18206020741000","18695110842000","19477336549000","20533057312000","21380976119000","21060473613000","23315080560000","25604848907611","27292170793214.4","28750956130731.2",
"United States","USA","Gross value added at basic prices (GVA) (constant LCU)","NY.GDP.FCST.KN","","","","","","","","","","","","","","","","","","","","","","","","","","","","","","","","","","","","","","","","","","","","","","","","","","","","","","","","","","","","","","","","","",
"United States","USA","Discrepancy in expenditure estimate of GDP (constant LCU)","NY.GDP.DISC.KN","","","","","","","","","","","0","0","0","0","0","0","0","0","0","0","0","0","0","0","-0.0009765625","0","0","0","0","0","0","0","0","0","0","0","0","0","0","0","0","0","0","0","0","0","0.001953125","0","0","0","0","0","0","0","0","0","0","0","0","0","0","0","0","0","0",
"United States","USA","Inflation, GDP deflator: linked series (annual %)","NY.GDP.DEFL.KD.ZG.AD","","","","","","","","","","","","","","","","","","","","","","","","","","","","","","","3.74332910140703","3.38181132881465","2.27885435294172","2.37032483199231","2.13519842108352","2.09668848836537","1.83076455392583","1.72444795727333","1.12386562058171","1.41509812070331","2.26519517470729","2.25168992057598","1.55399465540485","1.97431470542544","2.68908760105518","3.13545455923558","3.08383673473473","2.70925848574801","1.92670969909501","0.616780713039617","1.21528668332607","2.06310947443657","1.86216492948196","1.70188036200072","1.74161805327677","0.928042793340694","0.950322477762683","1.79080328635395","2.29089027694309","1.65046566913468","1.32883273821456","4.56598550261991","7.1294808542103","3.59839135378085","2.41809815948876",
"United States","USA","Adjusted net savings, excluding particulate emission damage (% of GNI)","NY.ADJ.SVNX.GN.ZS","","","","","","","","","","","","","","","","","","","","","","","","","","","","","","","6.53929636731237","6.65757270232654","6.81119681640432","5.92549286264015","7.24729138163481","7.40952504477585","8.2472931362547","9.61154748161511","9.81742029522057","9.23094999750424","8.70590032770531","7.60250752776341","6.4731900256223","5.55921392260875","5.67825311276378","5.40876105645498","6.78009151293188","4.77853200825538","1.76017757679982","0.846583678129967","2.84952871112346","3.96933221503564","5.95589655861557","7.3429277018746","8.18491467824656","7.58865592943314","6.2994089740002","6.98438319090852","6.84712804586711","6.88527940455043","5.75876528705945","4.37046038983705","","","",
"United States","USA","Adjusted net national income per capita (annual % growth)","NY.ADJ.NNTY.PC.KD.ZG","","","","","","","","","","","","1.36765436511159","4.30507424735018","4.44475446557024","-5.21371673234496","-1.28310900421474","4.00562777604148","2.96984617547034","4.00597054519356","-1.73701439995557","-3.16350329160591","3.25478851463122","0.255616625832531","2.25136253239691","7.10373244952613","3.25949057947652","2.56046582006837","2.69798602033298","4.83524699219488","1.35313424492851","0.199188847353952","-0.985450226854539","2.03448863456941","0.930434236602395","3.1741257389551","2.12644250583465","3.11757130976807","4.13495786246487","4.67056528702194","2.96598102956938","2.66525264654405","0.548198215924472","0.544072303314309","1.04603225905673","2.87166722186647","1.80035158444964","2.76346289847204","-0.614262003262581","-3.57416632434023","-1.87778764687859","3.40555768578112","1.23144028527624","3.00030762964442","0.631714497800402","2.51881944597407","2.7094704743495","0.275132614949626","1.99053779549416","2.29589663581638","1.76108093984683","-3.82549336676855","5.08321598320063","","","",
"United States","USA","Adjusted net national income (constant 2015 US$)","NY.ADJ.NNTY.KD","","","","","","","","","","","4627287139836.88","4750253410345.14","5008082057918.86","5280843646766.28","5051458381613.76","5036053457646.29","5287786655117.13","5499864636558.52","5781119400259.27","5743738600460.01","5615664871185.68","5855629861935.46","5926830879632.41","6115933213164.7","6607353413241.62","6883446235305.96","7125240097629.97","7383177015964.92","7810772588662.79","7991580491472.59","8098468432642.42","8126531392810.43","8407664585796.79","8598535208113.5","8980923718895.26","9281768538858.39","9683136238903.17","10205665293845.6","10807581632538.6","11256657796619.9","11685993442781.2","11866928429617.1","12042708321673.3","12273717251681.6","12743573217206.3","13093128971318.2","13585320167900.6","13630893523942","13268614255534.2","13134094851709.8","13696787718880.6","13975761014372.1","14510464675971.2","14713022223820.5","15204165027279.6","15741217552602.7","15909022435714","16338516827532.4","16811934510154","17196358447812.5","16606198871866.3","17477801835747.3","","","",
"United States","USA","Adjusted savings: gross savings (% of GNI)","NY.ADJ.ICTR.GN.ZS","","","","","","","","","","","21.5383312282021","21.5137506599732","22.0846898923629","23.6783513333818","22.5657632138029","20.9196024585736","21.5083095181169","22.1991962240777","23.4458622145357","23.6380738749339","22.2769844628924","23.3922756775226","21.6053161727543","19.901399160194","21.9352665927964","20.497652708515","19.2213721359405","19.7238571775887","20.554297650365","19.898877907738","18.9494247148141","18.9993849181941","17.9146702439247","17.359273440962","18.1432923338388","18.9088201749748","19.7045044144806","20.8037367095776","21.2076901622074","20.7878673175935","20.5325825645218","19.3295184182269","18.1367585507459","17.2730351146431","17.5531065480628","17.9132125765085","18.8186628231766","17.2855614836541","15.072552449156","13.8713966861425","15.1721916972058","16.003801393289","18.1262437712118","18.6408034613716","19.6350858672022","19.7502158254876","18.6688516098885","19.1936547295069","19.3382306408809","19.4499933538673","19.0431745741968","17.8684287109944","","","",
"United States","USA","Textiles and clothing (% of value added in manufacturing)","NV.MNF.TXTL.ZS.UN","","","","8.44643975777824","8.39624019870452","8.24331503453161","7.94648936596307","8.02587262706675","8.13454366335937","7.97469188690437","7.98115791935322","8.09525329587895","8.03050059527184","7.63441924943064","6.96946835892429","6.85164598316582","6.9096192738911","6.82227752510083","6.54931084013325","5.9808965971224","6.18391998960904","6.07288420043155","6.05131201012609","6.15277904120804","5.70976952885988","5.32997470996748","5.32052895506205","5.44609425435765","5.12859534317456","5.01211991040471","4.91411455930293","4.99706055261611","5.0687201619102","4.98193235397738","4.85565185949181","4.5431412338377","4.54314123376561","4.1901052046349","3.91182474172528","3.68694397082819","3.42789346502634","3.27309570059368","2.99880815445636","2.89128705965373","2.45388864550007","2.34014414079248","2.22527084027073","1.85926531125838","1.58035750327589","1.51216036303388","1.4595293474952","1.41206910794955","1.3164626506496","1.32318312534579","1.31318793885738","1.27094909333211","1.25422670205477","1.20800294287306","1.15133483432936","1.19826864114645","1.17829730580984","1.11437436785691","1.05294939049704","0.998324241451849","",
"United States","USA","Food, beverages and tobacco (% of value added in manufacturing)","NV.MNF.FBTO.ZS.UN","","","","12.2676968051785","12.0878585691326","11.2006375066407","10.7221532422798","10.9652480097979","10.6748293575399","10.5780003954393","11.619283065513","11.7055575063045","10.8452860139464","10.5431230814932","10.6794177687051","11.7566985048892","11.1704529835654","10.3647129494551","10.3190611533877","9.9009900990099","10.5766982725029","10.4579237592903","11.8519059442091","11.7426998999363","11.0972873750765","11.6444542571555","12.0980077058607","11.6987303636755","11.6917236021114","11.5791169341229","12.368864920468","12.9679256663384","13.0117695177248","12.670906972883","12.1918607096471","12.0788645551512","12.0788645550353","12.0686400735092","12.5127631360155","12.5607180882113","13.0158540152143","14.6407752675925","14.2388857772471","14.7378653698065","14.3994430385116","14.3545990531261","13.5902790533614","13.4504114615871","14.2293672655556","17.033950017891","15.8252144619544","15.3098415659319","14.9283642109049","14.9692409604169","15.1440261216529","15.5664896526005","16.1396526906878","15.8940347348657","15.2978235382408","16.0906432693369","17.8764270268931","16.603916245484","11.7711439030834","12.1332049773594","",
"United States","USA","Industry (including construction), value added (annual % growth)","NV.IND.TOTL.KD.ZG","","","","","","","","","","","","","","","","","","","","","","","","","","","","","","","","","","","","","","","","","","","","","","","","","","","","","","","","","","","","","","","","","",
"United States","USA","Manufacturing, value added (% of GDP)","NV.IND.MANF.ZS","","","","","","","","","","","","","","","","","","","","","","","","","","","","","","","","","","","","","","16.08717737576","15.7743252610376","15.4590669050851","15.1150749906589","13.9193094025158","13.4528776402421","13.3165117541749","13.1741810816537","12.9833195194137","12.990722665314","12.7697566103618","12.2167302006078","11.6987895946123","11.9060850975322","11.9472468321556","11.8575606302731","11.7981164603897","11.6554754899495","11.6623134302954","11.2236379165299","11.2588564739494","11.348073930706","11.0580367745651","10.6290647168458","10.7103708073141","","","",
"United States","USA","Manufacturing, value added (current LCU)","NV.IND.MANF.CN","","","","","","","","","","","","","","","","","","","","","","","","","","","","","","","","","","","","","","1379886400000","1429598421000","1488889708000","1549438477000","1472931546000","1470280193000","1525598451000","1609515155000","1692920894000","1794744585000","1848323547000","1804393692000","1693758354000","1791742513000","1863738024000","1927324612000","1987179289000","2045615226000","2123243202000","2098271549000","2192925367000","2330106524000","2364316202000","2238531370000","2497131582000","","","",
"United States","USA","Financial intermediary services indirectly Measured (FISIM) (current LCU)","NV.FSM.TOTL.CN","","","","","","","","","","","","","","","","","","","","","","","","","","","","","","","","","","","","","","","","","","","","","","","","","","","","","","","","","","","","","","","","","",
"United States","USA","Agriculture, forestry, and fishing, value added (constant 2015 US$)","NV.AGR.TOTL.KD","","","","","","","","","","","","","","","","","","","","","","","","","","","","","","","","","","","","","","","","","","","","","","","","","","","","","","","","188238199000","","","","","","","","","",
"United States","USA","Trade (% of GDP)","NE.TRD.GNFS.ZS","","","","","","","","","","","10.7582854049602","10.7571790359274","11.3406196496001","13.0792155894304","16.4449863225396","15.5163736331565","16.0488456356637","16.4178946751554","16.9728342289651","18.3761632042836","20.1098446894226","19.4259131704272","17.5368122809184","16.6655934803103","17.5224074224053","16.603906126303","16.8979771514343","17.9735809845702","19.0701007058615","19.4151106604887","19.8150673537315","19.7864481240974","19.9505945023923","20.0446187019752","21.0554591617453","22.4533816490568","22.6870719902412","23.4283210916839","22.8258909523693","23.3135637046602","25.1029953595813","22.967181335596","22.2863741094897","22.6273130062789","24.4480622643257","25.6385530316517","26.9752780973197","28.0120176822667","29.8677957945319","24.7595311689876","28.2198952346731","30.8424862411943","30.6818353657295","30.0079539684645","30.0044781614855","27.8235649187872","26.6079620604584","27.3130208877206","27.6103792720958","26.4537594940475","23.4015629969394","25.6095576621932","27.3139397355363","25.2903297883366","25.3786342507088",
"United States","USA","External balance on goods and services (current US$)","NE.RSB.GNFS.CD","","","","","","","","","","","3949000000","621000000","-3373000000","4110000000","-815000000","15976000000","-1631000000","-23094000000","-25367000000","-22545000000","-13056000000","-12519000000","-19974000000","-51642000000","-102727000000","-114018000000","-131869000000","-144770000000","-109392000000","-86741000000","-77855000000","-28613000000","-34738000000","-65174000000","-92487000000","-89762000000","-96377000000","-101971000000","-162711000000","-259550000000","-381073000000","-376747000000","-439745000000","-521955000000","-634141000000","-739902000000","-786453000000","-735933000000","-740871000000","-419153000000","-532308000000","-579616000000","-551617000000","-478453000000","-508900000000","-524320000000","-503272000000","-543329000000","-593077000000","-577290000000","-626202000000","-860029000000","-958935000000","-797342000000","-909600000000",
"United States","USA","Imports of goods and services (constant 2015 US$)","NE.IMP.GNFS.KD","","","","","","","","","","","253184397805.221","266696626764.07","296708948587.499","310477425382.58","303443286558.956","269717913409.922","322457235534.831","357708951373.565","388711824677.038","395174724520.016","368871403960.457","378504475799.2","373687433366.038","420842996628.547","523289214002.002","557248552477.656","604777852241.35","640718295725.684","665886228492.727","695209821646.262","720077955609.728","719001312149.689","769401998133.151","835929040480.008","935641615728.801","1010501250379.26","1098378850763.98","1246302364277.59","1391979409746.64","1553368561144.71","1755299465581.53","1712095983084.86","1774920101309.04","1865875707641.22","2070776243535.9","2205194616210.84","2346773732598.3","2406927005140.62","2355249134134.92","2057839303619.43","2324722292632.45","2436683079127.82","2496342088445.55","2526622811363.31","2657021243740.29","2794942000000","2835653907870.69","2969215423098.96","3089107719797.82","3125465451774.98","2844816012022.04","3262176882544.56","3542496137787.96","3500973961496.39","3702924109360.08",
"United States","USA","Gross capital formation (constant LCU)","NE.GDI.TOTL.KN","","","","","","","","","","","893520035000","942217646000","1015870853000","1107172095000","1053709817000","922875390000","1061045528000","1177981098000","1303794379000","1354030862000","1249714884000","1334333081000","1198549447000","1302470281000","1611707613000","1650435913000","1680329248000","1739131706000","1768503743000","1832570272000","1813748273000","1718457012000","1813066414000","1910599258000","2083219921000","2142895033000","2305577664000","2524187271000","2742975163000","2960583877000","3141137659000","3015861316000","3030360709000","3155375361000","3401761832000","3592817691000","3703084812000","3642328527000","3414612879000","2851636684000","3147235808000","3282417863000","3535420653000","3718654952000","3910788857000","4135145257000","4150630947000","4325828910000","4566175618000","4715565140000","4573797000000","4879071422000","5112663145000","5177699289000","5358217623000",
"United States","USA","Gross capital formation (current US$)","NE.GDI.TOTL.CD","","","","","","","","","","","229845000000","255333000000","288831000000","332566000000","350692000000","341656000000","412870000000","489776000000","583944000000","659753000000","666046000000","778569000000","737977000000","808682000000","1013272000000","1049527000000","1087233000000","1146813000000","1195364000000","1270134000000","1283818000000","1238437000000","1309124000000","1398709000000","1550658000000","1625177000000","1752014000000","1922205000000","2080672000000","2255537000000","2427258000000","2346725000000","2374093000000","2491277000000","2767457000000","3048006000000","3251847000000","3265035000000","3107208000000","2572572000000","2809976000000","2969181000000","3242785000000","3440159000000","3680311000000","3917913000000","3927962000000","4149091000000","4455419000000","4667673000000","4573797000000","5051970000000","5708454000000","5971328000000","6279500000000",
"United States","USA","Gross fixed capital formation (% of GDP)","NE.GDI.FTOT.ZS","","","","","","","","","","","20.2605867122332","20.8513491007426","21.8686430408644","22.2178569023191","21.7895826093372","20.6487728677717","21.1247712729501","22.4539418760261","23.7350415610825","24.426633395919","23.5318780936035","23.3473784713074","22.5161037374069","22.4112406089314","23.4759002410583","23.6853416437369","23.5971413417369","23.0610590880116","22.4748579091359","22.0229262015251","21.2852817238692","20.1170193089492","19.8271651099707","20.090153048184","20.4037991908043","20.8645990856506","21.3203021086514","21.5828300395015","22.2552516782792","22.7876776867312","23.1462885256504","22.5385071620869","21.5398908373713","21.6226206280687","22.1277420778003","22.9346369798954","23.038167049868","22.3230160837388","21.235478492072","18.8101380427197","18.3139445259228","18.7369868048565","19.5126025510627","19.7983980671233","20.4864937674979","20.7502235317815","20.8016632416177","21.1343937588394","21.4240428649128","21.4897485242357","21.8887242742465","21.6159536186479","21.7099777470183","21.7264982141848","21.6987566313724",
"United States","USA","Gross fixed capital formation (current LCU)","NE.GDI.FTOT.CN","","","","","","","","","","","217457485000","242886940000","279724000000","316688000000","336702000000","347912000000","395754000000","467452000000","558153000000","641769000000","672378000000","748760000000","752891000000","814433000000","947866000000","1027702000000","1080662000000","1119664000000","1176882000000","1242441000000","1269272000000","1238832000000","1292796000000","1377895000000","1486873000000","1594003000000","1721214000000","1851279000000","2016953000000","2194721000000","2372714000000","2385009000000","2354119000000","2477183000000","2703389000000","2990493000000","3182858000000","3231084000000","3136450000000","2723344000000","2756059000000","2922919000000","3171573000000","3334682000000","3595519000000","3777790000000","3888894000000","4116417000000","4399011000000","4594718000000","4609869000000","5039777000000","5558807000000","5929633000000","6238600000000",
"United States","USA","Exports of goods and services (% of GDP)","NE.EXP.GNFS.ZS","","","","","","","","","","","5.56310752881526","5.40524531055501","5.53846033570217","6.6837802797297","8.19612190445127","8.23227910907684","7.9808926173207","7.6542900319239","7.947060702101","8.75903435156488","9.82645547013324","9.51777666702733","8.46973298853486","7.62226481946529","7.48907832424752","6.98807253964585","7.00925467575881","7.49591933621889","8.49052351999585","8.93879019707245","9.25473206751338","9.66090512231881","9.70891490564814","9.54718039168286","9.89314741556332","10.639223880261","10.7466355642836","11.1197545265553","10.5152611335588","10.309334558667","10.6927769053241","9.70344749898923","9.131381513844","9.03565868264667","9.62875008142275","9.98205473154167","10.641386468295","11.4637901622698","12.4258473646734","10.9322206193664","12.3413608086534","13.5634671535102","13.6440493967794","13.5836612014366","13.5524377198989","12.4718192531032","11.957982056879","12.2617381180006","12.3609892157496","11.8768712235892","10.2141055302392","10.9604167715559","11.7844046293243","11.1844126402687","11.1074566893674",
"United States","USA","Exports of goods and services (current LCU)","NE.EXP.GNFS.CN","","","","","","","","","","","59709000000","62963000000","70843000000","95269000000","126650000000","138706000000","149515000000","159349000000","186883000000","230129000000","280772000000","305239000000","283210000000","276996000000","302380000000","303211000000","320998000000","363943000000","444601000000","504289000000","551873000000","594931000000","633053000000","654799000000","720937000000","812810000000","867589000000","953803000000","952979000000","992910000000","1096111000000","1026812000000","997979000000","1035165000000","1176363000000","1301580000000","1470170000000","1659295000000","1835280000000","1582774000000","1857247000000","2115864000000","2217700000000","2287922000000","2378545000000","2270622000000","2235558000000","2388260000000","2538089000000","2539391000000","2151139000000","2555430000000","3017379000000","3052469000000","3193500000000",
"United States","USA","Gross national expenditure (constant 2015 US$)","NE.DAB.TOTL.KD","","","","","","","","","","","5293598434749.62","5470837907190.18","5759210296973.08","6019529655567.49","5959744952073.5","5950181138937.37","6300633114677.65","6607321497988.94","6936730391196.32","7100877330325.16","7005266098852.25","7168740986697.06","7137192561937.1","7542001432839.93","8117485116584.83","8490451775968.23","8811192478664.65","9090447639218.52","9396285973337.1","9684487268808.5","9838216183399.57","9787974367072.26","10127507815446.4","10453434565738.1","10895370960983.3","11169614797583.5","11589264671536.6","12117338529359","12780519314279.1","13486705657938.4","14129065080770.4","14307830569635.6","14639658049176.5","15099052176762.1","15738640751723.5","16299917296657.3","16737913937701.8","16981481506235.6","16843468729766.4","16275521424488","16763066535385.9","16995903515006","17350960775928.4","17673010448314.2","18161117955293.9","18819339000000","19181569041722","19678301730709.2","20297146165803.9","20829935298811.9","20439020963650.6","21893337139648.7","22515836124106.1","23036721688040.9","23751562846602",
"United States","USA","Final consumption expenditure (% of GDP)","NE.CON.TOTL.ZS","","","","","","","","","","","78.2174278838315","78.0269562604627","77.6829983347797","76.3798464405182","77.3578006824817","78.7743396656427","78.0486620134813","77.5830448846349","76.2469281539922","75.7469646976611","77.146662924215","76.1135264563191","78.5272635324777","79.1680769436093","77.4484330221841","78.4394208868031","79.1388432823518","79.3615112821986","79.2612650049518","79.0237132150922","79.7763730005514","80.3540490951066","80.4551980291786","80.5566300442994","79.9900812873358","79.9022716584013","79.4919734893143","78.7790743139551","78.8370222236529","79.2757415901906","80.0391046994012","81.3835678739782","82.3009153353562","82.8104219970539","82.5384344552296","82.2987120693801","82.1549532619973","82.5268670886571","83.978621018164","85.126348418683","84.8650021569551","84.6820399422419","83.4430058577749","82.6386045600546","82.2573647110664","81.8488906059629","82.2686911566587","82.1793059833008","81.7909030536095","81.6127332207886","82.6501356040516","83.590661202502","83.0208882571507","82.6124208690858","82.8932432425296",
"United States","USA","Final consumption expenditure (current LCU)","NE.CON.TOTL.CN","","","","","","","","","","","839510000000","908897000000","993651000000","1088700000000","1195366000000","1327272000000","1462173000000","1615144000000","1793022000000","1990125000000","2204317000000","2440992000000","2625786000000","2876998000000","3127068000000","3403470000000","3624267000000","3853172000000","4150467000000","4458186000000","4757180000000","4948306000000","5245942000000","5525024000000","5829066000000","6104333000000","6417484000000","6757318000000","7144856000000","7635185000000","8204767000000","8611952000000","8994760000000","9487128000000","10083880000000","10731093000000","11350189000000","11945126000000","12403523000000","12324648000000","12771304000000","13210168000000","13562803000000","13918978000000","14436727000000","14901426000000","15380223000000","16006340000000","16794173000000","17449599000000","17406510000000","19489230000000","21257373000000","22546723000000","23832600000000",
"United States","USA","Households and NPISHs Final consumption expenditure, PPP (current international $)","NE.CON.PRVT.PP.CD","","","","","","","","","","","","","","","","","","","","","","","","","","","","","","","3808994000000","3943449000000","4197559000000","4451984000000","4720965000000","4962590000000","5244596000000","5536790000000","5877248000000","6283758000000","6767179000000","7073801000000","7348941000000","7740749000000","8231960000000","8769066000000","9277236000000","9746594000000","10050083000000","9891218000000","10260256000000","10698857000000","11047363000000","11388233000000","11874450000000","12297438000000","12726849000000","13290626000000","13934442000000","14437543000000","14225657000000","16113945000000","17690841000000","18822769000000","19825338000000",
"United States","USA","Households and NPISHs Final consumption expenditure (annual % growth)","NE.CON.PRVT.KD.ZG","","","","","","","","","","","","3.81890012696013","6.12482027963041","4.94880543501451","-0.837691437023409","2.26746357023737","5.57339037378325","4.22642552527446","4.37644681027392","2.37698694461399","-0.312194644708967","1.38659486239423","1.46382482865648","5.66108250882891","5.26076545233545","5.17749771007384","4.12811869193742","3.38783216849315","4.17689295190237","2.91559697629079","2.014076606405","0.18051870665721","3.6800624505739","3.48365672581559","3.87431214748635","2.95051730272529","3.46991896684166","3.76550184215434","5.31106914730859","5.38109963471702","5.03686308216314","2.47638263250343","2.54294122735827","3.16421025053531","3.76999684253217","3.54139275311975","2.89735994251996","2.43091397544188","0.150028625881319","-1.30549592511008","1.90591226394695","1.7015504207548","1.36734369680154","1.74400943220412","2.83030380803544","3.37254996377239","2.45453104947551","2.63814721783702","2.74102213053115","2.00176126667553","-2.52220233101306","8.40535420864819","2.53183873775001","","",
"United States","USA","Households and NPISHs Final consumption expenditure (current US$)","NE.CON.PRVT.CD","","","","","","","","","","","646724000000","699937000000","768153000000","849575000000","930161000000","1030547000000","1147666000000","1273975000000","1422252000000","1585420000000","1750667000000","1933951000000","2071256000000","2281605000000","2492340000000","2712830000000","2886278000000","3076279000000","3330012000000","3576758000000","3808994000000","3943449000000","4197559000000","4451984000000","4720965000000","4962590000000","5244596000000","5536790000000","5877248000000","6283758000000","6767179000000","7073801000000","7348941000000","7740749000000","8231960000000","8769066000000","9277236000000","9746594000000","10050083000000","9891218000000","10260256000000","10698857000000","11047363000000","11388233000000","11874450000000","12297438000000","12726849000000","13290626000000","13934442000000","14417614000000","14206231000000","16042964000000","17511745000000","","",
"United States","USA","General government final consumption expenditure (constant 2015 US$)","NE.CON.GOVT.KD","","","","","","","","","","","1379038097000","1380160252000","1384910156000","1373044169000","1402702800000","1436923172000","1436932922000","1462457809000","1488464317000","1499840885000","1522309338000","1546692571000","1582723406000","1630582205000","1655012236000","1734590687000","1814183763000","1849698854000","1886407272000","1944371317000","1997720000000","2032564333000","2045789386000","2044657481000","2055248248000","2060851224000","2070150196000","2108189405000","2147677375000","2206807448000","2240723639000","2320475630000","2409807375000","2451176977000","2488610750000","2509157597000","2539430439000","2579800729000","2642819835000","2755108478000","2755226445000","2670505189000","2631558311000","2580901436000","2559485917000","2603988000000","2649636611000","2647656510000","2684503368000","2790473429000","2871198409000","2881002399000","2855772918000","","",
"United States","USA","Military expenditure (% of general government expenditure)","MS.MIL.XPND.ZS","","","","","","","","","","","","","","","","","","","","","","","","","","","","","","","","","","","","","","","","","","9.55936648147902","10.2762263095344","11.2974321584395","11.9674566369559","12.0527814824024","11.9950802414764","11.7858270864568","11.9712728532108","11.7776498656923","12.3331773592473","12.4301977825879","11.986463257413","11.244954720792","10.4147815881284","9.88983505749817","9.63015581776861","9.37010745693464","9.34676454073597","9.52012160340178","8.1789326580576","7.9919726407613","9.11489510415453","9.10850179482335","9.11158923758622",
"United States","USA","Armed forces personnel (% of total labor force)","MS.MIL.TOTL.TF.ZS","","","","","","","","","","","","","","","","","","","","","","","","","","","","","","","1.70550449855758","1.64672197658835","1.46729092151342","1.37600463837555","1.27775285705725","1.19717922440529","1.13283546844224","1.08469787637619","1.11392364018505","1.08558486391149","0.988718986850928","0.958549853802087","0.982967952799045","0.986717153694364","0.974089574420463","1.00966174450688","0.964789399033199","0.993045704127071","0.973003051027976","0.98766325865978","0.991230553105963","0.958828892786328","0.934477876893818","0.894977803470118","0.858578755130859","0.832039451157061","0.822764756106508","0.820665475037047","0.82621761050921","0.821688240896544","0.83751058497809","","","","",
"United States","USA","Logistics performance index: Frequency with which shipments reach consignee within scheduled or expected time (1=low to 5=high)","LP.LPI.TIME.XQ","","","","","","","","","","","","","","","","","","","","","","","","","","","","","","","","","","","","","","","","","","","","","","","","4.11","","","4.19","","4.21","","4.136495","","4.250527","","4.08","","","","3.8","","",
"United States","USA","Logistics performance index: Quality of trade and transport-related infrastructure (1=low to 5=high)","LP.LPI.INFR.XQ","","","","","","","","","","","","","","","","","","","","","","","","","","","","","","","","","","","","","","","","","","","","","","","","4.07","","","4.15","","4.14","","4.184653","","4.152011","","4.05","","","","3.9","","",
"United States","USA","Individuals using the Internet (% of population)","IT.NET.USER.ZS","","","","","","","","","","","","","","","","","","","","","","","","","","","","","","","0.785","1.16","1.72","2.27","4.86","9.24","16.4","21.6","30.1","35.8","43.0792","49.0808","58.7854","61.6971","64.7583","67.9681","68.9312","75","74","71","71.69","69.7295","74.7","71.4","73","74.5542","85.5444","87.2749","88.4989","89.4303","90.3447","91.2684","92.2016","93.1444","",
"United States","USA","Secure Internet servers","IT.NET.SECR","","","","","","","","","","","","","","","","","","","","","","","","","","","","","","","","","","","","","","","","","","","","","","","","","","","767662","930471","1205823","1360046","1633177","2039539","3694357","9863566","21517004","40706354","46678110","52122869","60194281","62879335","66850221",
"United States","USA","Fixed telephone subscriptions","IT.MLT.MAIN","49269000","49269000","49269000","49269000","49269000","58289000","58289000","58289000","58289000","58289000","69039000","69039000","69039000","69039000","69039000","80515000","82802000","85426000","88431000","91265000","94282000","105559222","107519214","110612689","112550739","115985813","118289121","122789249","127086765","131504568","136114201","139412884","143341581","148106159","153447946","159659000","166446000","173867000","179850000","189502000","192513000","191571000","189250000","182933000","177691000","175161000","167460000","158418000","162763000","152873000","149652000","143319000","138595000","133233000","128495000","124848000","121343000","116297000","110333000","106431000","101799000","97215000","90949000","84830000","",
"United States","USA","Liner shipping connectivity index (maximum value in 2004 = 100)","IS.SHP.GCNW.XQ","","","","","","","","","","","","","","","","","","","","","","","","","","","","","","","","","","","","","","","","","","","","","","","79.7430886401","76.2482120313","75.4273431808","74.8860409869","79.088463573","76.8960878468","86.2018362474","88.8347867502","85.5823390349","87.1968295944","82.0461664838","85.6698777328","92.0496648498","95.6156319109","103.852253372","102.6129324202","","","",
"United States","USA","Air transport, passengers carried","IS.AIR.PSGR","","","","","","","","","","","163448992","174143104","191325408","202309200","207612400","204900400","223017296","240144992","273025504","313624000","295329088","281086400","290992608","315600096","340191488","372059104","414554496","441832704","454202912","453161504","464574016","452015904","466964992","469926112","514924000","533512096","571072000","590571392","588170880","634364608","665327414","622187846","598410415","588997110","678110608","720547738","725530965","744302310","701779551","679423408","720497000","730796000","736699000","743171000","762710000","798222000","824039000","849403000","889024000","926737000","369501000","666153000","852828000","941557000","",
"United States","USA","Statistical performance indicators (SPI): Pillar 4 data sources score (scale 0-100)","IQ.SPI.PIL4","","","","","","","","","","","","","","","","","","","","","","","","","","","","","","","","","","","","","","","","","","","","","","","","","","","","","","","","","84.2666666666667","80.1416666666667","79.1666666666667","79.1666666666667","76.7666666666667","85.1","85.625","85.625","86.925",
"United States","USA","Statistical performance indicators (SPI): Overall score (scale 0-100)","IQ.SPI.OVRL","","","","","","","","","","","","","","","","","","","","","","","","","","","","","","","","","","","","","","","","","","","","","","","","","","","","","","","","","87.97","87.1091666666667","87.2495833333333","87.2570833333333","86.8983333333333","92.75","91.8754166666667","93.4304166666667","90.05875",
"United States","USA","CPIA policies for social inclusion/equity cluster average (1=low to 6=high)","IQ.CPA.SOCI.XQ","","","","","","","","","","","","","","","","","","","","","","","","","","","","","","","","","","","","","","","","","","","","","","","","","","","","","","","","","","","","","","","","","",
"United States","USA","Services, value added (annual % growth)","NV.SRV.TOTL.KD.ZG","","","","","","","","","","","","","","","","","","","","","","","","","","","","","","","","","","","","","","","","","","","","","","","","","","","","","","","","","","","","","","","","","",
"United States","USA","Services, value added per worker (constant 2015 US$)","NV.SRV.EMPL.KD","","","","","","","","","","","","","","","","","","","","","","","","","","","","","","","","","","","","","","","","","","","","","","","","","","","","","","","","116154.556357981","","","","","","","","","",
"United States","USA","Machinery and transport equipment (% of value added in manufacturing)","NV.MNF.MTRN.ZS.UN","","","","21.2727082898309","21.4191788827741","22.2418983531078","22.6378820042456","22.5466932026944","23.0807121244107","23.0508139458248","21.6182808271807","21.6682095317139","23.3771755768468","23.9602930983266","22.8787609834029","23.0278830228918","23.5170531524279","23.9680768900712","24.6263867241221","24.5442454693231","23.9044031692428","24.3035243346919","23.7670999464486","23.3546347675794","24.3840505812768","24.4640921681185","23.8804236287247","23.704755756402","23.5260194314732","23.6829185971587","22.6221721339374","22.53678126694","21.8559732594301","22.2173327915964","22.6881667105046","21.8423096316637","21.8421335322506","30.0891625663379","30.1008937158418","30.6708208504358","29.7183564458087","27.703254208627","27.581307849708","27.0811513557387","26.0515845989404","25.1048162624569","24.7305740909754","25.460747921472","24.9621722205791","27.5408754621367","28.4385957914354","27.804348963786","28.4440006215526","28.353109291864","29.3744351032914","28.9389653010286","27.9264519961141","28.5601258727842","28.1159017336827","27.4409542660075","26.2822625445047","24.4934080579448","30.6940408348115","32.0462081506043","",
"United States","USA","Industry (including construction), value added (constant LCU)","NV.IND.TOTL.KN","","","","","","","","","","","","","","","","","","","","","","","","","","","","","","","","","","","","","","","","","","","","","","","","","","","","","","","","","","","","","","","","","",
"United States","USA","Industry (including construction), value added (current US$)","NV.IND.TOTL.CD","","","","","","","","","","","","","","","","","","","","","","","","","","","","","","","","","","","","","","1984168572000","2054591437000","2172657910000","2301500414000","2271834974000","2257131284000","2376006127000","2559506441000","2765127763000","2982365475000","3100941316000","3071171493000","2789702655000","2905993746000","3027517601000","3114685522000","3240903821000","3392812407000","3383977115000","3373013267000","3590729593000","3825493014000","3908533954000","3687357961000","4169821339000","","","",
"United States","USA","Manufacturing, value added (constant 2015 US$)","NV.IND.MANF.KD","","","","","","","","","","","","","","","","","","","","","","","","","","","","","","","","","","","","","","","","","","","","","","","","","","","","","","","","2123243202000","","","","","","","","","",
"United States","USA","Financial intermediary services indirectly Measured (FISIM) (constant LCU)","NV.FSM.TOTL.KN","","","","","","","","","","","","","","","","","","","","","","","","","","","","","","","","","","","","","","","","","","","","","","","","","","","","","","","","","","","","","","","","","",
"United States","USA","Agriculture, forestry, and fishing, value added (annual % growth)","NV.AGR.TOTL.KD.ZG","","","","","","","","","","","","","","","","","","","","","","","","","","","","","","","","","","","","","","","","","","","","","","","","","","","","","","","","","","","","","","","","","",
"United States","USA","Agriculture, forestry, and fishing, value added per worker (constant 2015 US$)","NV.AGR.EMPL.KD","","","","","","","","","","","","","","","","","","","","","","","","","","","","","","","","","","","","","","","","","","","","","","","","","","","","","","","","64711.9307938864","","","","","","","","","",
"United States","USA","External balance on goods and services (current LCU)","NE.RSB.GNFS.CN","","","","","","","","","","","3949000000","621000000","-3373000000","4110000000","-815000000","15976000000","-1631000000","-23094000000","-25367000000","-22545000000","-13056000000","-12519000000","-19974000000","-51642000000","-102727000000","-114018000000","-131869000000","-144770000000","-109392000000","-86741000000","-77855000000","-28613000000","-34738000000","-65174000000","-92487000000","-89762000000","-96377000000","-101971000000","-162711000000","-259550000000","-381073000000","-376747000000","-439745000000","-521955000000","-634141000000","-739902000000","-786453000000","-735933000000","-740871000000","-419153000000","-532308000000","-579616000000","-551617000000","-478453000000","-508900000000","-524320000000","-503272000000","-543329000000","-593077000000","-577290000000","-626202000000","-860029000000","-958935000000","-797342000000","-909600000000",
"United States","USA","Imports of goods and services (annual % growth)","NE.IMP.GNFS.KD.ZG","","","","","","","","","","","","5.33691217783669","11.2533563650877","4.6403982288457","-2.26558784908642","-11.1142261644604","19.5535110954067","10.9322142454844","8.66706667094167","1.66264554682596","-6.65612422239496","2.61149867821568","-1.27265137961477","12.6189855617432","24.3430966403554","6.48959267016819","8.52928187114492","5.94275126827731","3.92808086407742","4.40369418960813","3.57706884873663","-0.149517625369796","7.00981835940925","8.64659079496481","11.9283540133426","8.00088766810015","8.69643658053245","13.4674400741346","11.6887402001757","11.5942197325639","12.9995488184732","-2.46131690596496","3.66942734781632","5.12449018212699","10.9814675787652","6.49120700966803","6.42025494469654","2.56323273551051","-2.14704770420266","-12.6275316782878","12.9690879430484","4.81609295227202","2.44836966402244","1.21300374086984","5.16097740392938","5.19080367101461","1.45662800411215","4.71007815366869","4.03784433309072","1.1769654953806","-8.9794446325924","14.6709266525069","8.5930121307444","-1.17211634611682","5.76839902509217",
"United States","USA","Gross capital formation (% of GDP)","NE.GDI.TOTL.ZS","","","","","","","","","","","21.4147356338331","21.9198180023179","22.580622464057","23.3318085894529","22.6949418311554","20.2774757493602","22.038398387541","23.5262697266726","24.8317846707708","25.1111298034927","23.3102708249411","24.2768645614446","22.070082771371","22.2529868977705","25.0958177517261","24.1883401602082","23.7406245175648","23.6202310299338","22.827807757869","22.5137993257208","21.5292134484762","20.1106050230516","20.0775819985715","20.39362787431","21.2790967659069","21.2726491406982","21.7018149855781","22.4097090800901","22.9583331986162","23.4191271539738","23.6783758995788","22.1767205993556","21.7226504088227","21.7456431157622","22.652150581142","23.3757146806707","23.5375233223135","22.5575778342408","21.0374941906914","17.7687557814347","18.6722216698461","19.0335432552974","19.950723147015","20.4246273846192","20.969620342419","21.5198755166573","21.0106376645574","21.3021477015707","21.6987608435503","21.8309630674538","21.7174460747964","21.6682502425803","22.2944256402277","21.8792709647143","21.8410127699649",
"United States","USA","Gross capital formation (current LCU)","NE.GDI.TOTL.CN","","","","","","","","","","","229845000000","255333000000","288831000000","332566000000","350692000000","341656000000","412870000000","489776000000","583944000000","659753000000","666046000000","778569000000","737977000000","808682000000","1013272000000","1049527000000","1087233000000","1146813000000","1195364000000","1270134000000","1283818000000","1238437000000","1309124000000","1398709000000","1550658000000","1625177000000","1752014000000","1922205000000","2080672000000","2255537000000","2427258000000","2346725000000","2374093000000","2491277000000","2767457000000","3048006000000","3251847000000","3265035000000","3107208000000","2572572000000","2809976000000","2969181000000","3242785000000","3440159000000","3680311000000","3917913000000","3927962000000","4149091000000","4455419000000","4667673000000","4573797000000","5051970000000","5708454000000","5971328000000","6279500000000",
"United States","USA","Changes in inventories (current US$)","NE.GDI.STKB.CD","","","","","","","","","","","2001000000","8256000000","9107000000","15878000000","13990000000","-6256000000","17116000000","22324000000","25791000000","17984000000","-6331000000","29809000000","-14914000000","-5751000000","65405000000","21824000000","6571000000","27149000000","18482000000","27693000000","14546000000","-394000000","16328000000","20814000000","63785000000","31174000000","30799000000","70927000000","63719000000","60816000000","54544000000","-38284000000","19975000000","14094000000","64068000000","57513000000","68989000000","33950000000","-29241000000","-150772000000","53917000000","46262000000","71212000000","105477000000","84792000000","140123000000","39068000000","32674000000","56408000000","72955000000","-36071000000","12193000000","149647000000","41695000000","",
"United States","USA","Gross fixed capital formation (constant 2015 US$)","NE.GDI.FTOT.KD","","","","","","","","","","","813866181944.436","861883880955.486","957107711896.451","1024842531303.49","984839745817.887","912945417315.426","986275485759.004","1088146054328.26","1204068753282.41","1272686877600.49","1218057862045","1241295577019.07","1179656251912.4","1265291537002.42","1455201120848.29","1557132742468.56","1606118256363.85","1634515969075.4","1672307044926.64","1721314222534.05","1719509208601.52","1648888138428.01","1716491988448.24","1803948043583.47","1914075592064.11","2012760550325.67","2166820952067.51","2322423443739.82","2538263986602.75","2749560973609.01","2925464709236.77","2913086622454.8","2863689490486.68","2985022309810.23","3163909784794.64","3355622414001.76","3445363047964.08","3425417292344.26","3281354880424.01","2870462480661.68","2935253934336.61","3071066258230.56","3283305634627.6","3417211517913.47","3618540058752.21","3777790000000","3887454723984.41","4053569234512.33","4257271965654.79","4381914470902.16","4346195272013.69","4582364631086.46","4675282996357.34","4826081963856.23","4993578053159.34",
"United States","USA","Gross fixed capital formation, private sector (current LCU)","NE.GDI.FPRV.CN","","","","","","","","","","","","","","","","","","","","","","","","","","","","","","","","","","","","","","","","","","","","","","","","","","","","","","","","","","","","","","","","","",
"United States","USA","Exports of goods and services (constant 2015 US$)","NE.EXP.GNFS.KD","","","","","","","","","","","191711015026.028","195033816693.686","210235558246.762","249799867430.707","269640204150.581","267913660242.131","279612586554.005","286332780529.844","316556249070.581","347904557206.005","385364393064.915","390060671448.783","360193252654.686","350860367804.244","379465698915.826","392180063497.045","422230480402.828","468374751928.512","544308867069.629","607321751147.673","660900306826.442","704612895897.115","753424558960.071","778020846972.978","846767328366.052","933800655197.374","1010152482686.39","1130457581566.71","1156861967059.05","1214470450660.39","1315435473585.77","1242006637686","1217741535211.65","1243393044425.22","1363304300319.68","1458019553579.56","1596179861673.05","1736026930743.67","1836538438765.89","1683875559581.47","1896869012583.43","2033029275438.86","2114719862411","2178380200826.67","2263387622373.92","2270622000000","2281386046767.46","2375250956608.32","2443042667487.26","2456083245360.54","2133651177648.73","2271843310897.02","2442520527052.38","2510039730455.89","2601452073017.84",
"United States","USA","Gross national expenditure (constant LCU)","NE.DAB.TOTL.KN","","","","","","","","","","","5699770102000","5890158143000","6200057446000","6479213963000","6415883113000","6408687236000","6784132301000","7112788237000","7465786959000","7641987907000","7541157120000","7715806441000","7684968824000","8119983869000","8734532572000","9136698036000","9482630777000","9783032829000","10112871894000","10422816397000","10589415404000","10537402369000","10902092520000","11252006644000","11725499345000","12020464309000","12470108722000","13035593208000","13747094344000","14505103353000","15195018926000","15391232268000","15749516892000","16243020288000","16928360957000","17530391650000","18001123055000","18265824502000","18122128997000","17521816127000","18041649904000","18290050702000","18667716665000","19011383370000","19534308518000","20240315599000","20631435044000","21164088645000","21827154429000","22399396628000","21980307000000","23544775830000","24211953524000","24773355368000","25541608637000",
"United States","USA","Gross national expenditure deflator (base year varies by country)","NE.DAB.DEFL.ZS","","","","","","","","","","","18.7613707371245","19.7656832250522","20.6850018918357","21.9357781378457","24.0973529718355","26.0416515667203","27.638656158336","29.5934580063894","31.8381171744336","34.6752446123702","38.0626335497967","41.7268243393458","43.7706785419225","45.3902379544247","47.4019641677512","48.7374868081938","49.6855789368883","51.1087419146593","52.8616505383767","54.9594253780464","57.0475117797164","58.7122213174737","60.1266774059628","61.5333177366368","62.9373963774675","64.3029237582174","65.5126445336216","66.583260627321","67.108930579403","68.1878767720353","69.9704623717689","71.2007772294116","72.1854078316195","73.7449365180526","75.9160147438012","78.6012045543774","81.1173611523317","83.2711438694409","85.5900043674101","85.0209812271933","86.3628331272823","88.4598367911074","90.0248718232836","91.3091733629061","92.7447110979431","92.9794740993554","93.586243316677","95.234107823309","97.3539270504604","98.7404811268562","100","104.232039316044","111.37402429453","115.115819300106","117.894297215012",
"United States","USA","Final consumption expenditure (constant 2015 US$)","NE.CON.TOTL.KD","","","","","","","","","","","4447017832783.85","4578117933727.64","4796706352389.2","4970520811949.56","4961389843927.43","5075787311600.76","5295327663628.28","5491223472219.28","5701428453939.36","5817977991383.99","5821202689706.3","5904504642029.29","6001606707584.09","6307954034527.81","6590445601229.86","6926718480683.51","7219136239799.75","7442678021424.52","7720687324530.46","7948187708369.05","8119749842831.48","8159793336222.45","8409687513668.84","8643205128685.77","8921589170240.06","9139292817185.38","9404806293199.32","9725754797990.83","10181641310754.9","10681650614308.8","11152941316278","11450401985681.6","11768491771188.6","12109438661779.9","12515584226215.7","12895841680602.4","13229363881212.8","13530496014964.8","13608236263396.6","13573690233284.3","13781164976944.8","13885921442402.9","14001266949959.5","14149708200517.2","14455775204115.3","14901426000000","15248983863988.4","15579722293003.9","15970846192722.9","16362093707738.9","16105499983867.2","17270578768628.2","17671757341986.4","18131023316230.7","18674829339733.4",
"United States","USA","Households and NPISHs Final consumption expenditure, PPP (constant 2021 international $)","NE.CON.PRVT.PP.KD","","","","","","","","","","","","","","","","","","","","","","","","","","","","","","","6976496278019.55","6989090158870.62","7246293041443.98","7498729016354.55","7789253185542.26","8019076448534.76","8297331903188","8609768088852.21","9067038825474.05","9554945218591.29","10036214726827.4","10284749805283.3","10546284948212.5","10879991577594.5","11290166916537.6","11689996069535","12028697332935.9","12321104617465.8","12339589801416.8","12178496959384","12410608426497.3","12621781186396.6","12794364315872.9","13017499236332.3","13385934012929.2","13837381325632.8","14177024146704.8","14551034914803.1","14949882002039.2","15249142949369.7","14864528710441.2","16113945000000","16521924101689.7","","",
"United States","USA","Households and NPISHs Final consumption expenditure (constant LCU)","NE.CON.PRVT.KN","","","","","","","","","","","3183593154000","3305171397000","3507607205000","3681191861000","3650354832000","3733125298000","3941186944000","4107758275000","4287532131000","4389446210000","4375742594000","4436416416000","4501357781000","4756183359000","5006395010000","5265600997000","5482971256000","5668725120000","5905501700000","6077682329000","6200091507000","6211283832000","6439862956000","6664205675000","6922397805000","7126644350000","7373933134000","7651598722000","8057980421000","8491588376000","8919298056000","9140174004000","9372603257000","9669172130000","10033699614000","10389032325000","10690039986000","10949905662000","10966333655000","10823168616000","11029448714000","11217120345000","11370496933000","11568799472000","11896231644000","12297438000000","12599282434000","12931670053000","13286129991000","13552086595000","13210275551000","14320646003000","14683221666000","","",
"United States","USA","Households and NPISHs Final consumption expenditure (current LCU)","NE.CON.PRVT.CN","","","","","","","","","","","646724000000","699937000000","768153000000","849575000000","930161000000","1030547000000","1147666000000","1273975000000","1422252000000","1585420000000","1750667000000","1933951000000","2071256000000","2281605000000","2492340000000","2712830000000","2886278000000","3076279000000","3330012000000","3576758000000","3808994000000","3943449000000","4197559000000","4451984000000","4720965000000","4962590000000","5244596000000","5536790000000","5877248000000","6283758000000","6767179000000","7073801000000","7348941000000","7740749000000","8231960000000","8769066000000","9277236000000","9746594000000","10050083000000","9891218000000","10260256000000","10698857000000","11047363000000","11388233000000","11874450000000","12297438000000","12726849000000","13290626000000","13934442000000","14417614000000","14206231000000","16042964000000","17511745000000","","",
"United States","USA","General government final consumption expenditure (annual % growth)","NE.CON.GOVT.KD.ZG","","","","","","","","","","","","0.0813722987378753","0.344155977040856","-0.856805544286871","2.16006386900143","2.43960245891004","0.00067853314568822","1.77634506170776","1.77827406985386","0.764315803211829","1.4980557754298","1.60172656051853","2.32954083284338","3.02382581938009","1.49823976522545","4.80833006965152","4.58857969182674","1.95763470737225","1.98456186100874","3.07272166834606","2.74374974232352","1.74420504374989","0.650658519648445","-0.0553285205087946","0.517972672607272","0.272617967462182","0.45121995667165","1.83750962000246","1.87307506177321","2.75321022087873","1.53688945679143","3.55920692815077","3.84971700823249","1.71671820864935","1.52717544882522","0.825635226400905","1.20649424476944","1.5897379735236","2.44278968106299","4.24881944326711","0.00428175518104013","-3.07492896468624","-1.45840862472109","-1.92497634531802","-0.82976895984028","1.73871177428322","1.75302693407188","-0.0747310401652612","1.39167818260535","3.94747357232595","2.89287757271097","0.341459857642306","-0.875718847327491","","",
"United States","USA","Arms exports (SIPRI trend indicator values)","MS.MIL.XPRT.KD","6120000000","6306000000","6179000000","9409000000","12314000000","11487000000","8651000000","7275000000","8570000000","12070000000","8885000000","11772000000","10664000000","11960000000","12768000000","15277000000","15648000000","14363000000","13639000000","9797000000","10684000000","13592000000","13979000000","13883000000","11875000000","10769000000","11613000000","12161000000","11990000000","11316000000","10643000000","12483000000","14087000000","13766000000","11492000000","11219000000","10834000000","14513000000","15813000000","11529000000","7677000000","5597000000","4888000000","5647000000","6930000000","6718000000","7509000000","7910000000","7149000000","7197000000","8391000000","9022000000","8947000000","7724000000","9505000000","9743000000","9426000000","11409000000","9255000000","10534000000","10024000000","10960000000","15351000000","11102000000","13512000000",
"United States","USA","Military expenditure (current USD)","MS.MIL.XPND.CD","47346552670.2126","49879770605.0578","54650942605.0773","54561215775.4246","53432327058.1665","54561791263.2266","66442751527.3178","78398442240.5239","84329031218.2481","84990165430.7737","83407993004.8882","78237979893.08","80708070966.4935","81469794407.5887","89278920339.82","92080928753.6472","94715251079.7143","104665218971.628","113382063749.093","126879927116.756","143688354872.676","176558875270.821","221673542584.02","223427165005.73","245149168288.537","272163229313.057","295546223803.599","304086648682.908","309661269300.954","321866558808.32","325129313986.031","299372779114.591","325033735954.804","316719443747.423","308084000000","295853097724.661","287960668678.94","293167825790.971","290996055088.378","298094891322.404","320086324211.196","331805610572.137","378463138753.841","440532069586.192","492999376159.397","533203000000","558335000000","589586000000","656756000000","705917000000","738005000000","752288000000","725205000000","679229000000","647789000000","633829639000","639856443000","646752927000","682491400000","734344100000","778397200000","806230200000","860692200000","916014700000","997309000000",
"United States","USA","Logistics performance index: Ability to track and trace consignments (1=low to 5=high)","LP.LPI.TRAC.XQ","","","","","","","","","","","","","","","","","","","","","","","","","","","","","","","","","","","","","","","","","","","","","","","","4.01","","","4.17","","4.11","","4.137596","","4.200025","","4.09","","","","4.2","","",
"United States","USA","Logistics performance index: Ease of arranging competitively priced shipments (1=low to 5=high)","LP.LPI.ITRN.XQ","","","","","","","","","","","","","","","","","","","","","","","","","","","","","","","","","","","","","","","","","","","","","","","","3.58","","","3.21","","3.56","","3.44804","","3.650306","","3.51","","","","3.4","","",
"United States","USA","Lead time to export, median case (days)","LP.EXP.DURS.MD","","","","","","","","","","","","","","","","","","","","","","","","","","","","","","","","","","","","","","","","","","","","","","","","3.6","","","2.82","","2","","2","","3","","2","","","","","","",
"United States","USA","Secure Internet servers (per 1 million people)","IT.NET.SECR.P6","","","","","","","","","","","","","","","","","","","","","","","","","","","","","","","","","","","","","","","","","","","","","","","","","","","2481.3058353974","2983.8141619928","3836.05795090734","4294.07370746707","5115.54683309614","6337.61084209589","11389.9150845803","30199.9571603454","65494.8762801956","123268.08312533","140775.773474768","156949.432905341","180213.052484185","186692.908896926","196554.134852003",
"United States","USA","Fixed telephone subscriptions (per 100 people)","IT.MLT.MAIN.P2","27.96378775","26.3865","26.3865","26.3865","26.3865","30.72640551","29.1834","29.1834","29.1834","29.1834","34.46292222","32.9521","32.9521","32.9521","32.9521","38.10918321","38.82495966","39.65235267","40.58675269","41.39694751","42.25239419","46.77923647","47.15725671","48.01107092","48.35354116","49.32498245","49.80326512","51.19350727","52.45280929","53.68539299","53.7","54.4","55.2","56.4","57.8","59.5","61.5","63.6","65.1","68","68.4","67.4","65.9","63.1","60.7","59.2","56.1","52.5","53.4","49.6","48.1","45.6","43.7","41.6","39.8","38.3","36.9","35","32.9","31.5","30","28.6","27.5","25.6","",
"United States","USA","Container port traffic (TEU: 20 foot equivalent units)","IS.SHP.GOOD.TU","","","","","","","","","","","","","","","","","","","","","","","","","","","","","","","","","","","","","","","","","28300000","27307576","29676890","32689484","34901628","38497839","40896742","44839390","42411770.0512","37353574.903","41610618","42100460","43120527","43934361","45790065","47684805","48149002","51522489","54483231","55711323","54467322","62161482","62214119","","",
"United States","USA","Railways, goods transported (million ton-km)","IS.RRS.GOOD.MT.K6","","","","","","","","","","","","","","","","","","","","","","","","","","","","","","","","","","","","1906206","1979622","1969331","2010027","2092745","2140191","2183277","2200123","2264983","2427268","2476653","2586836","2584940","2594631","2236917","2468738","2524585","2500300","2541354","2702736","2547253","2314693","2445132","2525217.324","2357116.529","2102083.985","2239400.714","","","",
"United States","USA","Industry (including construction), value added per worker (constant 2015 US$)","NV.IND.EMPL.KD","","","","","","","","","","","","","","","","","","","","","","","","","","","","","","","","","","","","","","","","","","","","","","","","","","","","","","","","112118.021280478","","","","","","","","","",
"United States","USA","Agriculture, forestry, and fishing, value added (constant LCU)","NV.AGR.TOTL.KN","","","","","","","","","","","","","","","","","","","","","","","","","","","","","","","","","","","","","","","","","","","","","","","","","","","","","","","","","","","","","","","","","",
"United States","USA","Agriculture, forestry, and fishing, value added (current US$)","NV.AGR.TOTL.CD","","","","","","","","","","","","","","","","","","","","","","","","","","","","","","","","","","","","","","114674330000","110022333000","110878031000","117942832000","119497180000","106418069000","128432169000","154606580000","150016842000","139466580000","155615884000","155526692000","139030815000","154919659000","187283956000","186811721000","222512729000","205705398000","188238199000","176228444000","184424799000","185598437000","179346384000","199831763000","223723739000","","","",
"United States","USA","External balance on goods and services (constant LCU)","NE.RSB.GNFS.KN","","","","","","","","","","","-53896905000","-63738608000","-77712742000","-51266063000","-24395814000","6788947000","-32904660000","-60544981000","-60341325000","-35045688000","28400619000","23730800000","-1678629000","-57125108000","-128301659000","-148636956000","-164742213000","-153307721000","-101322219000","-66420949000","-36681550000","8440424000","8446903000","-31704328000","-59741921000","-45079323000","-53894969000","-77018802000","-192619792000","-292100368000","-387449204000","-419301122000","-505099124000","-568035638000","-647182150000","-682920752000","-681849115000","-599582353000","-447794889000","-311353333000","-357167045000","-329196022000","-305079865000","-270460261000","-312061668000","-439417466000","-468311476000","-504070855000","-552772131000","-575120048000","-626202000000","-894338878000","-995933237000","-887323304000","-992321905000",
"United States","USA","Imports of goods and services (constant LCU)","NE.IMP.GNFS.KN","","","","","","","","","","","247179222000","260370960000","289671432000","303113340000","296246041000","263320586000","314809006000","349224601000","379492130000","385801739000","360122296000","369526885000","364824096000","410861196000","510877534000","544031405000","590433377000","625521364000","650092349000","678720428000","702998725000","701947618000","751152871000","816101986000","913449520000","986533590000","1072326858000","1216741835000","1358963627000","1516524856000","1713666245000","1671487488000","1732821507000","1821619775000","2021660360000","2152890519000","2291111579000","2349838101000","2299385956000","2009030266000","2269583168000","2378888403000","2437132385000","2466694892000","2594000458000","2728649929000","2768396208000","2898789833000","3015838454000","3051333832000","2777341000000","3184802661000","3458473140000","3417935811000","3615095987000",
"United States","USA","Imports of goods and services (current US$)","NE.IMP.GNFS.CD","","","","","","","","","","","55760000000","62342000000","74216000000","91159000000","127465000000","122730000000","151146000000","182443000000","212250000000","252674000000","293828000000","317758000000","303184000000","328638000000","405107000000","417229000000","452867000000","508713000000","553993000000","591030000000","629728000000","623544000000","667791000000","719973000000","813424000000","902572000000","963966000000","1055774000000","1115690000000","1252460000000","1477184000000","1403559000000","1437724000000","1557120000000","1810504000000","2041482000000","2256623000000","2395228000000","2576151000000","2001927000000","2389555000000","2695480000000","2769317000000","2766375000000","2887445000000","2794942000000","2738830000000","2931589000000","3131166000000","3116681000000","2777341000000","3415459000000","3976314000000","3849811000000","4103100000000",
"United States","USA","Gross capital formation (constant 2015 US$)","NE.GDI.TOTL.KD","","","","","","","","","","","846580601965.77","892719973462.543","962503944583.873","1049008843617.93","998355108146.066","874393827336.613","1005305451049.37","1116098025769.66","1235301937256.96","1282899338941.17","1184063409145.94","1264236344667.77","1135585854353","1234047398312.12","1527039515354.97","1563733295284.72","1592056238864.89","1647769617794.01","1675598648806.63","1736299560439.44","1718466340568.08","1628181030849.81","1717820301777.61","1810229437052.29","1973781790743.24","2030321980398.12","2184458378337.26","2391583731368.16","2598878003524.22","2805055043629.56","2976123764492.38","2857428583953.98","2871166277987.98","2989613514982.16","3223056525507.83","3404075616054.93","3508550056488.95","3450985491270.77","3235232466369.81","2701831191203.66","2981901558441.12","3109982072603.14","3349693825968.83","3523302247796.99","3705342751178.58","3917913000000","3932585177733.6","4098579437705.31","4326299973081.03","4467841591072.99","4333520979783.32","4622758371020.46","4844078782119.65","4905698371810.27","5076733506868.63",
"United States","USA","Changes in inventories (current LCU)","NE.GDI.STKB.CN","","","","","","","","","","","2001000000","8256000000","9107000000","15878000000","13990000000","-6256000000","17116000000","22324000000","25791000000","17984000000","-6331000000","29809000000","-14914000000","-5751000000","65405000000","21824000000","6571000000","27149000000","18482000000","27693000000","14546000000","-394000000","16328000000","20814000000","63785000000","31174000000","30799000000","70927000000","63719000000","60816000000","54544000000","-38284000000","19975000000","14094000000","64068000000","57513000000","68989000000","33950000000","-29241000000","-150772000000","53917000000","46262000000","71212000000","105477000000","84792000000","140123000000","39068000000","32674000000","56408000000","72955000000","-36071000000","12193000000","149647000000","41695000000","",
"United States","USA","Gross fixed capital formation (annual % growth)","NE.GDI.FTOT.KD.ZG","","","","","","","","","","","","5.89995014860163","11.0483364459027","7.07703203778674","-3.9033104368458","-7.30010428678972","8.0322511130194","10.3288148230573","10.6532297289547","5.69885433294624","-4.2924160307593","1.90776774225266","-4.96572502535525","7.25934228307557","15.0091562530938","7.00464150005958","3.14587912509165","1.7680960040793","2.31206525761959","2.93051313489879","-0.104862546820812","-4.10704809373735","4.09996581603642","5.09504592644785","6.10480711306276","5.15575030948172","7.65418428520522","7.18114210238913","9.29376352295873","8.32446853918675","6.39752081572762","-0.423115231671858","-1.69569732624346","4.2369404827803","5.99283544369142","6.05935827021587","2.67433646848549","-0.578915932577985","-4.20568939855082","-12.5220347915931","2.25717821122637","4.62693609930045","6.91093446219939","4.07838618109835","5.89160313265199","4.40094454288584","2.90288036085671","4.27309183829314","5.02526833409249","2.92775529148501","-0.8151505266854","5.43393345884667","2.0277383567542","3.22545111421888","3.47064327869968",
"United States","USA","Gross fixed capital formation, private sector (% of GDP)","NE.GDI.FPRV.ZS","","","","","","","","","","","","","","","","","","","","","","","","","","","","","","","","","","","","","","","","","","","","","","","","","","","","","","","","","","","","","","","","","",
"United States","USA","Exports of goods and services (annual % growth)","NE.EXP.GNFS.KD.ZG","","","","","","","","","","","","1.7332346121101","7.79441320012285","18.8190378040174","7.94249289398708","-0.640313974649303","4.36667779511507","2.40339466068396","10.5553644555857","9.90291874744631","10.7672736913097","1.21865913623138","-7.6571213096573","-2.59107709032756","8.15291031318242","3.35059654075312","7.66240298852148","10.9286926613304","16.2122562816339","11.5766778552191","8.82210386463518","6.6140972578112","6.92744389822857","3.26459865429081","8.83607189454408","10.278304785243","8.17645897591279","11.9095979015347","2.33572545515099","4.97971972817066","8.31350181228979","-5.58209333519044","-1.95370151318699","2.10648224371421","9.64387378810618","6.94747704072185","9.47588856091079","8.76136032214072","5.78974359453997","-8.31253383876906","12.6490019877062","7.17815842592024","4.01817071495472","3.01034380710283","3.90232253832446","0.319626101802669","0.474057186421277","4.11438081572624","2.85408624677463","0.533784286571162","-13.1278965532162","6.47679127197267","7.51271953205122","2.76432491173321","3.64186835183456",
"United States","USA","Gross national expenditure (% of GDP)","NE.DAB.TOTL.ZS","","","","","","","","","","","99.6321635176646","99.9467742627806","100.263620798837","99.711655029971","100.052742513637","99.0518154150029","100.087060401022","101.109314611308","101.078712824763","100.858094501154","100.456933749156","100.390391017764","100.597346303849","101.42106384138","102.54425077391","102.627761047011","102.879467799917","102.981742312132","102.089072762821","101.537512540813","101.305586449028","100.464654118158","100.53278002775","100.950257918609","101.269178053243","101.1749207991","101.193788474892","101.188783394045","101.795355422269","102.694868744164","103.71748059898","103.560288473334","104.023565744179","104.556065112816","105.190585036372","105.674426750051","105.692476584311","105.084444922898","105.016115208855","102.895104200118","103.537223826801","103.715583197539","103.39372900479","103.063231944674","103.226985053485","103.36876612262","103.279328821216","103.481453684872","103.48966389716","103.443696288242","104.367581678848","105.258911445082","105.315313897378","104.4916918338","104.734256012495",
"United States","USA","Gross national expenditure (current US$)","NE.DAB.TOTL.CD","","","","","","","","","","","1069355000000","1164230000000","1282482000000","1421266000000","1546058000000","1668928000000","1875043000000","2104920000000","2376966000000","2649878000000","2870363000000","3219561000000","3363763000000","3685680000000","4140340000000","4452997000000","4711500000000","4999985000000","5345831000000","5728320000000","6040998000000","6186743000000","6555066000000","6923733000000","7379724000000","7729510000000","8169498000000","8679523000000","9225528000000","9890722000000","10632025000000","10958677000000","11368853000000","11978405000000","12851337000000","13779099000000","14602036000000","15210161000000","15510731000000","14897220000000","15581280000000","16179349000000","16805588000000","17359137000000","18117038000000","18819339000000","19308185000000","20155431000000","21249592000000","22117272000000","21980307000000","24541200000000","26965827000000","28518051000000","30112100000000",
"United States","USA","Final consumption expenditure (annual % growth)","NE.CON.TOTL.KD.ZG","","","","","","","","","","","","2.94804531651099","4.77463494444284","3.62362101807163","-0.183702440198473","2.30575446139032","4.32524726805951","3.69940863030141","3.82801724940771","2.04421643428854","0.0554264441544206","1.43100930792683","1.64454211558443","5.10442189683289","4.47833901699002","5.10243009047669","4.22159150731622","3.09651700978245","3.73533964932602","2.94663381996794","2.15850632568457","0.493161663426363","3.06250620756626","2.77676922760068","3.22084270139977","2.44018910522708","2.90518622529173","3.41260090623652","4.68741524162488","4.91089096829367","4.41215238156008","2.66710512472147","2.77797920024724","2.89711627641233","3.35395864151565","3.03827170600799","2.58627710289016","2.27624046368275","0.574555791198208","-0.253861187031461","1.52850654534424","0.760142307513817","0.830665131119417","1.06019870264748","2.16306229966557","3.08285643344703","2.33237989430263","2.1689211029762","2.51046772441296","2.44976070957532","-1.56822059850653","7.23404294140526","2.32290173208875","2.59886985406412","2.99931236101789",
"United States","USA","Households and NPISHs final consumption expenditure (% of GDP)","NE.CON.PRVT.ZS","","","","","","","","","","","60.2554916924671","60.088165858265","60.0537092196918","59.6035712682127","60.1951278860347","61.1635440357433","61.2607370936025","61.1950758612872","60.4802094234604","60.3433215355648","61.269825048551","60.3032826833209","61.943382193075","62.7842911934328","61.7280556606094","62.52231227669","63.0242480234761","63.3603043325579","63.5930760566629","63.3999340610255","63.8755998513536","64.0364792618018","64.3765105645775","64.9113611182757","64.7840278536334","64.9575005670998","64.9636658531854","64.5497504883984","64.8501147104881","65.2439430640244","66.015152959321","66.8479299246576","67.2418798328725","67.5667800901678","67.3801246046236","67.2515686753801","67.1505020736235","67.3375791603289","68.0445476223241","68.3186464841145","68.1791497227621","68.5836119427349","67.9671580809635","67.6132747335878","67.6580615809471","67.5459957721906","68.0758146210514","68.2363626390301","67.863454468889","67.4319727956102","67.4544706878335","68.8093869489937","68.3922996897461","","",
"United States","USA","Households and NPISHs Final consumption expenditure per capita (constant 2015 US$)","NE.CON.PRVT.PC.KD","","","","","","","","","","","15525.7844546749","15916.1874256601","16711.1674591226","17371.5692160314","17069.3783235291","17285.1481342575","18075.9370926686","18651.366356549","19262.4486420918","19503.8822065717","19257.3114490043","19333.6547288051","19430.5450177844","20343.6531575075","21229.2802289833","22131.4411198534","22833.0602457805","23396.5434666865","24153.4799733332","24624.0456731451","24837.8214627659","24552.3728343235","25105.3079208152","25639.5479937981","26308.3002249873","26763.9247327981","27372.2990638247","28063.0929042717","29211.0334488534","30431.4377006881","31610.5112101555","32074.2798246216","32586.1693798151","33329.5681714433","34267.4797298237","35155.4950217872","35826.9426193812","36350.5022306669","36062.3191549943","35280.8771116436","35650.3714593981","35970.8175130536","36172.7095648384","36526.1745850317","37262.1767954375","38212.7414081329","38844.3122984336","39593.7819661085","40441.1989700398","41038.7954891299","39840.6610401929","43121.5186755931","43959.4618088683","","",
"United States","USA","Households and NPISHs final consumption expenditure: linked series (current LCU)","NE.CON.PRVT.CN.AD","","","","","","","","","","","","","","","","","","","","","","","","","","","","","","","3808994000000","3943449000000","4197559000000","4451984000000","4720965000000","4962590000000","5244596000000","5536790000000","5877248000000","6283758000000","6767179000000","7073801000000","7348941000000","7740749000000","8231960000000","8769066000000","9277236000000","9746594000000","10050083000000","9891218000000","10260256000000","10698857000000","11047363000000","11388233000000","11874450000000","12297438000000","12726849000000","13290626000000","13934442000000","14437543000000","14225657000000","16113945000000","17690841000000","18822769000000","19825338000000",
"United States","USA","General government final consumption expenditure (constant LCU)","NE.CON.GOVT.KN","","","","","","","","","","","1379038097000","1380160252000","1384910156000","1373044169000","1402702800000","1436923172000","1436932922000","1462457809000","1488464317000","1499840885000","1522309338000","1546692571000","1582723406000","1630582205000","1655012236000","1734590687000","1814183763000","1849698854000","1886407272000","1944371317000","1997720000000","2032564333000","2045789386000","2044657481000","2055248248000","2060851224000","2070150196000","2108189405000","2147677375000","2206807448000","2240723639000","2320475630000","2409807375000","2451176977000","2488610750000","2509157597000","2539430439000","2579800729000","2642819835000","2755108478000","2755226445000","2670505189000","2631558311000","2580901436000","2559485917000","2603988000000","2649636611000","2647656510000","2684503368000","2790473429000","2871198409000","2881002399000","2855772918000","","",
"United States","USA","General government final consumption expenditure (current US$)","NE.CON.GOVT.CD","","","","","","","","","","","192785000000","208960000000","225498000000","239125000000","265205000000","296725000000","314508000000","341169000000","370770000000","404705000000","453650000000","507041000000","554529000000","595393000000","634728000000","690640000000","737989000000","776893000000","820454000000","881429000000","948186000000","1004857000000","1048383000000","1073040000000","1108101000000","1141743000000","1172889000000","1220528000000","1267607000000","1351427000000","1437588000000","1538151000000","1645819000000","1746378000000","1851920000000","1962027000000","2072953000000","2198532000000","2353440000000","2433429000000","2511047000000","2511311000000","2515439000000","2530745000000","2562276000000","2603988000000","2653374000000","2715714000000","2859732000000","3014914000000","3178287000000","3366271000000","3570077000000","","",
"United States","USA","Military expenditure (current LCU)","MS.MIL.XPND.CN","47346552670.2126","49879770605.0578","54650942605.0773","54561215775.4246","53432327058.1665","54561791263.2266","66442751527.3178","78398442240.5239","84329031218.2481","84990165430.7737","83407993004.8882","78237979893.08","80708070966.4935","81469794407.5887","89278920339.82","92080928753.6472","94715251079.7143","104665218971.628","113382063749.093","126879927116.756","143688354872.676","176558875270.821","221673542584.02","223427165005.73","245149168288.537","272163229313.057","295546223803.599","304086648682.908","309661269300.954","321866558808.32","325129313986.031","299372779114.591","325033735954.804","316719443747.423","308084000000","295853097724.661","287960668678.94","293167825790.971","290996055088.378","298094891322.404","320086324211.196","331805610572.137","378463138753.841","440532069586.192","492999376159.397","533203000000","558335000000","589586000000","656756000000","705917000000","738005000000","752288000000","725205000000","679229000000","647789000000","633829639000","639856443000","646752927000","682491400000","734344100000","778397200000","806230200000","860692200000","916014700000","997309000000",
"United States","USA","Arms imports (SIPRI trend indicator values)","MS.MIL.MPRT.KD","181000000","198000000","236000000","283000000","358000000","170000000","89000000","88000000","62000000","50000000","38000000","578000000","769000000","656000000","586000000","388000000","499000000","384000000","369000000","253000000","380000000","531000000","248000000","463000000","381000000","654000000","420000000","1993000000","1788000000","1783000000","363000000","515000000","540000000","968000000","951000000","809000000","601000000","610000000","261000000","220000000","333000000","508000000","515000000","630000000","596000000","582000000","706000000","842000000","936000000","939000000","961000000","937000000","1142000000","767000000","560000000","474000000","439000000","496000000","363000000","890000000","798000000","907000000","733000000","792000000","1209000000",
"United States","USA","Logistics performance index: Competence and quality of logistics services (1=low to 5=high)","LP.LPI.LOGS.XQ","","","","","","","","","","","","","","","","","","","","","","","","","","","","","","","","","","","","","","","","","","","","","","","","3.85","","","3.92","","3.96","","3.970199","","4.014226","","3.87","","","","3.9","","",
"United States","USA","Lead time to import, median case (days)","LP.IMP.DURS.MD","","","","","","","","","","","","","","","","","","","","","","","","","","","","","","","","","","","","","","","","","","","","","","","","3.9","","","4.04","","2","","2","","3","","2","","","","","","",
"United States","USA","Individuals using the Internet, female (% of female population)","IT.NET.USER.FE.ZS","","","","","","","","","","","","","","","","","","","","","","","","","","","","","","","","","","","","","","","","","","","","","","","","","","68.8284","72.0988","70.0752","75.2518","71.9062","","74.8821","","","","","","","","","",
"United States","USA","Fixed broadband subscriptions","IT.NET.BBND","","","","","","","","","","","","","","","","","","","","","","","","","","","","","","","","","","","","","","","706000","2750000","7069870","12792800","19881500","27744300","37352500","51156400","60237700","71704000","77130000","79992000","84522000","88317000","92514000","96032000","97810000","102212000","105714000","108200000","110756000","114292000","121232000","125885000","128037000","131028000","",
"United States","USA","Mobile cellular subscriptions","IT.CEL.SETS","0","","","","","0","","","","","0","","","","","0","0","0","0","0","0","","","","91600","340213","681825","1230855","2069441","3508944","5283055","7557148","11032753","16009461","24134421","33785661","44042992","55312293","69209321","86047003","109478000","128500000","141800000","160637000","184819000","203700000","229600000","249300000","261300000","274283000","285118000","297404000","304838000","310698000","322597000","332101000","338238000","340113000","348242000","355763000","352522000","361675000","371540000","386106000","",
"United States","USA","Railways, passengers carried (million passenger-km)","IS.RRS.PASG.KM","","","","","","","","","","","","","","","","","","","","","","","","","","","","","","","","","","","","22079.197517351","21865.609594934","22746.357703048","23490.391327033","23910.674990425","25977.28144892","25198.095303748","24409.622511445","25044.071809908","24776.56200888","25393.591629483","27296.432407703","30357.906712861","32143.406016433","30906.931637514","31871.671919151","32579.510200833","34125.70065511","36047.104941171","36393.106488533","36043.875681391","35892.157355569","33256","31963","32483","12460","","","","",
"United States","USA","Air transport, registered carrier departures worldwide","IS.AIR.DPRT","","","","","","","","","","","5099200","4999200","4985200","5058200","4650400","4576100","4690500","4795900","4857000","5041800","4962700","4628300","4572100","4810900","5206200","5553900","6106000","6398000","6628500","6522100","6848600","6623900","6578100","6427800","7250000","7682200","8031800","7942900","7824400","8511400","8820878","8535240","8038761","7789108","9566226","9969599","9738983","9815504","9054478","9182363","10095197","10057768","9864360","9745498","9556324","9498668","9640591","9639096","9880509","10099031","6175504","8005775","8843778","9267193","",
"United States","USA","Statistical performance indicators (SPI): Pillar 2 data services score (scale 0-100)","IQ.SPI.PIL2","","","","","","","","","","","","","","","","","","","","","","","","","","","","","","","","","","","","","","","","","","","","","","","","","","","","","","","","","91.5333333333333","90.5666666666667","94","94","92.7","92.7","93.1333333333333","93.1333333333333","95",
"United States","USA","CPIA trade rating (1=low to 6=high)","IQ.CPA.TRAD.XQ","","","","","","","","","","","","","","","","","","","","","","","","","","","","","","","","","","","","","","","","","","","","","","","","","","","","","","","","","","","","","","","","","",
"United States","USA","CPIA public sector management and institutions cluster average (1=low to 6=high)","IQ.CPA.PUBS.XQ","","","","","","","","","","","","","","","","","","","","","","","","","","","","","","","","","","","","","","","","","","","","","","","","","","","","","","","","","","","","","","","","","",
"United States","USA","CPIA quality of public administration rating (1=low to 6=high)","IQ.CPA.PADM.XQ","","","","","","","","","","","","","","","","","","","","","","","","","","","","","","","","","","","","","","","","","","","","","","","","","","","","","","","","","","","","","","","","","",
"United States","USA","Adjusted savings: energy depletion (% of GNI)","NY.ADJ.DNGY.GN.ZS","","","","","","","","","","","0.25124808400773","0.300593406104246","0.363337187133609","0.403644271051063","2.22950945908675","2.00200495517617","1.94039661062679","1.94631646081876","1.79502762594885","3.69141659913444","4.13050905346339","2.65619141799482","1.28895070135809","1.79220049412221","1.60337322320553","1.41447750606698","0.511080283780911","0.808462492151864","0.513895028666044","0.616500203722375","0.731376410136374","0.519264497046252","0.565528654524304","0.563439820336743","0.458949386419588","0.396205436465074","0.565106035262524","0.458663733285731","0.257808242783821","0.359037135405108","0.745144665153379","0.546110405357881","0.40185211032341","0.695306002188478","0.725255160972522","0.948659326484713","0.599150287995567","0.572197345978749","0.923765045139316","0.26852282788504","0.261842024879902","0.319429945899241","0.181965717238289","0.24793731814635","0.274257169834736","0.021166889773666","0.0830654629866909","0.134836875414781","0.258247054603792","0.290869439091883","0.146289957408526","0.754588126034697","","","",
"United States","USA","Adjusted savings: consumption of fixed capital (% of GNI)","NY.ADJ.DKAP.GN.ZS","","","","","","","","","","","12.7368039893782","12.8061458808497","12.574003894908","12.479397253974","13.3196420485397","14.1586437721477","13.9187838231784","13.9163669693999","13.9240872628149","14.3019552386189","15.0482516145435","15.2170002270621","15.9267768599724","15.5671789443764","14.8400463015595","14.8521115925631","15.1730253402484","15.125356240509","14.9254588946239","14.9732217226774","15.0540214100198","15.2932792091383","14.9211658114725","14.9024736224185","14.722078762129","14.8175153327448","14.6075016732224","14.4287656993021","14.3368434654603","14.4363090676296","14.5538604975515","14.8846188720556","15.0012965856726","14.9033615662937","14.7903911659822","14.9699763489153","15.1007174879948","15.4830919711513","16.0267941077113","16.4385931124845","15.7587240518348","15.6117979692701","15.4476967934249","15.5990549805486","15.6016751064509","15.6015148140659","15.7045034155259","15.6833669267271","15.6448505099563","15.7899477414604","16.6622110246172","16.2237735340304","","","",
"United States","USA","Adjusted savings: carbon dioxide damage (% of GNI)","NY.ADJ.DCO2.GN.ZS","","","","","","","","","","","","","","","","","","","","","","","","","","","","","","","0.994596176433922","1.01005431164279","1.01573383645005","1.04017471361858","1.03478628152883","1.03271424715393","1.0432600675379","1.06849919631629","1.04762376742904","1.02746924198777","1.03247089799806","1.03810600997142","1.01984006058704","1.03089108439467","1.02779936063109","1.01668596686139","0.985576405382622","1.01531149159009","1.01354278640103","0.987140831093959","1.01566228798885","0.97363003428701","0.923415485858181","0.957650288800659","0.953071714433702","0.929971013855303","0.924104500420472","0.906823346321162","0.930998243480964","0.90266763295954","0.892961842497132","0.890531802541054","","","",
"United States","USA","Services, value added (% of GDP)","NV.SRV.TOTL.ZS","","","","","","","","","","","","","","","","","","","","","","","","","","","","","","","","","","","","","","71.8090286325535","72.4198198585911","72.6898417944341","72.818447739512","74.0174691599687","74.863701241708","74.6040993391519","74.1637865273611","74.0256826905582","73.7013684205001","73.9220618222027","74.6195360403017","76.514334508786","76.2772193576192","75.9014962160953","76.1638003426071","75.8160535750448","75.8275409731137","76.7423962861671","77.4396929034265","77.0329386939218","76.7355386223548","77.181114155661","78.137486413611","77.5992103112853","","","",
"United States","USA","Services, value added (current LCU)","NV.SRV.TOTL.CN","","","","","","","","","","","","","","","","","","","","","","","","","","","","","","","","","","","","","","6159458536000","6563276616000","7000885499000","7464581210000","7832476607000","8181938471000","8546975401000","9060733083000","9652356220000","10182276636000","10699646961000","11021199447000","11077795034000","11478931620000","11840427051000","12379642957000","12769842707000","13308249200000","13971736585000","14477436424000","15003964723000","15756152124000","16502075586000","16456124708000","18092318398000","","","",
"United States","USA","Medium and high-tech manufacturing value added (% manufacturing value added)","NV.MNF.TECH.ZS.UN","","","","","","","","","","","","","","","","","","","","","","","","","","","","","","","48.654045427385","48.9673759515029","48.4789185301149","48.8696416302322","49.1751669346116","49.2224311288176","49.2222550293065","50.7632529408419","50.7797476572471","50.566549301583","49.9984527341493","48.5302584575089","49.0905860090204","49.0911094109522","49.1108213315414","48.0777371211313","48.2450322764525","49.3327725071964","49.8575410833301","45.7472330597007","46.4771836293327","45.9967531843142","46.0518622857238","45.7751934101166","47.0381986450065","46.5985571916309","46.2453530316454","46.570789769135","45.5351511197855","45.2319241312387","45.0884458180873","43.2715427799829","44.0806980123465","","",
"United States","USA","Chemicals (% of value added in manufacturing)","NV.MNF.CHEM.ZS.UN","","","","10.404050950094","10.582964009156","10.3993270763237","10.4177514318901","10.3988058787508","10.4144676658926","10.2978975812298","10.3664851501687","10.3776295208606","9.43080673507568","9.21873452817111","10.0736664595722","10.3909068221521","10.2318914567339","9.85497296833433","9.52904862320834","9.59066055859317","9.67008702428887","9.74226804123711","9.61004819629035","10.050714090785","9.87048745665919","9.80089117257437","9.94404538326008","10.5952227243383","11.2215556392122","11.3612653800129","11.7425932789254","12.0082151828184","11.7896859816511","11.7400553705521","11.58482575837","11.7608869327457","11.7608869326186","12.4204245095416","12.2970088824464","11.7650163691842","11.8375962499753","12.2514777007344","13.2894899670291","13.6305449854006","14.4664685064975","14.9371964457067","15.2432843097178","15.5045631683933","15.6560946637864","16.4578238508889","16.2936892990713","16.4254503825377","15.8550521788363","15.7540954828929","15.9308334557202","15.992083721794","16.6182275876153","16.4386024172953","15.731168215011","16.0186895207073","16.9284107523146","16.9417753851505","18.9228969317281","18.2978571683246","",
"United States","USA","Industry (including construction), value added (constant 2015 US$)","NV.IND.TOTL.KD","","","","","","","","","","","","","","","","","","","","","","","","","","","","","","","","","","","","","","","","","","","","","","","","","","","","","","","","3383977115000","","","","","","","","","",
"United States","USA","Manufacturing, value added (constant LCU)","NV.IND.MANF.KN","","","","","","","","","","","","","","","","","","","","","","","","","","","","","","","","","","","","","","","","","","","","","","","","","","","","","","","","","","","","","","","","","",
"United States","USA","Manufacturing, value added (current US$)","NV.IND.MANF.CD","","","","","","","","","","","","","","","","","","","","","","","","","","","","","","","","","","","","","","1379886400000","1429598421000","1488889708000","1549438477000","1472931546000","1470280193000","1525598451000","1609515155000","1692920894000","1794744585000","1848323547000","1804393692000","1693758354000","1791742513000","1863738024000","1927324612000","1987179289000","2045615226000","2123243202000","2098271549000","2192925367000","2330106524000","2364316202000","2238531370000","2497131582000","","","",
"United States","USA","Agriculture, forestry, and fishing, value added (% of GDP)","NV.AGR.TOTL.ZS","","","","","","","","","","","","","","","","","","","","","","","","","","","","","","","","","","","","","","1.33691171038169","1.21399691075917","1.15124101558576","1.15055536360653","1.1292569744094","0.973711859673977","1.12104760396265","1.26548363027696","1.1505065593333","1.00948718664602","1.07512397740734","1.05300059714298","0.960285892029002","1.02943733820679","1.20055910284662","1.14932964297306","1.32108416447024","1.17206510494526","1.03393378310334","0.942644552842604","0.946868677532138","0.903900642655548","0.838812891431208","0.948847431791134","0.959566656543433","","","",
"United States","USA","Agriculture, forestry, and fishing, value added (current LCU)","NV.AGR.TOTL.CN","","","","","","","","","","","","","","","","","","","","","","","","","","","","","","","","","","","","","","114674330000","110022333000","110878031000","117942832000","119497180000","106418069000","128432169000","154606580000","150016842000","139466580000","155615884000","155526692000","139030815000","154919659000","187283956000","186811721000","222512729000","205705398000","188238199000","176228444000","184424799000","185598437000","179346384000","199831763000","223723739000","","","",
"United States","USA","External balance on goods and services (% of GDP)","NE.RSB.GNFS.ZS","","","","","","","","","","","0.367929652670308","0.0533115851826415","-0.263698978195777","0.288344970028961","-0.0527425136370137","0.948184584997127","-0.0870604010223058","-1.10931461130757","-1.07871282476307","-0.858094501153832","-0.456933749156111","-0.390359836372532","-0.597346303848718","-1.42106384137975","-2.54425077391023","-2.62776104701129","-2.87946779991663","-2.98174231213242","-2.08905366586981","-1.53753026634383","-1.30560321870476","-0.464637879459816","-0.532764691096014","-0.950257918609434","-1.26916433061863","-1.17493388853482","-1.19380086167408","-1.18881203857334","-1.79536868525171","-2.69489458732617","-3.71744154893307","-3.5602863376175","-4.02361108180165","-4.55599564098558","-5.19056210148016","-5.67444356856831","-5.69250516072971","-5.08443735772705","-5.01610106518512","-2.8950899302549","-3.53717361736628","-3.71555193417392","-3.39373657217083","-2.84063156559137","-2.89960272168766","-2.87992641258081","-2.69199794670038","-2.78954465171931","-2.88840084059665","-2.70001704686905","-2.97335193646103","-3.68872411908149","-3.74513047688775","-2.92150450779914","-3.16372087197389",
"United States","USA","Imports of goods and services (% of GDP)","NE.IMP.GNFS.ZS","","","","","","","","","","","5.19517787614495","5.35193372537237","5.80215931389794","6.39543530970074","8.24886441808829","7.28409452407971","8.067953018343","8.76360464323147","9.02577352686406","9.61712885271871","10.2833892192894","9.90813650339986","9.06707929238358","9.04332866084504","10.0333290981577","9.61583358665714","9.88872247567544","10.4776616483513","10.5795771858657","10.4763204634163","10.5603352862181","10.1255430017786","10.2416795967442","10.4974383102923","11.162311746182","11.8141577687958","11.9404364259576","12.3085665651286","12.3106298188105","13.0042291459932","14.4102184542572","13.2637338366067","13.1549925956457","13.5916543236323","14.8193121829029","15.65649830011","16.3338916290247","16.5482275199969","17.4419484298585","13.8273105496213","15.8785344260197","17.2790190876841","17.0377859689502","16.4242927670279","16.4520404415866","15.351745665684","14.6499800035794","15.0512827697199","15.2493900563462","14.5768882704583","13.1874574667002","14.6491408906374","15.529535106212","14.1059171480679","14.2711775613413",
"United States","USA","Imports of goods and services (current LCU)","NE.IMP.GNFS.CN","","","","","","","","","","","55760000000","62342000000","74216000000","91159000000","127465000000","122730000000","151146000000","182443000000","212250000000","252674000000","293828000000","317758000000","303184000000","328638000000","405107000000","417229000000","452867000000","508713000000","553993000000","591030000000","629728000000","623544000000","667791000000","719973000000","813424000000","902572000000","963966000000","1055774000000","1115690000000","1252460000000","1477184000000","1403559000000","1437724000000","1557120000000","1810504000000","2041482000000","2256623000000","2395228000000","2576151000000","2001927000000","2389555000000","2695480000000","2769317000000","2766375000000","2887445000000","2794942000000","2738830000000","2931589000000","3131166000000","3116681000000","2777341000000","3415459000000","3976314000000","3849811000000","4103100000000",
"United States","USA","Gross capital formation (annual % growth)","NE.GDI.TOTL.KD.ZG","","","","","","","","","","","","5.45008607445494","7.81700568999956","8.98748514443301","-4.82872339733237","-12.4165519661283","14.9717003505749","11.0207872248815","10.6804159433125","3.85309860275139","-7.70410637804207","6.77100017638904","-10.1761423690582","8.67055041075831","23.7423714391837","2.40293584814133","1.81123876210758","3.49946048192574","1.68889089300521","3.62264028298411","-1.02708197811474","-5.25383055733445","5.50548552214816","5.3794413291691","9.03489636967083","2.86456131675979","7.59172187600102","9.48177154963972","8.66765689351263","7.93330967539643","6.09858695113066","-3.98824746317811","0.480771211961127","4.12540499316512","7.80846786234382","5.61637964194783","3.06909869866814","-1.6406938561903","-6.25192500654404","-16.487262683929","10.3659461830657","4.29526299416074","7.70781785134345","5.18281463464653","5.16675807462764","5.73685791290981","0.374489625818725","4.22099592175572","5.55608446382129","3.27165519896128","-3.00638705629247","6.67442000596003","4.78762663622267","1.27206002342639","3.48645844272011",
"United States","USA","Changes in inventories (constant LCU)","NE.GDI.STKB.KN","","","","","","","","","","","8486006000","37914461000","38946313000","59187882000","44149376000","-19404407000","51984390000","65430098000","69138923000","42490869000","-14232981000","59122175000","-29956549000","-11873594000","118171341000","38038575000","12443059000","50026549000","32824561000","45840736000","24727934000","-2706177000","26815973000","33193254000","103932276000","47645260000","46643828000","112069059000","109199830000","102266469000","91290878000","-59791418000","28161760000","24493090000","96173920000","81607535000","103263033000","46293388000","-39340558000","-207198959000","66186951000","53990903000","84177429000","125991754000","103548982000","162611533000","40592651000","39757922000","66068921000","88079726000","-36071000000","14158756000","144934991000","40220309000","",
"United States","USA","Gross fixed capital formation (constant LCU)","NE.GDI.FTOT.KN","","","","","","","","","","","863241582000","914172405000","1015173248000","1087017384000","1044587721000","968331728000","1046110564000","1154161387000","1277116851000","1349897880000","1291954647000","1316602141000","1251223299000","1342053881000","1543484845000","1651600425000","1703557778000","1733678315000","1773762089000","1825742420000","1823827900000","1748922411000","1820627632000","1913389446000","2030198181000","2134870130000","2298277024000","2463319563000","2692254658000","2916370550000","3102945963000","3089816926000","3037422983000","3166116787000","3355856956000","3559200352000","3654385345000","3633229526000","3480427177000","3044606875000","3113329078000","3257380825000","3482496279000","3624525926000","3838068609000","4006979880000","4123297712000","4299490010000","4515550920000","4647755201000","4609869000000","4860366214000","4958921724000","5118869320000","5296527014000",
"United States","USA","Gross fixed capital formation (current US$)","NE.GDI.FTOT.CD","","","","","","","","","","","217457485000","242886940000","279724000000","316688000000","336702000000","347912000000","395754000000","467452000000","558153000000","641769000000","672378000000","748760000000","752891000000","814433000000","947866000000","1027702000000","1080662000000","1119664000000","1176882000000","1242441000000","1269272000000","1238832000000","1292796000000","1377895000000","1486873000000","1594003000000","1721214000000","1851279000000","2016953000000","2194721000000","2372714000000","2385009000000","2354119000000","2477183000000","2703389000000","2990493000000","3182858000000","3231084000000","3136450000000","2723344000000","2756059000000","2922919000000","3171573000000","3334682000000","3595519000000","3777790000000","3888894000000","4116417000000","4399011000000","4594718000000","4609869000000","5039777000000","5558807000000","5929633000000","6238600000000",
"United States","USA","Exports of goods and services (constant LCU)","NE.EXP.GNFS.KN","","","","","","","","","","","193282316000","196632352000","211958690000","251847276000","271850228000","270109533000","281904346000","288679620000","319150806000","350756051000","388522915000","393257685000","363145467000","353736088000","382575874000","395394448000","425691164000","472213643000","548770129000","612299479000","666317175000","710388041000","759599774000","784397658000","853707599000","941454268000","1018431890000","1139723033000","1166343834000","1224424488000","1326217040000","1252186367000","1227722383000","1253584137000","1374478209000","1469969767000","1609262464000","1750255747000","1851591067000","1697676933000","1912416122000","2049692381000","2132052520000","2196234631000","2281938790000","2289232462000","2300084733000","2394718978000","2463066323000","2476213784000","2151139000000","2290463783000","2462539903000","2530612507000","2622774083000",
"United States","USA","Exports of goods and services (current US$)","NE.EXP.GNFS.CD","","","","","","","","","","","59709000000","62963000000","70843000000","95269000000","126650000000","138706000000","149515000000","159349000000","186883000000","230129000000","280772000000","305239000000","283210000000","276996000000","302380000000","303211000000","320998000000","363943000000","444601000000","504289000000","551873000000","594931000000","633053000000","654799000000","720937000000","812810000000","867589000000","953803000000","952979000000","992910000000","1096111000000","1026812000000","997979000000","1035165000000","1176363000000","1301580000000","1470170000000","1659295000000","1835280000000","1582774000000","1857247000000","2115864000000","2217700000000","2287922000000","2378545000000","2270622000000","2235558000000","2388260000000","2538089000000","2539391000000","2151139000000","2555430000000","3017379000000","3052469000000","3193500000000",
"United States","USA","Gross national expenditure (current LCU)","NE.DAB.TOTL.CN","","","","","","","","","","","1069355000000","1164230000000","1282482000000","1421266000000","1546058000000","1668928000000","1875043000000","2104920000000","2376966000000","2649878000000","2870363000000","3219561000000","3363763000000","3685680000000","4140340000000","4452997000000","4711500000000","4999985000000","5345831000000","5728320000000","6040998000000","6186743000000","6555066000000","6923733000000","7379724000000","7729510000000","8169498000000","8679523000000","9225528000000","9890722000000","10632025000000","10958677000000","11368853000000","11978405000000","12851337000000","13779099000000","14602036000000","15210161000000","15510731000000","14897220000000","15581280000000","16179349000000","16805588000000","17359137000000","18117038000000","18819339000000","19308185000000","20155431000000","21249592000000","22117272000000","21980307000000","24541200000000","26965827000000","28518051000000","30112100000000",
"United States","USA","Final consumption expenditure (constant LCU)","NE.CON.TOTL.KN","","","","","","","","","","","4806250067000","4947940497000","5184186593000","5372041868000","5362173296000","5485811846000","5723086773000","5934807139000","6161992580000","6287957045000","6291442236000","6381473360000","6486419377000","6817513588000","7122824959000","7486262123000","7802301529000","8043901123000","8344368151000","8590246125000","8775667131000","8818945357000","9089026106000","9341407386000","9642279424000","9877569276000","10164531058000","10511405937000","11004119181000","11544519476000","12053881267000","12375370952000","12719156183000","13087644927000","13526599125000","13937573959000","14298038243000","14623495975000","14707516118000","14670179443000","14894414096000","15007632839000","15132296012000","15292728418000","15623519661000","16105170342000","16480804097000","16838259735000","17260978811000","17683831488000","17406510000000","18665704408000","19099290379000","19595656079000","20183391014000",
"United States","USA","Final consumption expenditure (current US$)","NE.CON.TOTL.CD","","","","","","","","","","","839510000000","908897000000","993651000000","1088700000000","1195366000000","1327272000000","1462173000000","1615144000000","1793022000000","1990125000000","2204317000000","2440992000000","2625786000000","2876998000000","3127068000000","3403470000000","3624267000000","3853172000000","4150467000000","4458186000000","4757180000000","4948306000000","5245942000000","5525024000000","5829066000000","6104333000000","6417484000000","6757318000000","7144856000000","7635185000000","8204767000000","8611952000000","8994760000000","9487128000000","10083880000000","10731093000000","11350189000000","11945126000000","12403523000000","12324648000000","12771304000000","13210168000000","13562803000000","13918978000000","14436727000000","14901426000000","15380223000000","16006340000000","16794173000000","17449599000000","17406510000000","19489230000000","21257373000000","22546723000000","23832600000000",
"United States","USA","Households and NPISHs Final consumption expenditure per capita growth (annual %)","NE.CON.PRVT.PC.KD.ZG","","","","","","","","","","","","2.51454586481539","4.99478934371464","3.95185889031522","-1.73957164574054","1.26407539067171","4.57496199783102","3.18339934981186","3.27634058471109","1.25338978945994","-1.26421373425009","0.396437893228324","0.501148336092314","4.69934393959306","4.35333351694015","4.24960658646525","3.17023695893744","2.46783924204881","3.23524929109517","1.94823147774734","0.86815867895298","-1.14924986021919","2.25206374236353","2.12799649646951","2.60828401245985","1.73186600393909","2.2731132937358","2.52369681785294","4.09057030348561","4.1778879681595","3.87452450017093","1.46713418009232","1.59595026916404","2.28133225161685","2.81405253604234","2.5914228270212","1.90993640447329","1.46135721612642","-0.792789804784292","-2.16692121211666","1.04729354257644","0.898857544921896","0.561266231193017","0.977159368058196","2.0149994319618","2.55101739738346","1.65277566337136","1.92941932377886","2.14027799783459","1.47769238872688","-2.91951660534082","8.23494778886911","1.9432134094791","","",
"United States","USA","Households and NPISHs Final consumption expenditure (constant 2015 US$)","NE.CON.PRVT.KD","","","","","","","","","","","3183593154000","3305171397000","3507607205000","3681191861000","3650354832000","3733125298000","3941186944000","4107758275000","4287532131000","4389446210000","4375742594000","4436416416000","4501357781000","4756183359000","5006395010000","5265600997000","5482971256000","5668725120000","5905501700000","6077682329000","6200091507000","6211283832000","6439862956000","6664205675000","6922397805000","7126644350000","7373933134000","7651598722000","8057980421000","8491588376000","8919298056000","9140174004000","9372603257000","9669172130000","10033699614000","10389032325000","10690039986000","10949905662000","10966333655000","10823168616000","11029448714000","11217120345000","11370496933000","11568799472000","11896231644000","12297438000000","12599282434000","12931670053000","13286129991000","13552086595000","13210275551000","14320646003000","14683221666000","","",
"United States","USA","General government final consumption expenditure (% of GDP)","NE.CON.GOVT.ZS","","","","","","","","","","","17.9618430210295","17.9387904021977","17.6292891150878","16.7762751723054","17.1626727964469","17.6107956298994","16.7879782984202","16.3879690233478","15.7667187305319","15.4036431620963","15.876837875664","15.8102437729982","16.5838514332094","16.3837857501765","15.7203773615748","15.9171086101131","16.1145952588757","16.0012069496407","15.6681698513379","15.6237968795976","15.9007731491978","16.3175698333049","16.0786874646011","15.6452689260237","15.2060534337024","14.9447710913016","14.5283200229106","14.2293238255567","13.9868964790694","14.0317985261662","14.0239517400802","14.5356379493206","15.0590355024837","15.2436331781727","15.158309850606","15.047143394","15.0044511883738","15.1892879283282","15.9340733958399","16.8076950275681","16.6858457892174","16.098427999507","15.4758416244692","15.0253298264668","14.5992974323344","14.3028948337723","14.1928765356073","13.9429433442707","13.9274534549159","14.1009184202812","15.0912418134706","14.4381701420122","13.9429723365358","","",
"United States","USA","General government final consumption expenditure (current LCU)","NE.CON.GOVT.CN","","","","","","","","","","","192785000000","208960000000","225498000000","239125000000","265205000000","296725000000","314508000000","341169000000","370770000000","404705000000","453650000000","507041000000","554529000000","595393000000","634728000000","690640000000","737989000000","776893000000","820454000000","881429000000","948186000000","1004857000000","1048383000000","1073040000000","1108101000000","1141743000000","1172889000000","1220528000000","1267607000000","1351427000000","1437588000000","1538151000000","1645819000000","1746378000000","1851920000000","1962027000000","2072953000000","2198532000000","2353440000000","2433429000000","2511047000000","2511311000000","2515439000000","2530745000000","2562276000000","2603988000000","2653374000000","2715714000000","2859732000000","3014914000000","3178287000000","3366271000000","3570077000000","","",
"United States","USA","Military expenditure (% of GDP)","MS.MIL.XPND.GD.ZS","8.99312458715278","9.15603150017123","9.33167294545842","8.83189118618018","8.0512811057284","7.58724717722602","8.43530028594507","9.41779593255137","9.26845427468793","8.63326379509104","8.03274358404085","6.94306960936061","6.51975692434716","5.8938705911674","5.95411119676015","5.62267909613336","5.19107142902555","5.15561735127125","4.94308724791688","4.95199153527265","5.15353746651636","5.64654125624258","6.81405709441284","6.32114425976717","6.23641652963897","6.4532192046686","6.62652265789842","6.42027402288488","6.0712777020948","5.87120600804653","5.60517529438794","4.88342939776313","4.97046680768284","4.60435029507644","4.2152646751779","3.8602457917389","3.55498220635218","3.40556224418855","3.20155849896996","3.08567678324746","3.11224214697679","3.12380980266703","3.44761809928778","3.82716104473623","4.01631273640692","4.08923187524508","4.04134230166038","4.07335051467688","4.44659552156261","4.87576835879774","4.90402300595835","4.82244197600452","4.4617099699335","4.02370560438155","3.67891817387645","3.46449292564277","3.40260233575118","3.2977234873792","3.3040005391035","3.40921408383721","3.64518757294704","3.40451991574826","3.30947715843109","3.304441637598","3.41921653228044",
"United States","USA","Armed forces personnel, total","MS.MIL.TOTL.P1","","","","","","","","","","","","","","","","","","","","","","","","","","2151600","","","","2240000","2180000","2120000","1920000","1820000","1720000","1635600","1572100","1533300","1594000","1575000","1454800","1420700","1467000","1480000","1473000","1546000","1498000","1555000","1540000","1563996","1569417","1520100","1492200","1433150","1381250","1347300","1348400","1359000","1379800","1388000","1395000","","","","",
"United States","USA","Logistics performance index: Overall (1=low to 5=high)","LP.LPI.OVRL.XQ","","","","","","","","","","","","","","","","","","","","","","","","","","","","","","","","","","","","","","","","","","","","","","","","3.84","","","3.86","","3.93","","3.917825","","3.992172","","3.89","","","","3.8","","",
"United States","USA","Logistics performance index: Efficiency of customs clearance process (1=low to 5=high)","LP.LPI.CUST.XQ","","","","","","","","","","","","","","","","","","","","","","","","","","","","","","","","","","","","","","","","","","","","","","","","3.52","","","3.68","","3.67","","3.728529","","3.752486","","3.78","","","","3.7","","",
"United States","USA","Individuals using the Internet, male (% of male population)","IT.NET.USER.MA.ZS","","","","","","","","","","","","","","","","","","","","","","","","","","","","","","","","","","","","","","","","","","","","","","","","","","67.9408","71.2639","69.3692","74.1254","70.9145","","74.2101","","","","","","","","","",
"United States","USA","CPIA property rights and rule-based governance rating (1=low to 6=high)","IQ.CPA.PROP.XQ","","","","","","","","","","","","","","","","","","","","","","","","","","","","","","","","","","","","","","","","","","","","","","","","","","","","","","","","","","","","","","","","","",
"United States","USA","IDA resource allocation index (1=low to 6=high)","IQ.CPA.IRAI.XQ","","","","","","","","","","","","","","","","","","","","","","","","","","","","","","","","","","","","","","","","","","","","","","","","","","","","","","","","","","","","","","","","","",
"United States","USA","CPIA financial sector rating (1=low to 6=high)","IQ.CPA.FINS.XQ","","","","","","","","","","","","","","","","","","","","","","","","","","","","","","","","","","","","","","","","","","","","","","","","","","","","","","","","","","","","","","","","","",
"United States","USA","CPIA debt policy rating (1=low to 6=high)","IQ.CPA.DEBT.XQ","","","","","","","","","","","","","","","","","","","","","","","","","","","","","","","","","","","","","","","","","","","","","","","","","","","","","","","","","","","","","","","","","",
"United States","USA","Patent applications, residents","IP.PAT.RESD","","","","","","","","","","","","","","","","","","","","","62098","62404","63316","59391","61841","63673","65195","68315","75192","82370","90643","87955","92425","99955","107233","123962","106892","119214","134733","149251","164795","177513","184245","188941","189536","207867","221784","241347","231588","224912","241977","247750","268782","287831","285096","288335","295327","293904","285095","285113","269586","262244","","","",
"United States","USA","Industrial design applications, nonresident, by count","IP.IDS.NRCT","","","","","","","","","","","","","","","","","","","","","2055","2059","2238","2415","2877","3170","3227","3668","3701","4198","3281","3589","4079","3596","3876","4578","4637","5256","5713","6299","6757","7135","7903","8888","10068","11026","11277","12271","12319","11023","12353","13024","13987","15763","15058","18187","21015","22451","24324","26865","29056","37564","","","",
"United States","USA","Public private partnerships investment in energy (current US$)","IE.PPN.ENGY.CD","","","","","","","","","","","","","","","","","","","","","","","","","","","","","","","","","","","","","","","","","","","","","","","","","","","","","","","","","","","","","","","","","",
"United States","USA","Investment in energy with private participation (current US$)","IE.PPI.ENGY.CD","","","","","","","","","","","","","","","","","","","","","","","","","","","","","","","","","","","","","","","","","","","","","","","","","","","","","","","","","","","","","","","","","",
"United States","USA","Time spent dealing with the requirements of government regulations (% of senior management time)","IC.GOV.DURS.ZS","","","","","","","","","","","","","","","","","","","","","","","","","","","","","","","","","","","","","","","","","","","","","","","","","","","","","","","","","","","","","","","","","5.880256653",
"United States","USA","Firms that introduced a new product/service and process, and spent on R&D","IC.FRM.NPRD.ZS","","","","","","","","","","","","","","","","","","","","","","","","","","","","","","","","","","","","","","","","","","","","","","","","","","","","","","","","","","","","","","","","","0.8711677194",
"United States","USA","Firms with at least 10% foreign ownership","IC.FRM.FO.ZS","","","","","","","","","","","","","","","","","","","","","","","","","","","","","","","","","","","","","","","","","","","","","","","","","","","","","","","","","","","","","","","","","3.272725582",
"United States","USA","Firms adopting energy management measures to reduce emissions (% of firms)","IC.FRM.ENGM.ZS","","","","","","","","","","","","","","","","","","","","","","","","","","","","","","","","","","","","","","","","","","","","","","","","","","","","","","","","","","","","","","","","","38.85673904",
"United States","USA","Informal payments to public officials (% of firms)","IC.FRM.CORR.ZS","","","","","","","","","","","","","","","","","","","","","","","","","","","","","","","","","","","","","","","","","","","","","","","","","","","","","","","","","","","","","","","","","0.5603736639",
"United States","USA","Bribery incidence (% of firms experiencing at least one bribe payment request)","IC.FRM.BRIB.ZS","","","","","","","","","","","","","","","","","","","","","","","","","","","","","","","","","","","","","","","","","","","","","","","","","","","","","","","","","","","","","","","","","2.53842783",
"United States","USA","Firms experiencing electrical outages (% of firms)","IC.ELC.OUTG.ZS","","","","","","","","","","","","","","","","","","","","","","","","","","","","","","","","","","","","","","","","","","","","","","","","","","","","","","","","","","","","","","","","","25.16839218",
"United States","USA","New businesses registered (number)","IC.BUS.NREG","","","","","","","","","","","","","","","","","","","","","","","","","","","","","","","","","","","","","","","","","","","","","","","","","","","","","","","","","","","","","","","","","",
"United States","USA","B-READY: Utility Services Pillar 1: Quality of Regulations on Utility Services","IC.BRE.US.P1","","","","","","","","","","","","","","","","","","","","","","","","","","","","","","","","","","","","","","","","","","","","","","","","","","","","","","","","","","","","","","","","","",
"United States","USA","B-READY: Taxation Pillar 1: Quality of Regulations on Taxation","IC.BRE.TX.P1","","","","","","","","","","","","","","","","","","","","","","","","","","","","","","","","","","","","","","","","","","","","","","","","","","","","","","","","","","","","","","","","","",
"United States","USA","B-READY: Pillar 1: Regulatory Framework","IC.BRE.P1.RF","","","","","","","","","","","","","","","","","","","","","","","","","","","","","","","","","","","","","","","","","","","","","","","","","","","","","","","","","","","","","","","","","",
"United States","USA","B-READY: Market Competition: Overall Score","IC.BRE.MC.OS","","","","","","","","","","","","","","","","","","","","","","","","","","","","","","","","","","","","","","","","","","","","","","","","","","","","","","","","","","","","","","","","","",
"United States","USA","B-READY: Labor: Overall Score","IC.BRE.LB.OS","","","","","","","","","","","","","","","","","","","","","","","","","","","","","","","","","","","","","","","","","","","","","","","","","","","","","","","","","","","","","","","","","",
"United States","USA","B-READY: International Trade: Overall Score","IC.BRE.IT.OS","","","","","","","","","","","","","","","","","","","","","","","","","","","","","","","","","","","","","","","","","","","","","","","","","","","","","","","","","","","","","","","","","",
"United States","USA","B-READY: Financial Services: Overall Score","IC.BRE.FS.OS","","","","","","","","","","","","","","","","","","","","","","","","","","","","","","","","","","","","","","","","","","","","","","","","","","","","","","","","","","","","","","","","","",
"United States","USA","B-READY: Dispute Resolution: Overall Score","IC.BRE.DR.OS","","","","","","","","","","","","","","","","","","","","","","","","","","","","","","","","","","","","","","","","","","","","","","","","","","","","","","","","","","","","","","","","","",
"United States","USA","B-READY: Business Location: Overall Score","IC.BRE.BL.OS","","","","","","","","","","","","","","","","","","","","","","","","","","","","","","","","","","","","","","","","","","","","","","","","","","","","","","","","","","","","","","","","","",
"United States","USA","B-READY: Business Insolvency: Overall Score","IC.BRE.BI.OS","","","","","","","","","","","","","","","","","","","","","","","","","","","","","","","","","","","","","","","","","","","","","","","","","","","","","","","","","","","","","","","","","",
"United States","USA","B-READY: Business Entry: Overall Score","IC.BRE.BE.OS","","","","","","","","","","","","","","","","","","","","","","","","","","","","","","","","","","","","","","","","","","","","","","","","","","","","","","","","","","","","","","","","","",
"United States","USA","Human capital index (HCI), male (scale 0-1)","HD.HCI.OVRL.MA","","","","","","","","","","","","","","","","","","","","","","","","","","","","","","","","","","","","","","","","","","","","","","","","","","","0.678875505924225","","","","","","","0.726","0.697446584701538","","0.684286594390869","","","","",
"United States","USA","Human capital index (HCI), female (scale 0-1)","HD.HCI.OVRL.FE","","","","","","","","","","","","","","","","","","","","","","","","","","","","","","","","","","","","","","","","","","","","","","","","","","","0.704651892185211","","","","","","","0.757","0.730934500694275","","0.720416069030762","","","","",
"United States","USA","Government Effectiveness: Percentile Rank, Upper Bound of 90% Confidence Interval","GE.PER.RNK.UPPER","","","","","","","","","","","","","","","","","","","","","","","","","","","","","","","","","","","","","95.62841796875","","99.4535522460938","","99.4535522460938","","96.2162170410156","95.1351318359375","98.0099487304688","95.5882339477539","97.5609741210938","97.5728149414062","98.0582504272461","97.6076583862305","98.0861206054688","98.1042633056641","97.1563949584961","98.1042633056641","98.0769195556641","96.6666641235352","95.2380981445312","98.0952377319336","98.5714263916016","97.1428604125977","94.7619018554688","95.7142868041992","96.2264175415039","96.698112487793","",
"United States","USA","Government Effectiveness: Estimate","GE.EST","","","","","","","","","","","","","","","","","","","","","","","","","","","","","","","","","","","","","1.52492046356201","","1.6985274553299","","1.72488653659821","","1.62092781066895","1.54012453556061","1.74025785923004","1.53101277351379","1.5816855430603","1.64327275753021","1.60507559776306","1.50298464298248","1.55227208137512","1.5137984752655","1.5213223695755","1.51647663116455","1.46162545681","1.43219923973083","1.44050490856171","1.51742815971375","1.53697216510773","1.45341503620148","1.27459323406219","1.2975310087204","1.25549554824829","1.21720099449158","",
"United States","USA","Expense (current LCU)","GC.XPN.TOTL.CN","","","","","","","","","","","","","227660000000","255090000000","276330000000","328060000000","369670000000","408100000000","449710000000","497120000000","587010000000","673630000000","751120000000","828660000000","866890000000","962160000000","1018080000000","1037770000000","1101240000000","1177010000000","1285590000000","1409250000000","1422630000000","1468930000000","1510750000000","1568670000000","1615060000000","1663160000000","1696680000000","1743670000000","1837640000000","2064509400000","2195004100000","2366973400000","2498237100000","2704995300000","2845338800000","3019996100000","3365700000000","3702985200000","3920948200000","3953861200000","3886633700000","3862547400000","3981212800000","4093242600000","4215294600000","4342256600000","4579442000000","4849584300000","6796616000000","7413029700000","6412898800000","6795281800000","",
"United States","USA","Interest payments (% of revenue)","GC.XPN.INTP.RV.ZS","","","","","","","","","","","","","6.92879517509","6.42781011724194","8.2847057128449","8.41820114528683","9.22651578473606","9.00595190002962","8.22910915332357","9.63325283451353","11.233238074302","12.2649619406368","14.6844347417413","16.3748239759995","17.2040316293574","19.2292627455935","18.7954851956699","17.1726275527027","17.4771704914967","17.2758109980412","18.0851847758004","18.8798827282918","18.7393998130906","17.0468041786848","16.1088353564583","16.3209690684286","16.491179911505","15.2779195513417","14.0898366202199","12.652407820496","11.2058257398329","12.5223490925348","11.9802191352573","11.0562767239624","10.7276661064748","11.0087292168097","10.8973104924611","11.6129615211619","11.205082978016","11.1584433317198","11.3656014422158","12.5110757536464","11.6649393846484","9.32082071507531","9.41136570314412","8.8126892699848","9.9118867002559","9.79359831299426","12.2634075318711","12.7927868542352","10.903065580333","11.39536261799","13.4056894070101","17.9836824101844","20.1919099923152",
"United States","USA","Compensation of employees (% of expense)","GC.XPN.COMP.ZS","","","","","","","","","","","","","18.5627690415532","17.5153867262535","16.6974269894691","14.9088581357069","13.947574864068","13.5383484440088","13.2774454648551","12.6770196330866","11.5398374814739","11.2687974110417","11.1739801895836","10.7535056597398","10.8802731603779","10.4701920678473","10.3705013358479","10.7046840822147","10.6706984853438","10.4238706553045","10.0607503169751","9.82650345928685","9.71580804566191","9.44565091597285","9.16233658778752","8.86228461052994","8.69812886208562","8.54397652661199","8.48775255204281","8.63810239322808","8.66219716593021","9.75647289375384","10.2860582356088","10.8412456177159","10.9395581388172","10.7995196886294","10.6905441278206","10.5762918038205","10.109483911222","9.89666121268862","10.0144857817811","10.1371717348095","10.2394547754783","10.0564487571078","9.86399671979353","9.72459096365312","9.68522342424181","9.60101713012538","9.48708161387348","9.2337357657645","6.95405625387693","6.64236648073864","7.93636101040609","8.03325036498118","",
"United States","USA","Taxes on income, profits and capital gains (current LCU)","GC.TAX.YPKG.CN","","","","","","","","","","","","","126960000000","139470000000","157640000000","163080000000","173070000000","211690000000","241030000000","283590000000","308740000000","346780000000","347420000000","326080000000","355530000000","396100000000","412310000000","476720000000","495650000000","549320000000","560570000000","566130000000","576940000000","627410000000","683680000000","747430000000","828530000000","920250000000","1017270000000","1064250000000","1212030000000","1141539700000","966360000000","963656700000","1045333100000","1268411800000","1435528000000","1513031800000","1395528400000","1032281500000","1176818000000","1369780200000","1457785700000","1619408300000","1763762400000","1883845200000","1883861900000","1868369800000","1864984500000","1938055100000","1993740600000","2490472500000","3042143600000","2741981700000","2921473800000",
"United States","USA","Other taxes (current LCU)","GC.TAX.OTHR.CN","","","","","","","","","","","","","5450000000","4930000000","5060000000","4620000000","5230000000","7340000000","5300000000","5420000000","6410000000","6800000000","8000000000","6060000000","6030000000","6440000000","6980000000","7510000000","7610000000","8770000000","11520000000","11200000000","11210000000","12580000000","15230000000","14760000000","17190000000","19850000000","24080000000","27780000000","29010000000","27951000000","25302000000","21976000000","24615000000","24989000000","27833000000","26471000000","28263000000","20611000000","15079000000","9644000000","14074000000","20872000000","18793000000","20191000000","20051000000","256350100000","22658000000","16211000000","19083000000","27342000000","32830000000","34902000000","31302000000",
"United States","USA","Statistical performance indicators (SPI): Pillar 5 data infrastructure score (scale 0-100)","IQ.SPI.PIL5","","","","","","","","","","","","","","","","","","","","","","","","","","","","","","","","","","","","","","","","","","","","","","","","","","","","","","","","","100","100","100","100","95","100","100","100","80",
"United States","USA","Statistical performance indicators (SPI): Pillar 1 data use score (scale 0-100)","IQ.SPI.PIL1","","","","","","","","","","","","","","","","","","","","","","","","","","","","","","","","","","","","","","","","","","","","","40","40","40","40","40","40","60","60","60","60","60","80","100","100","100","100","100","100","100","100","100",
"United States","USA","CPIA structural policies cluster average (1=low to 6=high)","IQ.CPA.STRC.XQ","","","","","","","","","","","","","","","","","","","","","","","","","","","","","","","","","","","","","","","","","","","","","","","","","","","","","","","","","","","","","","","","","",
"United States","USA","CPIA social protection rating (1=low to 6=high)","IQ.CPA.PROT.XQ","","","","","","","","","","","","","","","","","","","","","","","","","","","","","","","","","","","","","","","","","","","","","","","","","","","","","","","","","","","","","","","","","",
"United States","USA","CPIA macroeconomic management rating (1=low to 6=high)","IQ.CPA.MACR.XQ","","","","","","","","","","","","","","","","","","","","","","","","","","","","","","","","","","","","","","","","","","","","","","","","","","","","","","","","","","","","","","","","","",
"United States","USA","CPIA fiscal policy rating (1=low to 6=high)","IQ.CPA.FISP.XQ","","","","","","","","","","","","","","","","","","","","","","","","","","","","","","","","","","","","","","","","","","","","","","","","","","","","","","","","","","","","","","","","","",
"United States","USA","CPIA economic management cluster average (1=low to 6=high)","IQ.CPA.ECON.XQ","","","","","","","","","","","","","","","","","","","","","","","","","","","","","","","","","","","","","","","","","","","","","","","","","","","","","","","","","","","","","","","","","",
"United States","USA","Trademark applications, nonresident, by count","IP.TMK.NRCT","","","","","","","","","","","","","","","","","","","","","","","","","","","","","","","","","","","","","","","","","","","","","62342","68219","77187","88880","88419","76443","82313","91313","96816","101577","110513","128969","156759","185678","194236","212439","320860","347735","","","",
"United States","USA","Industrial design applications, resident, by count","IP.IDS.RSCT","","","","","","","","","","","","","","","","","","","","","5775","5316","5936","5667","5862","6381","6685","7485","7588","8417","8007","9472","8999","10039","11898","10831","10524","11290","11394","11462","11536","11145","13001","13714","13913","14527","14239","15481","15463","14783","16706","17443","18812","20271","20320","22785","24405","23618","22825","22988","21686","21913","","","",
"United States","USA","Public private partnerships investment in ICT (current US$)","IE.PPN.ICTI.CD","","","","","","","","","","","","","","","","","","","","","","","","","","","","","","","","","","","","","","","","","","","","","","","","","","","","","","","","","","","","","","","","","",
"United States","USA","Investment in ICT with private participation (current US$)","IE.PPI.ICTI.CD","","","","","","","","","","","","","","","","","","","","","","","","","","","","","","","","","","","","","","","","","","","","","","","","","","","","","","","","","","","","","","","","","",
"United States","USA","Management practices index","IC.MNG.IND","","","","","","","","","","","","","","","","","","","","","","","","","","","","","","","","","","","","","","","","","","","","","","","","","","","","","","","","","","","","","","","","","64.32758331",
"United States","USA","Value lost due to electrical outages (% of sales for affected firms)","IC.FRM.OUTG.ZS","","","","","","","","","","","","","","","","","","","","","","","","","","","","","","","","","","","","","","","","","","","","","","","","","","","","","","","","","","","","","","","","","0",
"United States","USA","Firms formally registered when operations started (% of firms)","IC.FRM.FREG.ZS","","","","","","","","","","","","","","","","","","","","","","","","","","","","","","","","","","","","","","","","","","","","","","","","","","","","","","","","","","","","","","","","","93.50992584",
"United States","USA","Firms exporting directly at least 10% of sales (% of firms)","IC.FRM.EXS.ZS","","","","","","","","","","","","","","","","","","","","","","","","","","","","","","","","","","","","","","","","","","","","","","","","","","","","","","","","","","","","","","","","","3.771230459",
"United States","USA","Firms that are fully credit constrained (% of firms)","IC.FRM.CRDC.FL.ZS","","","","","","","","","","","","","","","","","","","","","","","","","","","","","","","","","","","","","","","","","","","","","","","","","","","","","","","","","","","","","","","","","8.090443611",
"United States","USA","Firms that use a third party to resolve commercial disputes (% of firms)","IC.FRM.CDP.ZS","","","","","","","","","","","","","","","","","","","","","","","","","","","","","","","","","","","","","","","","","","","","","","","","","","","","","","","","","","","","","","","","","56.71440506",
"United States","USA","Firms using banks to finance working capital (% of firms)","IC.FRM.BKWC.ZS","","","","","","","","","","","","","","","","","","","","","","","","","","","","","","","","","","","","","","","","","","","","","","","","","","","","","","","","","","","","","","","","","17.6653347",
"United States","USA","Average time to clear exports through customs (days)","IC.CUS.DURS.EX","","","","","","","","","","","","","","","","","","","","","","","","","","","","","","","","","","","","","","","","","","","","","","","","","","","","","","","","","","","","","","","","","8.297600746",
"United States","USA","B-READY: Utility Services Pillar 2: Quality of Governance and Transparency of Utility Services","IC.BRE.US.P2","","","","","","","","","","","","","","","","","","","","","","","","","","","","","","","","","","","","","","","","","","","","","","","","","","","","","","","","","","","","","","","","","",
"United States","USA","B-READY: Taxation Pillar 2: Public Services Provided by the Tax Administration","IC.BRE.TX.P2","","","","","","","","","","","","","","","","","","","","","","","","","","","","","","","","","","","","","","","","","","","","","","","","","","","","","","","","","","","","","","","","","",
"United States","USA","B-READY: Pillar 2: Public Services","IC.BRE.P2.PS","","","","","","","","","","","","","","","","","","","","","","","","","","","","","","","","","","","","","","","","","","","","","","","","","","","","","","","","","","","","","","","","","",
"United States","USA","B-READY: Market Competition Pillar 1: Quality of Regulations that Promote Market Competition","IC.BRE.MC.P1","","","","","","","","","","","","","","","","","","","","","","","","","","","","","","","","","","","","","","","","","","","","","","","","","","","","","","","","","","","","","","","","","",
"United States","USA","B-READY: Labor Pillar 1: Quality of Labor Regulations","IC.BRE.LB.P1","","","","","","","","","","","","","","","","","","","","","","","","","","","","","","","","","","","","","","","","","","","","","","","","","","","","","","","","","","","","","","","","","",
"United States","USA","B-READY: International Trade Pillar 1: Quality of Regulations for International Trade","IC.BRE.IT.P1","","","","","","","","","","","","","","","","","","","","","","","","","","","","","","","","","","","","","","","","","","","","","","","","","","","","","","","","","","","","","","","","","",
"United States","USA","B-READY: Financial Services Pillar 1: Quality of Regulations for Financial Services","IC.BRE.FS.P1","","","","","","","","","","","","","","","","","","","","","","","","","","","","","","","","","","","","","","","","","","","","","","","","","","","","","","","","","","","","","","","","","",
"United States","USA","B-READY: Dispute Resolution Pillar 1: Quality of Regulations for Dispute Resolution","IC.BRE.DR.P1","","","","","","","","","","","","","","","","","","","","","","","","","","","","","","","","","","","","","","","","","","","","","","","","","","","","","","","","","","","","","","","","","",
"United States","USA","B-READY: Business Location Pillar 1: Quality of Regulations for Business Location","IC.BRE.BL.P1","","","","","","","","","","","","","","","","","","","","","","","","","","","","","","","","","","","","","","","","","","","","","","","","","","","","","","","","","","","","","","","","","",
"United States","USA","B-READY: Business Insolvency Pillar 1: Quality of Regulations for Judicial Insolvency Proceedings","IC.BRE.BI.P1","","","","","","","","","","","","","","","","","","","","","","","","","","","","","","","","","","","","","","","","","","","","","","","","","","","","","","","","","","","","","","","","","",
"United States","USA","B-READY: Business Entry Pillar 1: Quality of Regulations for Business Entry","IC.BRE.BE.P1","","","","","","","","","","","","","","","","","","","","","","","","","","","","","","","","","","","","","","","","","","","","","","","","","","","","","","","","","","","","","","","","","",
"United States","USA","Human capital index (HCI), upper bound (scale 0-1)","HD.HCI.OVRL.UB","","","","","","","","","","","","","","","","","","","","","","","","","","","","","","","","","","","","","","","","","","","","","","","","","","","0.699601054191589","","","","","","","0.773","0.722182035446167","","0.710881412029266","","","","",
"United States","USA","CPIA gender equality rating (1=low to 6=high)","IQ.CPA.GNDR.XQ","","","","","","","","","","","","","","","","","","","","","","","","","","","","","","","","","","","","","","","","","","","","","","","","","","","","","","","","","","","","","","","","","",
"United States","USA","CPIA policy and institutions for environmental sustainability rating (1=low to 6=high)","IQ.CPA.ENVR.XQ","","","","","","","","","","","","","","","","","","","","","","","","","","","","","","","","","","","","","","","","","","","","","","","","","","","","","","","","","","","","","","","","","",
"United States","USA","Trademark applications, resident, by count","IP.TMK.RSCT","","","","","","","","","","","","","","","","","","","","","","","","","","","","","","","","","","","","","","","","","","","","","249849","274054","290457","324610","308837","279982","295190","319502","330032","339482","361547","388136","388506","428224","445872","460205","549416","551764","","","",
"United States","USA","Scientific and technical journal articles","IP.JRN.ARTC.SC","","","","","","","","","","","","","","","","","","","","","","","","","","","","","","","","","","","","","313391.54","311116.82","302600.31","296940.93","306472.5","306733.89","320944.51","336490.55","360328.73","390402.56","394240.08","396306.1","399273.41","404007.54","413704.71","426831.73","430163.93","432033.06","434412.33","436908.38","437546.04","440417.99","447164.41","451480.17","457586.9","472448.44","457335.25","","",
"United States","USA","Public private partnerships investment in transport (current US$)","IE.PPN.TRAN.CD","","","","","","","","","","","","","","","","","","","","","","","","","","","","","","","","","","","","","","","","","","","","","","","","","","","","","","","","","","","","","","","","","",
"United States","USA","Investment in transport with private participation (current US$)","IE.PPI.TRAN.CD","","","","","","","","","","","","","","","","","","","","","","","","","","","","","","","","","","","","","","","","","","","","","","","","","","","","","","","","","","","","","","","","","",
"United States","USA","Firms expected to give gifts in meetings with tax officials (% of firms)","IC.TAX.GIFT.ZS","","","","","","","","","","","","","","","","","","","","","","","","","","","","","","","","","","","","","","","","","","","","","","","","","","","","","","","","","","","","","","","","","2.212483644",
"United States","USA","Firms filling taxes electronically (% of firms)","IC.FRM.TAXE.ZS","","","","","","","","","","","","","","","","","","","","","","","","","","","","","","","","","","","","","","","","","","","","","","","","","","","","","","","","","","","","","","","","","95.8908844",
"United States","USA","Firms where largest owner is also the top manager (% of firms)","IC.FRM.LOTM.ZS","","","","","","","","","","","","","","","","","","","","","","","","","","","","","","","","","","","","","","","","","","","","","","","","","","","","","","","","","","","","","","","","","70.91363525",
"United States","USA","Firms with female top manager (% of firms)","IC.FRM.FEMM.ZS","","","","","","","","","","","","","","","","","","","","","","","","","","","","","","","","","","","","","","","","","","","","","","","","","","","","","","","","","","","","","","","","","22.23056793",
"United States","USA","Firms that are partially credit constrained (% of firms)","IC.FRM.CRDC.PT.ZS","","","","","","","","","","","","","","","","","","","","","","","","","","","","","","","","","","","","","","","","","","","","","","","","","","","","","","","","","","","","","","","","","4.285123825",
"United States","USA","Firms competing against unregistered firms (% of firms)","IC.FRM.CMPU.ZS","","","","","","","","","","","","","","","","","","","","","","","","","","","","","","","","","","","","","","","","","","","","","","","","","","","","","","","","","","","","","","","","","22.43592072",
"United States","USA","Firms with a bank loan/line of credit (% of firms)","IC.FRM.BNKL.ZS","","","","","","","","","","","","","","","","","","","","","","","","","","","","","","","","","","","","","","","","","","","","","","","","","","","","","","","","","","","","","","","","","36.04534149",
"United States","USA","Average time to clear imports through customs (days)","IC.CUS.DURS.IM","","","","","","","","","","","","","","","","","","","","","","","","","","","","","","","","","","","","","","","","","","","","","","","","","","","","","","","","","","","","","","","","","13.13350105",
"United States","USA","B-READY: Utility Services Pillar 3: Operational Efficiency of Utility Service Provision","IC.BRE.US.P3","","","","","","","","","","","","","","","","","","","","","","","","","","","","","","","","","","","","","","","","","","","","","","","","","","","","","","","","","","","","","","","","","",
"United States","USA","B-READY: Taxation Pillar 3: Operational Efficiency of Tax Systems in Practice","IC.BRE.TX.P3","","","","","","","","","","","","","","","","","","","","","","","","","","","","","","","","","","","","","","","","","","","","","","","","","","","","","","","","","","","","","","","","","",
"United States","USA","B-READY: Pillar 3: Operational Efficiency","IC.BRE.P3.OE","","","","","","","","","","","","","","","","","","","","","","","","","","","","","","","","","","","","","","","","","","","","","","","","","","","","","","","","","","","","","","","","","",
"United States","USA","B-READY: Market Competition Pillar 2: Public Services that Promote Market Competition","IC.BRE.MC.P2","","","","","","","","","","","","","","","","","","","","","","","","","","","","","","","","","","","","","","","","","","","","","","","","","","","","","","","","","","","","","","","","","",
"United States","USA","B-READY: Labor Pillar 2: Adequacy of Public Services for Labor","IC.BRE.LB.P2","","","","","","","","","","","","","","","","","","","","","","","","","","","","","","","","","","","","","","","","","","","","","","","","","","","","","","","","","","","","","","","","","",
"United States","USA","B-READY: International Trade Pillar 2: Quality of Public Services for the Facilitation of International Trade","IC.BRE.IT.P2","","","","","","","","","","","","","","","","","","","","","","","","","","","","","","","","","","","","","","","","","","","","","","","","","","","","","","","","","","","","","","","","","",
"United States","USA","B-READY: Financial Services Pillar 2: Accessibility of Information in Credit Infrastructure","IC.BRE.FS.P2","","","","","","","","","","","","","","","","","","","","","","","","","","","","","","","","","","","","","","","","","","","","","","","","","","","","","","","","","","","","","","","","","",
"United States","USA","B-READY: Dispute Resolution Pillar 2: Public Services for Dispute Resolution","IC.BRE.DR.P2","","","","","","","","","","","","","","","","","","","","","","","","","","","","","","","","","","","","","","","","","","","","","","","","","","","","","","","","","","","","","","","","","",
"United States","USA","B-READY: Business Location Pillar 2: Quality of Public Services and Transparency of Information for Business Location","IC.BRE.BL.P2","","","","","","","","","","","","","","","","","","","","","","","","","","","","","","","","","","","","","","","","","","","","","","","","","","","","","","","","","","","","","","","","","",
"United States","USA","B-READY: Business Insolvency Pillar 2: Quality of Institutional and Operational Infrastructure for Judicial Insolvency Proceedings","IC.BRE.BI.P2","","","","","","","","","","","","","","","","","","","","","","","","","","","","","","","","","","","","","","","","","","","","","","","","","","","","","","","","","","","","","","","","","",
"United States","USA","B-READY: Business Entry Pillar 2: Digital Public Services and Transparency of Information for Business Entry","IC.BRE.BE.P2","","","","","","","","","","","","","","","","","","","","","","","","","","","","","","","","","","","","","","","","","","","","","","","","","","","","","","","","","","","","","","","","","",
"United States","USA","Human capital index (HCI), female, upper bound (scale 0-1)","HD.HCI.OVRL.UB.FE","","","","","","","","","","","","","","","","","","","","","","","","","","","","","","","","","","","","","","","","","","","","","","","","","","","0.713329434394836","","","","","","","0.766","0.740411460399628","","0.730083882808685","","","","",
"United States","USA","Human capital index (HCI), female, lower bound (scale 0-1)","HD.HCI.OVRL.LB.FE","","","","","","","","","","","","","","","","","","","","","","","","","","","","","","","","","","","","","","","","","","","","","","","","","","","0.696040749549866","","","","","","","0.747","0.721519708633423","","0.710706532001495","","","","",
"United States","USA","Primary government expenditures as a proportion of original approved budget (%)","GF.XPD.BUDG.ZS","","","","","","","","","","","","","","","","","","","","","","","","","","","","","","","","","","","","","","","","","","","","","","","","","","","","","","","","","","","","","","","","","",
"United States","USA","Government Effectiveness: Percentile Rank","GE.PER.RNK","","","","","","","","","","","","","","","","","","","","","","","","","","","","","","","","","","","","","89.0710372924805","","91.2568283081055","","91.8032760620117","","89.7297286987305","89.7297286987305","92.0398025512695","90.1960754394531","90.7317047119141","93.2038803100586","92.2330093383789","90.4306182861328","91.8660278320312","91.4691925048828","90.5213241577148","91.4691925048828","89.4230804443359","88.5714263916016","90.476188659668","91.9047622680664","91.9047622680664","90.476188659668","86.6666641235352","87.6190490722656","87.2641525268555","87.7358474731445","",
"United States","USA","Subsidies and other transfers (current LCU)","GC.XPN.TRFT.CN","","","","","","","","","","","","","","","","","","","","","","","","","","","33100000000","37370000000","31590000000","156720000000","661110000000","722450000000","803180000000","866970000000","915260000000","963610000000","998940000000","1040160000000","1072700000000","1118460000000","1191620000000","1223300400000","1326255100000","1425005400000","1486960300000","1592523900000","1683271400000","1780189300000","1906847900000","2260707200000","2459628200000","2456961200000","2424760400000","2470779600000","2571586100000","2697563100000","2785651400000","2859234600000","2989154500000","3160154700000","4836613400000","4960414300000","4356903100000","4334305400000","4567844700000",
"United States","USA","Other expense (current LCU)","GC.XPN.OTHR.CN","","","","","","","","","","","","","","","","","","","","","","","","","","","","","","","68040000000","78270000000","16730000000","19920000000","14900000000","12450000000","9150000000","8260000000","8900000000","11170000000","14730000000","230635600000","237605200000","259879900000","275304500000","303759400000","301924200000","324094900000","496471200000","471201700000","404917700000","399455900000","388922800000","389966000000","399205400000","392824800000","378408900000","395140700000","385274100000","406136100000","691812200000","1029902000000","418297600000","614639100000","507514100000",
"United States","USA","Goods and services expense (% of expense)","GC.XPN.GSRV.ZS","","","","","","","","","","","","","23.0211719230431","21.5806186051982","20.0846813592444","19.5208193623118","16.6526902372386","17.4050477824063","17.8915300971737","17.5631638236241","18.3898059658268","18.6675177768211","19.158057301097","20.2881760915213","20.5389380428889","20.6462542612455","20.984598459846","20.5585052564634","20.3479713777197","20.1519103491049","17.8455028430526","17.6945183608302","17.3277661795407","15.8680127712008","15.1951017706437","13.9799957926141","13.0824860995876","13.1165973207629","12.839781219794","12.7810881646183","12.8039224222372","7.29319517750803","8.09506460602967","8.99431738438632","9.68137491833741","9.58055638765805","9.67842564126283","9.35718426921147","9.77068069049529","9.48959504348005","9.77011632033292","9.40755583428169","9.19399222005408","8.24344576328047","7.66315982908525","7.29212825059526","7.0530254279262","6.95349740501287","7.15553772708553","7.39973939622","5.63759818121253","5.70122226813687","6.76566110789086","6.22950912793639","",
"United States","USA","Taxes on income, profits and capital gains (% of total taxes)","GC.TAX.YPKG.ZS","","","","","","","","","","","","","83.9738077915206","85.1205370765944","86.1797507106932","86.5283599511859","85.9462680637632","87.5186042665785","88.8000589470582","89.9200963916545","89.0176743649627","86.1565217391304","86.7379038298297","86.7095676221879","86.6702420711343","87.9108684555119","88.5868981372064","89.6781354051054","89.3304496710823","90.3041262534934","89.826298753325","89.0785788463354","88.6236559139785","88.7714532308955","88.3124935413868","89.0943117341344","90.2312056892064","90.7034507229664","91.0365749979864","90.1310997815004","91.155434218542","90.9757287747219","89.6033718373031","89.5724921921475","89.7118763417629","91.0684010378427","91.8674068477545","92.5895693463858","91.9454402710065","90.2125928479699","91.3198716699175","92.0521948462257","91.8565513997833","91.7118177326162","91.898872404204","92.0790233933664","92.292691573182","82.81215732614","90.9262059206567","91.0234630493524","91.9548925168497","92.294644372264","92.8449921341847","92.9131779517794","93.3042166634362",
"United States","USA","Tax revenue (current LCU)","GC.TAX.TOTL.CN","","","","","","","","","","","","","151190000000","163850000000","182920000000","188470000000","201370000000","241880000000","271430000000","315380000000","346830000000","402500000000","400540000000","376060000000","410210000000","450570000000","465430000000","531590000000","554850000000","608300000000","624060000000","635540000000","651000000000","706770000000","774160000000","838920000000","918230000000","1014570000000","1117430000000","1180780000000","1329630000000","1254773900000","1078486200000","1075840000000","1165211500000","1392812200000","1562608600000","1634127700000","1517778800000","1144276500000","1288676800000","1488047300000","1587024200000","1765757500000","1919242700000","2045900500000","2041182100000","2256154000000","2051096800000","2129181900000","2168172400000","2698393300000","3276583400000","2951122500000","3131127300000",
"United States","USA","Taxes on international trade (current LCU)","GC.TAX.INTT.CN","","","","","","","","","","","","","3500000000","3400000000","3590000000","4360000000","6240000000","5480000000","6950000000","7830000000","7600000000","8240000000","8980000000","8740000000","11600000000","12360000000","13650000000","15350000000","16570000000","16630000000","17090000000","16350000000","17800000000","19250000000","20620000000","19810000000","19060000000","18410000000","19650000000","19830000000","21460000000","20636000000","19938000000","21458100000","23282900000","25334900000","26687000000","28793000000","29243100000","23081000000","28603000000","31891000000","33503000000","35468000000","37363100000","38123000000","37534000000","38513000000","53284000000","77751700000","68626600000","89101500000","102332700000","81632700000","82969200000",
"United States","USA","Taxes on goods and services (% of revenue)","GC.TAX.GSRV.RV.ZS","","","","","","","","","","","","","7.1438589929403","6.57948675903911","5.99020243498307","5.62699310770497","5.41053173021282","4.67803183323907","4.35701082651175","3.79435962506651","4.41122591045651","6.35833632910799","5.47899516380892","5.38480377150554","5.15786835950551","4.50691768273422","3.94741638013778","3.5182783407707","3.63817696375329","3.20863790549902","3.21285140562249","3.60955419505044","3.8982728185248","3.8401564179008","4.10612950505468","3.96715872816738","3.49339555433554","3.36613806810335","3.1401638249566","3.61737304815641","3.18263277168296","3.13067444185865","3.51949574696464","3.57555396686658","3.49701293623452","3.16777768783155","2.81817707629984","2.43688807437309","2.47368331367082","3.01001928093296","2.76090604437923","2.95682257561704","2.99887887333399","2.8443228914819","2.9900675872247","2.98460143090345","2.85987210500223","2.46594181489362","3.05067333601562","2.6078509291511","2.29286299779786","2.05329885033993","1.91529058302312","1.89866971088908","1.85189517713821",
"United States","USA","Revenue, excluding grants (% of GDP)","GC.REV.XGRT.GD.ZS","","","","","","","","","","","","","1.6721783114822E-08","1.71140807758795E-08","1.79661063017273E-08","1.73084045144412E-08","1.66033953022613E-08","1.78357845468353E-08","1.77143296965171E-08","1.85975664295314E-08","1.91047024348451E-08","1.99495422727679E-08","1.97264241254457E-08","1.79777977005194E-08","1.77907095107926E-08","1.82404662479353E-08","1.79724086940629E-08","1.87390259751628E-08","1.83821521423533E-08","1.85506542493415E-08","1.82058323595741E-08","1.81313187820521E-08","1.76483480046323E-08","1.80456273686645E-08","1.82572651688514E-08","1.87804599339586E-08","1.89521476326011E-08","1.94159070437715E-08","1.98287106719566E-08","1.97821148622739E-08","2.05761457439574E-08","1.95089132520263E-08","1.73842141427479E-08","1.67774409639681E-08","1.684343831394E-08","1.79285872191829E-08","1.86287076306416E-08","1.86567843500309E-08","1.77131548303627E-08","1.56666502764008E-08","1.64034502784955E-08","1.66294391770535E-08","1.67477374852141E-08","1.87824278743545E-08","1.89205857954118E-08","1.90882156482104E-08","1.86497171879137E-08","1.9342439817283E-08","1.75844563482997E-08","1.74199703478E-08","1.79555962011499E-08","1.91036787908058E-08","2.02406787038664E-08","1.78684262125916E-08","1.79111121612255E-08",
"United States","USA","Grants and other revenue (% of revenue)","GC.REV.GOTR.ZS","","","","","","","","","","","","","5.71321707419702","7.85439042387472","7.91369497874793","7.2660563042211","6.98900533659101","6.98068998949665","6.57992654295797","7.73607302198027","8.23990620649227","9.09360884040076","9.42375039796243","11.1262474744383","10.2071500167056","10.1661507359909","9.53624843573451","8.75337978940889","8.12408448216753","7.96808561463857","7.1837809955418","10.6665516944037","7.45820497732858","7.90653707249679","6.74283137284377","7.38440736558915","6.31883034973171","6.33777868512859","5.65763700307172","5.59769059178586","5.70484435299584","4.20952785156987","4.34275129684257","4.35018026696424","4.08832369191831","3.94388672797008","4.13420362085376","4.4441379460454","4.77799566719053","7.67876640104411","8.49558241021211","7.85445398085533","7.27420208182377","9.70099113036819","7.90272186450573","6.8818761387558","6.3605927118874","6.04331611525753","5.91583694394363","5.02323260209277","4.73466542906959","4.79686061704417","4.22216879966649","2.56251645331687","2.74007188892497",
"United States","USA","Fixed broadband subscriptions (per 100 people)","IT.NET.BBND.P2","","","","","","","","","","","","","","","","","","","","","","","","","","","","","","","","","","","","","","","0.255913845","0.986557204","2.51164","4.50008","6.92533","9.57005","12.7576","17.2991","20.1646","23.7553","25.291","25.9695","27.172","28.117","29.1736","29.9996","30.2709","31.3412","32.1144","32.5703","33.0559","33.8352","35.7157","37.0074","37.4888","38.1475","",
"United States","USA","Mobile cellular subscriptions (per 100 people)","IT.CEL.SETS.P2","0","","","","","0","","","","","0","","","","","0","0","0","0","0","0","","","","0.039352779","0.14468149","0.28706876","0.513170208","0.854125086","1.432490449","2.129545117","3.004111275","4.323596882","6.186519908","9.202002036","12.71760532","16.37381226","20.30588082","25.09083926","30.82116044","38.8931","45.202","49.3932","55.4096","63.1242","68.8835","76.8586","82.5923","85.6805","89.0461","91.6593","94.683","96.1284","97.0595","99.8396","101.832","102.752","102.381","103.935","105.321","103.855","106.325","108.786","112.411","",
"United States","USA","Rail lines (total route-km)","IS.RRS.TOTL.KM","","","","","","","","","","","","","","","","","","","","","","","","","","","","","","","","","","","","201284","203875","195804","192815","194708","194077","194746","198057","196806","195369","194025","191771","192508","192123","191785","194431","194136","153516.6","154321.5","152932.6","151735","151270","150966","150462.2976","149488.6469","148749.68684","148553.34734","","","",
"United States","USA","Air transport, freight (million ton-km)","IS.AIR.GOOD.MT.K1","","","","","","","","","","","5151.2001953125","5540.7998046875","6283","7060.1000976563","7255.3999023438","6999.6000976563","7438.2001953125","7920.6000976563","8406.7998046875","8658.099609375","8615.400390625","8606.900390625","8295.7998046875","9284.5","10293.099609375","9672.2001953125","10619","12023.2001953125","13875.599609375","14651","14791.400390625","14486.2001953125","15617.599609375","16343","19083.80078125","19622.900390625","21676.400390625","25478.80078125","25757.900390625","27292.19921875","30171.975","27924.568","29554.684","34205.554","37450.121","37357.644","39881.895","40617.739","39313.596","35097.670654396","39353.2561","39621.9135350454","39111.3403776909","37113.5589216014","38225.1960889445","37866.224512","38657.919041","41591.551767","42985.299596","42498.262662","40793.094662","46004.645648","45972.789122","42762.858703","",
"United States","USA","Statistical performance indicators (SPI): Pillar 3 data products score  (scale 0-100)","IQ.SPI.PIL3","","","","","","","","","","","","","","","","","","","","","","","","","","","","","","","","","","","","","","","","","","","","","","45.41875","45.56875","46.26875","48.18125","48.80625","49.66875","48.8","49.425","47.525","47.36875","63.13125","64.05","64.8375","63.08125","63.11875","70.025","85.95","80.61875","88.39375","88.36875",
"United States","USA","CPIA transparency, accountability, and corruption in the public sector rating (1=low to 6=high)","IQ.CPA.TRAN.XQ","","","","","","","","","","","","","","","","","","","","","","","","","","","","","","","","","","","","","","","","","","","","","","","","","","","","","","","","","","","","","","","","","",
"United States","USA","CPIA efficiency of revenue mobilization rating (1=low to 6=high)","IQ.CPA.REVN.XQ","","","","","","","","","","","","","","","","","","","","","","","","","","","","","","","","","","","","","","","","","","","","","","","","","","","","","","","","","","","","","","","","","",
"United States","USA","CPIA equity of public resource use rating (1=low to 6=high)","IQ.CPA.PRES.XQ","","","","","","","","","","","","","","","","","","","","","","","","","","","","","","","","","","","","","","","","","","","","","","","","","","","","","","","","","","","","","","","","","",
"United States","USA","CPIA building human resources rating (1=low to 6=high)","IQ.CPA.HRES.XQ","","","","","","","","","","","","","","","","","","","","","","","","","","","","","","","","","","","","","","","","","","","","","","","","","","","","","","","","","","","","","","","","","",
"United States","USA","CPIA quality of budgetary and financial management rating (1=low to 6=high)","IQ.CPA.FINQ.XQ","","","","","","","","","","","","","","","","","","","","","","","","","","","","","","","","","","","","","","","","","","","","","","","","","","","","","","","","","","","","","","","","","",
"United States","USA","CPIA business regulatory environment rating (1=low to 6=high)","IQ.CPA.BREG.XQ","","","","","","","","","","","","","","","","","","","","","","","","","","","","","","","","","","","","","","","","","","","","","","","","","","","","","","","","","","","","","","","","","",
"United States","USA","Patent applications, nonresidents","IP.PAT.NRES","","","","","","","","","","","","","","","","","","","","","42231","44009","46309","44312","49443","51562","55721","63522","68644","76337","80520","84160","90922","84241","95522","104180","105054","101282","102246","116512","131100","148958","150200","153500","167407","182866","204182","214807","224733","231194","248249","255832","274033","283781","293706","301075","310244","313052","312046","336340","327586","329229","","","",
"United States","USA","Public private partnerships investment in water and sanitation (current US$)","IE.PPN.WATR.CD","","","","","","","","","","","","","","","","","","","","","","","","","","","","","","","","","","","","","","","","","","","","","","","","","","","","","","","","","","","","","","","","","",
"United States","USA","Investment in water and sanitation with private participation (current US$)","IE.PPI.WATR.CD","","","","","","","","","","","","","","","","","","","","","","","","","","","","","","","","","","","","","","","","","","","","","","","","","","","","","","","","","","","","","","","","","",
"United States","USA","Number of visits or required meetings with tax officials (average for affected firms)","IC.TAX.METG","","","","","","","","","","","","","","","","","","","","","","","","","","","","","","","","","","","","","","","","","","","","","","","","","","","","","","","","","","","","","","","","","1.538291097",
"United States","USA","Firms offering formal training (% of firms)","IC.FRM.TRNG.ZS","","","","","","","","","","","","","","","","","","","","","","","","","","","","","","","","","","","","","","","","","","","","","","","","","","","","","","","","","","","","","","","","","43.04008102",
"United States","USA","Firms visited or required meetings with tax officials (% of firms)","IC.FRM.METG.ZS","","","","","","","","","","","","","","","","","","","","","","","","","","","","","","","","","","","","","","","","","","","","","","","","","","","","","","","","","","","","","","","","","7.222880363",
"United States","USA","Firms with female participation in ownership (% of firms)","IC.FRM.FEMO.ZS","","","","","","","","","","","","","","","","","","","","","","","","","","","","","","","","","","","","","","","","","","","","","","","","","","","","","","","","","","","","","","","","","30.47842407",
"United States","USA","Time required to obtain an operating license (days)","IC.FRM.DURS","","","","","","","","","","","","","","","","","","","","","","","","","","","","","","","","","","","","","","","","","","","","","","","","","","","","","","","","","","","","","","","","","17.72266197",
"United States","USA","Firms monitoring own CO2 emissions (% of firms)","IC.FRM.CO2.ZS","","","","","","","","","","","","","","","","","","","","","","","","","","","","","","","","","","","","","","","","","","","","","","","","","","","","","","","","","","","","","","","","","9.798476219",
"United States","USA","Firms using banks to finance investment (% of firms)","IC.FRM.BNKS.ZS","","","","","","","","","","","","","","","","","","","","","","","","","","","","","","","","","","","","","","","","","","","","","","","","","","","","","","","","","","","","","","","","","19.76003456",
"United States","USA","Time to obtain an electrical connection (days)","IC.ELC.DURS","","","","","","","","","","","","","","","","","","","","","","","","","","","","","","","","","","","","","","","","","","","","","","","","","","","","","","","","","","","","","","","","","31.53042603",
"United States","USA","New business density (new registrations per 1,000 people ages 15-64)","IC.BUS.NDNS.ZS","","","","","","","","","","","","","","","","","","","","","","","","","","","","","","","","","","","","","","","","","","","","","","","","","","","","","","","","","","","","","","","","","",
"United States","USA","B-READY: Utility Services: Overall Score","IC.BRE.US.OS","","","","","","","","","","","","","","","","","","","","","","","","","","","","","","","","","","","","","","","","","","","","","","","","","","","","","","","","","","","","","","","","","",
"United States","USA","B-READY: Taxation: Overall Score","IC.BRE.TX.OS","","","","","","","","","","","","","","","","","","","","","","","","","","","","","","","","","","","","","","","","","","","","","","","","","","","","","","","","","","","","","","","","","",
"United States","USA","B-READY: Market Competition Pillar 3:  Implementation of Key Services Promoting Market Competition","IC.BRE.MC.P3","","","","","","","","","","","","","","","","","","","","","","","","","","","","","","","","","","","","","","","","","","","","","","","","","","","","","","","","","","","","","","","","","",
"United States","USA","B-READY: Labor Pillar 3: Operational Efficiency of Labor Regulations and Public Services in Practice","IC.BRE.LB.P3","","","","","","","","","","","","","","","","","","","","","","","","","","","","","","","","","","","","","","","","","","","","","","","","","","","","","","","","","","","","","","","","","",
"United States","USA","B-READY: International Trade Pillar 3: Efficiency of Importing Goods, Exporting Goods, and Engaging in Digital Trade","IC.BRE.IT.P3","","","","","","","","","","","","","","","","","","","","","","","","","","","","","","","","","","","","","","","","","","","","","","","","","","","","","","","","","","","","","","","","","",
"United States","USA","B-READY: Financial Services Pillar 3: Operational Efficiency of Receiving Financial Services","IC.BRE.FS.P3","","","","","","","","","","","","","","","","","","","","","","","","","","","","","","","","","","","","","","","","","","","","","","","","","","","","","","","","","","","","","","","","","",
"United States","USA","B-READY: Dispute Resolution Pillar 3:  Ease of Resolving a Commercial Dispute","IC.BRE.DR.P3","","","","","","","","","","","","","","","","","","","","","","","","","","","","","","","","","","","","","","","","","","","","","","","","","","","","","","","","","","","","","","","","","",
"United States","USA","B-READY: Business Location Pillar 3: Operational Efficiency of Establishing a Business Location","IC.BRE.BL.P3","","","","","","","","","","","","","","","","","","","","","","","","","","","","","","","","","","","","","","","","","","","","","","","","","","","","","","","","","","","","","","","","","",
"United States","USA","B-READY: Business Insolvency Pillar 3: Operational Efficiency of Resolving Judicial Insolvency Proceedings","IC.BRE.BI.P3","","","","","","","","","","","","","","","","","","","","","","","","","","","","","","","","","","","","","","","","","","","","","","","","","","","","","","","","","","","","","","","","","",
"United States","USA","B-READY: Business Entry Pillar 3: Operational Efficiency of Business Entry","IC.BRE.BE.P3","","","","","","","","","","","","","","","","","","","","","","","","","","","","","","","","","","","","","","","","","","","","","","","","","","","","","","","","","","","","","","","","","",
"United States","USA","Human capital index (HCI), male, upper bound (scale 0-1)","HD.HCI.OVRL.UB.MA","","","","","","","","","","","","","","","","","","","","","","","","","","","","","","","","","","","","","","","","","","","","","","","","","","","0.688444256782532","","","","","","","0.736","0.707485318183899","","0.695437014102936","","","","",
"United States","USA","Human capital index (HCI), male, lower bound (scale 0-1)","HD.HCI.OVRL.LB.MA","","","","","","","","","","","","","","","","","","","","","","","","","","","","","","","","","","","","","","","","","","","","","","","","","","","0.669208228588104","","","","","","","0.715","0.687452614307404","","0.673013091087341","","","","",
"United States","USA","Human capital index (HCI) (scale 0-1)","HD.HCI.OVRL","","","","","","","","","","","","","","","","","","","","","","","","","","","","","","","","","","","","","","","","","","","","","","","","","","","0.691508173942566","","","","","","","0.762","0.713683247566223","","0.701764345169067","","","","",
"United States","USA","Net investment in nonfinancial assets (% of GDP)","GC.NFN.TOTL.GD.ZS","","","","","","","","","","","","","2.75191343981362E-10","2.28010012796624E-10","1.84437010877901E-10","2.36808743999658E-10","2.75967059034532E-10","2.86767482008583E-10","3.3424065922804E-10","3.4255269507139E-10","3.30031039716768E-10","4.33733151525035E-10","4.02537361059565E-10","3.8029321652663E-10","3.67048550715485E-10","3.43398758094934E-10","3.12688948083372E-10","3.33455881974331E-10","3.33241795281449E-10","3.09133256995381E-10","3.13425266939722E-10","3.17953716136833E-10","3.28817864502808E-10","3.25286988126806E-10","3.16855389341034E-10","2.26185441432696E-10","3.27630376451638E-10","2.57299444855043E-10","3.06747850176064E-10","3.9091805514479E-10","4.16059080706309E-10","1.48331640213359E-09","1.61762350456007E-09","1.64834334537878E-09","1.64924460745194E-09","1.63293310308738E-09","1.55055518673429E-09","1.65522760954672E-09","1.64944240809901E-09","1.84359582041366E-09","1.91207242910807E-09","1.81411879597281E-09","1.69974019944539E-09","1.5396114673744E-09","1.44722995053081E-09","1.26452014569854E-09","1.36870384007109E-09","1.40110481386127E-09","1.4514014911254E-09","1.48443409802024E-09","1.66109179892354E-09","1.51996472449675E-09","1.02301169963998E-09","1.54987488245225E-09","1.55233550484587E-09",
"United States","USA","Central government debt, total (% of GDP)","GC.DOD.TOTL.GD.ZS","","","","","","","","","","","","","","","","","","","","","","","","","","","","","","39.128400199944","40.933943570707","44.0615972806026","46.0501444176036","48.2461403335599","47.3534821707435","47.2095352870886","46.7417685500108","44.1174698332784","41.1291489790385","37.7272782686058","33.2676548646821","52.6288977430517","54.0472133861297","56.4292821179909","56.8323090866456","56.6929754702153","55.6206336286886","55.81423486742","63.9719356606883","76.0321911124259","85.1548294082739","89.7347177439651","93.8330014607143","95.7184835504169","95.9491132711014","96.6110565851958","98.6931939368279","97.8800564031882","99.2223695206525","100.979786328903","126.432892675138","120.426823865111","114.751249288826","116.975041091042","118.110809413059",
"United States","USA","Research and development expenditure (% of GDP)","GB.XPD.RSDV.GD.ZS","","","","","","","","","","","","","","","","","","","","","","","","","","","","","","","","","","","","","2.45013","2.47714","2.49621","2.54362","2.61983","2.63715","2.54745","2.55015","2.48686","2.50193","2.54545","2.61516","2.74481","2.79181","2.71444","2.73803","2.67273","2.69592","2.70881","2.77328","2.83676","2.88357","2.99045","3.14704","3.42467","3.48313","3.58623","","",
"United States","USA","Account ownership at a financial institution or with a mobile-money-service provider, primary education or less (% of population ages 15+)","FX.OWN.TOTL.PL.ZS","","","","","","","","","","","","","","","","","","","","","","","","","","","","","","","","","","","","","","","","","","","","","","","","","","","","47.1923286788899","","","59.8634244277003","","","64.5688563123978","","","","57.715844054122","","","92.7320585202772",
"United States","USA","Account ownership at a financial institution or with a mobile-money-service provider, richest 60% (% of population ages 15+)","FX.OWN.TOTL.60.ZS","","","","","","","","","","","","","","","","","","","","","","","","","","","","","","","","","","","","","","","","","","","","","","","","","","","","94.1973553931499","","","97.366729591589","","","98.3672137375132","","","","97.4216005958752","","","97.982796115914",
"United States","USA","Claims on other sectors of the domestic economy (% of GDP)","FS.AST.DOMO.GD.ZS","","","","","","","","","","","","","","","","","","","","","","","","","","","","","","","","","","","","","","","","","","179.590715800831","171.408832497162","186.88397635693","194.392043046009","198.429078715143","208.376134322898","217.120392942266","195.991246570537","199.890484296105","193.959604655734","186.509147610185","187.918890875982","195.971874110038","196.924444441628","195.950463575287","198.558729526141","206.53025713668","194.26114999461","206.541244169326","232.742836552632","234.70733173805","199.02959301827","203.420850531263","208.408975080164",
"United States","USA","Interest rate spread (lending rate minus deposit rate, %)","FR.INR.LNDP","","","","","","","","","","","","","","","","","","","","","","","","","","","","","","","","","","","","","","","","","","","","","","","","","","","","","","","","","","","","","","","","","",
"United States","USA","Inflation, consumer prices (annual %)","FP.CPI.TOTL.ZG","1.45797598627791","1.07072414764724","1.19877334820186","1.23966942148753","1.27891156462591","1.58516926383662","3.0150753768844","2.77278562259309","4.27179615288537","5.46238620028745","5.83825533848251","4.29276668813051","3.27227824655283","6.17776006377038","11.0548048048048","9.14314686496535","5.74481263549085","6.5016839947284","7.63096383885606","11.2544711292795","13.5492019749684","10.3347153402771","6.13142700027493","3.21243523316065","4.30053547523429","3.54564415209365","1.89804772234276","3.6645632175169","4.07774110744413","4.82700303008944","5.39795643990325","4.23496396453849","3.02881967814969","2.95165696638559","2.60744159215453","2.80541968853662","2.93120419993441","2.33768993730735","1.55227909874364","2.18802719697358","3.37685727149929","2.82617111885407","1.58603162650601","2.27009497336115","2.67723669309172","3.3927468454955","3.22594410070404","2.85267248150138","3.839100296651","-0.355546266299747","1.6400434423899","3.156841568622","2.06933726526067","1.46483265562717","1.62222297740817","0.118627135552451","1.26158320570536","2.13011000365961","2.44258329692817","1.81221007526021","1.23358439630629","4.69785886363742","8.00279982052121","4.11633838374488","2.94952520485207",
"United States","USA","Broad money (% of GDP)","FM.LBL.BMNY.GD.ZS","60.19296500009","62.8132549849293","63.6981269304243","65.9801204869492","66.9880294517282","67.0984954340043","64.1183266568976","66.8760588328901","66.5105692786301","62.0521243568238","65.4016619724346","68.6713310726703","71.0361110459616","70.2335383786453","69.871534768318","70.6022420268454","69.9801218311829","70.5532066560798","69.4992215934775","68.2967480711429","69.5063918577878","69.3976784206999","73.2369775724485","72.9613724457477","73.8990586765002","74.4692242115023","77.1709336407235","75.7492716594425","75.0041917807487","73.3197083086653","71.2235190027274","70.0032428680854","66.0133609863432","63.1321973026696","59.658847332514","60.8150738983702","62.077087401875","63.1025897548551","65.4584133519398","67.4524068421745","68.5141706118832","71.6362739129727","72.4486859376641","72.1575084040684","71.5496572102013","72.4514898262383","74.5360972498778","79.47787195811","84.2544043980113","90.6906970151665","84.8488194548099","87.3236854752959","87.9168403553935","88.6600822295295","89.4921844451816","88.9823670823258","89.9901690829483","90.523830668235","89.3303888953359","92.9869795054421","110.638764693403","116.786350489931","105.446224272594","100.684411105603","100.72434885096",
"United States","USA","Net foreign assets (current LCU)","FM.AST.NFRG.CN","17254799998.4452","16139899998.3101","14111399998.9356","12817999998.965","11075399999.2306","8839999999.396","4691699999.6743","4690199999.5798","4887899998.7101","-2910000000","7108889997.21411","16068552780.3158","14849305864.5689","14568966865.2469","15458847988.5477","29490901969.116","45961992749.8222","45944482117.3","47910293384.2002","36864019266.981","85242956074.8175","152854552003.739","152956383815.38","154606686142.895","154057787422.8","130312452381.884","121468374460.3","101493280957.4","112769713390","114803574571.2","72728253546.4","78065459959.1","37338618750","-12800000000","-99900000000","-94000000000","-54000000000","-56300000000","13074001897.0717","91585433629.2036","188609151899.403","96171370402.0775","65067688557.2594","2803810000.68738","-65390132171.6934","-37598280091.6401","-83854528275.6687","216100838691.005","293687809529.498","234810890514.188","313098312698.392","6790172853.6123","94286806076.3809","-233083823019.998","-210597040486.805","-203108465571.909","-103244697212.523","-97043960880.3169","-88646531520.3301","238941753376.571","282871416030.922","238477698892.813","67937018919.873","239707227191.855","506941665574.829",
"United States","USA","Total reserves minus gold (current US$)","FI.RES.XGLD.CD","1554800000","1805900000","1163400000","1247000000","1201400000","1385000000","1646700000","2765200000","4817900000","5104600000","3414890000","2108565226.45738","2663322352.12239","2725956454.21069","4231847549.12932","4626896589.34101","7149001646.11658","7592498332.89743","6979304987.89091","7784025732.73575","15595967203.3543","18923509985.741","22809354762.2223","22626779423.481","23837779881.3768","32095422231.9859","37452484728.3892","34720297237.8669","36744652783.5718","63549633269.3773","72258214607.8445","66661474288.0029","60267694735.1053","62352691775.1732","63284090264.9375","74781404883.4359","64040728546.2044","58906941910.7013","70714734123.4414","60499603711.0814","56600377652.7229","57633677027.9848","67962414914.2412","74894067978.4821","75889985333.445","54083715801.8481","54853874760.9669","59524234464.1401","66607006099.5362","119718872595.852","121391806197.94","136912226738.474","139133870857.439","133533464073.2","119048483711.245","106539635766.333","106290809152.792","112251905534.783","114756990011.769","118437718706.204","133849095923.967","240197337193.282","232716637027.829","234110801811.752","227759698198.716",
"United States","USA","Bank liquid reserves to bank assets ratio (%)","FD.RES.LIQU.AS.ZS","","","","","","","","","","","","","","","","","","","","","","","","","","","","","","","","","","","","","","","","","","0.790624676212946","0.823579637432607","0.78040578403555","0.695491439375827","0.67189233154892","0.625704702007029","0.617943777550699","5.97461598703357","7.00117183180949","7.14569637753876","11.2322737685315","10.6053020750319","15.7279770413265","16.5776098440957","14.0141656889122","12.3707722962753","12.6915601586982","9.68721833750813","9.1346166258151","15.3976030469103","22.2642046509282","18.9873331123553","16.4799090946205","14.1124848342002",
"United States","USA","Commercial bank branches (per 100,000 adults)","FB.CBK.BRCH.P5","","","","","","","","","","","","","","","","","","","","","","","","","","","","","","","","","","","","","","","","","","","","","32.5766499814866","33.1676806300937","33.7739478092044","34.5877683012636","34.9885241848816","35.7515461312021","35.2688002237335","35.0280865325583","34.8196934467433","33.6099710435358","32.42161584397","32.7287926091226","32.160803835357","31.2877251986925","30.9595425201991","30.525715928333","29.5546856147524","28.2451488106005","27.1972113235755","26.633251130029","",
"United States","USA","Terrestrial and marine protected areas (% of total territorial area)","ER.PTD.TOTL.ZS","","","","","","","","","","","","","","","","","","","","","","","","","","","","","","","","","","","","","","","","","","","","","","","","","","","","","","13.5","12","20.1","26.3","26.6","26.3","26.3","23.9","15.9","15.9","15.9","15.8",
"United States","USA","Renewable internal freshwater resources, total (billion cubic meters)","ER.H2O.INTR.K3","","2818","2818","2818","2818","2818","2818","2818","2818","2818","2818","2818","2818","2818","2818","2818","2818","2818","2818","2818","2818","2818","2818","2818","2818","2818","2818","2818","2818","2818","2818","2818","2818","2818","2818","2818","2818","2818","2818","2818","2818","2818","2818","2818","2818","2818","2818","2818","2818","2818","2818","2818","2818","2818","2818","2818","2818","2818","2818","2818","2818","2818","2818","","",
"United States","USA","Annual freshwater withdrawals, industry (% of total freshwater withdrawal)","ER.H2O.FWIN.ZS","","","","","","","","","","","","","","","","","","","","","","","","","","","","","","","54.33869151","54.24721463","54.15573776","54.06426088","53.97278401","53.88130713","53.78983026","53.69835339","53.60687651","53.51539964","53.42392276","53.58903288","53.75377304","53.91814449","54.08214848","54.24578622","53.69696748","53.11641903","52.5013073","51.84845097","51.15426594","50.41794985","49.65570171","48.86612704","48.04772953","47.19890162","47.19890162","47.19890162","47.19890162","47.19890162","47.19890162","47.19890162","47.19890162","","",
"United States","USA","Total fisheries production (metric tons)","ER.FSH.PROD.MT","2860136","3081640","3105635","2864347","2709544","2835363","2609669","2505088","2601220","2594989","3005231","3082697","2983670","3007301","3086054","3094605","3295326","3240284","3661332","3748646","3895992","3955351.081","4239604.036","4455170.109","5090163.239","5067700.522","5282667","6128653","6112541.963","5948939.33","6096818.438","5736216.159","5887783.375","6234634.739","6238139.561","5827680","5661932","5824087","5504263","5684418","5498388","5755517","5825886","5891367","5970833","5834814","5831175","5715953","5107856","5008328","5264036","5843418","5823715","5963056","5844531","5846024","5844790","5932412","5867235.851","5809664.848","5144327.606","5186899.113","5177934.432","5080061.511","",
"United States","USA","Population in urban agglomerations of more than 1 million","EN.URB.MCTY","69978587","71357652","72774562","74228631","75723200","77253309","78826568","80442305","82104310","83807175","85290017","85993398","86720408","87468789","88242400","89041091","89866913","90717336","91596793","92505147","93466126","94515019","95589276","96688144","97813885","98962536","100139539","101344109","102578758","103839184","105216000","106882401","108589444","110331233","112116197","113943290","115816534","117729566","119691727","121701995","123562801","124843418","126152120","127487866","128853293","130243458","131664843","133116365","134600924","136113194","137660260","139240988","140858582","142507280","144194855","145920115","147686617","149493144","151340879","152587187","153859579","155166395","156514367","157903565","159329842",
"United States","USA","Population living in areas where elevation is below 5 meters (% of total population)","EN.POP.EL5M.ZS","","","","","","","","","","","","","","","","","","","","","","","","","","","","","","","2.10139825647919","","","","","","","","","","2.11321774503653","","","","","","","","","","","","","","","1.98031592664396","","","","","","","","","",
"United States","USA","Mammal species, threatened","EN.MAM.THRD.NO","","","","","","","","","","","","","","","","","","","","","","","","","","","","","","","","","","","","","","","","","","","","","","","","","","","","","","","","","","","40","","","","43","","",
"United States","USA","Nitrous oxide (N2O) emissions from Waste (Mt CO2e)","EN.GHG.N2O.WA.MT.CE.AR5","","","","","","","","","","","4.3152","4.3896","4.383","4.3762","4.3687","4.4452","4.6078","4.5586","4.5952","4.6769","4.6279","4.7568","4.7534","4.8414","4.9306","5.1602","5.1583","5.3453","5.3915","5.4392","5.5412","5.6852","5.8455","6.0436","6.2166","6.3607","6.5397","6.7319","6.9371","7.1243","7.2604","7.3565","7.4331","7.7061","7.8723","7.9347","7.999","8.0866","8.1059","8.1106","8.1687","8.2947","8.4448","8.6188","8.7548","8.877","9.1129","9.3743","9.3563","9.5373","9.6163","9.6611","9.7755","9.8556","9.9375",
"United States","USA","Nitrous oxide (N2O) emissions from Industrial Processes (Mt CO2e)","EN.GHG.N2O.IP.MT.CE.AR5","","","","","","","","","","","115.6392","113.803","115.2055","118.2379","111.5589","103.8471","114.0529","111.3162","112.5194","105.9868","92.9895","87.3237","80.1013","87.1374","80.6315","76.6334","76.6359","74.2756","73.3087","69.6504","55.9593","54.8308","55.3972","56.5166","58.35","59.4017","59.7372","56.807","54.4796","53.3974","52.0216","46.7612","45.5475","43.9729","42.8556","42.3849","40.37","42.2012","37.1537","33.2834","35.3559","35.5815","34.1721","35.5777","35.3434","34.3367","33.8433","33.524","33.7747","33.4475","32.9244","33.9148","34.9749","33.4739","33.8945",
"United States","USA","Nitrous oxide (N2O) emissions from Agriculture (Mt CO2e)","EN.GHG.N2O.AG.MT.CE.AR5","","","","","","","","","","","106.7146","109.8526","110.5623","112.6824","111.0468","122.2326","122.0914","118.6684","120.3071","123.9352","125.6204","125.1525","117.6532","120.567","126.0195","120.3895","118.0722","117.6618","114.6145","119.801","122.1947","118.7597","122.2455","124.9382","125.8757","126.1837","129.1524","129.5353","130.1157","128.8297","125.7071","127.1937","126.5157","132.6091","131.3199","129.6476","134.667","133.8393","129.3931","132.8568","135.2525","136.2897","134.9498","136.1647","135.6899","135.2214","139.7537","138.7188","138.1435","138.4121","138.8637","135.8542","137.641","137.6557","137.6598",
"United States","USA","Carbon dioxide (CO2) emissions from Transport (Energy) (Mt CO2e)","EN.GHG.CO2.TR.MT.CE.AR5","","","","","","","","","","","1039.7828","1086.6479","1154.5967","1206.4598","1178.3568","1193.4708","1246.5694","1285.1881","1331.2096","1303.3298","1241.2331","1235.8919","1227.5183","1243.7907","1281.7035","1292.5644","1315.0225","1359.2783","1421.9826","1433.5868","1426.9725","1399.6682","1430.6614","1454.1851","1506.8958","1537.7559","1577.1938","1602.1294","1640.36","1686.1773","1717.8487","1720.0372","1741.6418","1766.7548","1788.6669","1807.7222","1806.018","1806.3663","1708.2744","1622.5473","1679.7732","1633.5907","1597.5315","1646.9372","1639.846","1700.0469","1711.2183","1724.0175","1762.2354","1757.3448","1507.9152","1663.6783","1699.428","1674.9644","1678.5621",
"United States","USA","Carbon dioxide (CO2) emissions excluding LULUCF per capita (t CO2e/capita)","EN.GHG.CO2.PC.CE.AR5","","","","","","","","","","","22.4080038234204","21.4757368981176","22.4422661699127","23.107187519171","22.1060517923443","20.9073036907391","22.0873057077992","22.6117703948892","22.327833411955","22.2464819710737","21.0372639454285","20.5215783601928","19.2728037157262","19.0290065528333","19.737634686738","19.6737336292261","19.3365189290935","19.813916025903","20.5366316426652","20.5771950295561","19.9645212981176","19.5233266529898","19.5583395058359","19.7583747244334","19.830406345249","19.7968469043631","20.1432633985909","20.9036173654078","20.8257864667542","20.6489080418578","21.0118753202743","20.6255077855762","19.9103793387111","19.9681657791826","20.0815597947275","19.9249914215479","19.4048177077015","19.4956606869752","18.7089026291301","17.1890632001903","17.847084306938","17.0203888981196","16.1854221004814","16.495975221911","16.4248953102317","15.9501022949136","15.5045482189269","15.1847127213968","15.5796456645972","15.0439662080505","13.4715821678248","14.3161154347115","14.4177148825165","13.7119419860139","13.6195685039144",
"United States","USA","Carbon dioxide (CO2) net fluxes from LULUCF - Total excluding non-tropical fires (Mt CO2e)","EN.GHG.CO2.LU.MT.CE.AR5","","","","","","","","","","","","","","","","","","","","","","","","","","","","","","","","","","","","","","","","","-1046.7692","-1036.1276","-991.7503","-1019.8243","-936.8583","-976.5779","-1013.852","-966.2552","-973.0699","-915.015","-941.5687","-1001.8518","-991.3061","-949.3598","-980.3686","-896.2066","-973.7672","-991.8836","-978.2875","-921.6074","-972.7655","-983.4182","-921.7918","-921.7918","",
"United States","USA","Carbon dioxide (CO2) emissions from Industrial Combustion (Energy) (Mt CO2e)","EN.GHG.CO2.IC.MT.CE.AR5","","","","","","","","","","","1104.1094","891.7464","911.7717","943.1653","885.2978","754.3649","801.8997","856.1171","826.3403","898.2268","857.9801","837.271","710.4871","645.3532","708.956","703.0827","675.8952","691.4337","716.4661","671.9414","604.4447","566.877","517.6393","532.4218","534.8524","486.8017","485.9246","506.7299","512.7422","499.3623","567.1249","540.0108","490.816","485.416","511.6738","477.3253","495.8157","486.0106","474.7671","407.5382","466.3256","435.6929","438.5726","434.8862","437.2563","433.8849","439.0239","429.4054","454.0616","439.0522","437.4557","445.7564","455.5679","440.9429","443.9249",
"United States","USA","Methane (CH4) emissions (total) excluding LULUCF (% change from 1990)","EN.GHG.CH4.ZG.AR5","","","","","","","","","","","","","","","","","","","","","","","","","","","","","","","","-0.777864066645284","-0.561032159415242","-1.29908356165659","0.0771887569679386","-0.97449081682508","-1.198689905892","-0.990328533784846","-2.75960150097422","-4.10672690362633","-5.02754418039182","-4.80798836973689","-6.1253921932468","-5.50861770636067","-4.8846714231154","-5.36822749397782","-4.62403868908297","-4.39079440172334","-3.32078307281362","-6.36038345664264","-5.88384976971522","-5.47925241838375","-6.21463738351721","-6.59211063323398","-4.58878885024726","-5.80846545510048","-8.61643060844531","-6.58234135934734","-3.23683627696879","-0.40489617617977","-5.30319860968291","-5.16932507764561","-4.71411139431789","-3.28297023624058","-3.07045979604744",
"United States","USA","Methane (CH4) emissions (total) excluding LULUCF (Mt CO2e)","EN.GHG.CH4.MT.CE.AR5","","","","","","","","","","","875.7021","882.6264","895.8311","897.4215","893.068","888.7884","885.5742","878.1638","875.1641","901.5609","915.1785","914.7306","909.7698","879.6385","896.6038","890.6648","882.6915","885.4599","886.7858","881.7234","870.0749","863.3069","865.1935","858.7719","870.7465","861.5961","859.6454","861.4583","846.0643","834.3433","826.3315","828.2418","816.7794","822.1458","827.5746","823.3673","829.8423","831.8717","841.1816","814.7348","818.881","822.4013","816.0029","812.7186","830.149","819.5369","795.1055","812.8036","841.912","866.552","823.9331","825.0979","829.0586","841.5106","843.3596",
"United States","USA","Methane (CH4) emissions from Building (Energy) (Mt CO2e)","EN.GHG.CH4.BU.MT.CE.AR5","","","","","","","","","","","11.7029","11.3707","11.0198","10.535","11.4025","11.9843","12.2453","11.7123","12.2702","14.1275","12.8729","13.0791","13.2484","14.0479","14.1141","13.7238","13.3419","13.7145","13.5043","14.858","10.6394","11.4473","11.2992","9.1565","9.1484","9.7467","10.0028","8.8694","9.0164","8.6806","8.9158","7.5892","6.6506","7.9654","8.1251","8.867","7.7054","8.0713","8.2629","7.9187","9.3395","9.1122","7.9326","9.4986","9.8784","8.3937","7.3761","6.9684","8.4554","9.1663","8.463","8.4966","9.1523","9.4584","9.4704",
"United States","USA","Total greenhouse gas emissions including LULUCF (Mt CO2e)","EN.GHG.ALL.LU.MT.CE.AR5","","","","","","","","","","","","","","","","","","","","","","","","","","","","","","","","","","","","","","","","","6173.0553","6121.6652","6000.6483","6038.8194","6220.9404","6184.0611","6027.4566","6162.9266","5968.6606","5572.686","5812.6177","5545.0182","5320.3874","5499.2769","5508.1082","5467.7971","5263.9708","5191.7609","5392.1601","5326.6355","4731.1499","5017.0885","5152.4444","4969.1946","",
"United States","USA","Bird species, threatened","EN.BIR.THRD.NO","","","","","","","","","","","","","","","","","","","","","","","","","","","","","","","","","","","","","","","","","","","","","","","","","","","","","","","","","","","91","","","","87","","",
"United States","USA","PM2.5 pollution, population exposed to levels exceeding WHO Interim Target-1 value (% of total)","EN.ATM.PM25.MC.T1.ZS","","","","","","","","","","","","","","","","","","","","","","","","","","","","","","","0.00165738402471138","","","","","0.00178113858303464","","","","","0.0480812007024767","","","","","0.0501378437072209","","","","","0.0525020167761014","0.0529649149912825","0.0533978423912451","0.0537820740773465","0.016386108728117","0.0515474597732268","0.0164458492829311","0.0164350247258471","","","","","","","",
"United States","USA","Combustible renewables and waste (% of total energy)","EG.USE.CRNW.ZS","","","","","","","","","","","","","","","","","","","","","","","","","","","","","","","3.25243849142954","3.39808211163726","3.72800747262212","3.3329142117585","3.35347991914305","3.41343589039696","3.41139814071605","3.29310722602447","3.33038012848966","3.20984468658701","3.22261315649277","2.91329191047676","2.88101785611606","3.08230231722101","3.15221067298443","3.26997681192287","3.41306964539173","3.4536307154083","3.71255858320775","3.87353599689441","4.03877268165207","4.19241653188715","4.32895752432926","4.57971238012937","4.64387389679036","4.57290811854146","4.58899469956227","4.57841263190972","4.73979422664348","4.79848174681147","4.81921235947785","4.89113150838654","4.8268759416496","5.24082423705134","",
"United States","USA","Energy imports, net (% of energy use)","EG.IMP.CONS.ZS","","","","","","","","","","","","","","","","","","","","","","","","","","","","","","","17.8587373552945","16.6948932534857","18.1252307141753","20.8727217506704","22.00904912612","20.9710195838312","22.0703791019509","23.6918673396291","25.151158841066","25.88803401009","26.6791454298185","28.9159685414131","27.8963061327111","29.2685841234767","30.9353501432903","31.7584924866635","31.7737943317032","30.5507287280746","27.9184127584533","25.9120016993863","24.0850218737468","20.6799127023379","17.518452859975","14.4330808261608","11.6957018790028","11.738944672511","12.2997773544084","8.10034813467893","3.59207211661354","-0.898716368808055","-3.9655132596338","-4.18993101612738","-6.49503863234049","-9.00058575160831","",
"United States","USA","Electricity production from renewable sources, excluding hydroelectric (% of total)","EG.ELC.RNWX.ZS","","","","","","","","","","","","","","","","","","","","","","","","","","","","","","","2.49426695469892","1.25119053433623","1.50201649352847","1.53953941042658","1.4995242461713","1.29775322616756","1.25549969513373","1.20195428111532","1.13507700974993","1.27042389541241","1.90393141109299","1.86722555284742","2.00198957325382","2.00462349121605","2.08076637852898","2.18332476396993","2.40279146053402","2.57931266912975","3.07465602444543","3.65563849993374","4.07477109374822","4.76447322347609","5.46095472491412","6.29174773840898","6.89305130828678","7.35254388360494","8.50075843849591","9.700691811457","10.0478956277699","10.8666213545367","12.6817482828225","14.0077934914494","","","",
"United States","USA","Electricity production from nuclear sources (% of total)","EG.ELC.NUCL.ZS","","","","","","","","","","","","","","","","","","","","","","","","","","","","","","","19.0015848402157","19.8238924978021","19.9315792943959","18.966106564105","19.5460689490375","19.9269481652454","19.450849083851","18.0208766031466","18.6431549601108","19.8026282367394","19.6837786080129","20.5055898535356","19.8591747467367","19.3009198963977","19.4818456013812","18.8788198868844","18.9776115360032","19.233668540988","19.1793484867319","19.8225258254411","19.160543847909","18.8852049092037","18.6714631315462","19.0880906452324","19.1362443440895","19.2322775232508","19.4333784200879","19.5701642486471","18.8831715310593","19.2025520520247","19.3225514390348","18.5511109851335","17.8776909921501","18.1486338468905","",
"United States","USA","Electricity production from oil, gas and coal sources (% of total)","EG.ELC.FOSL.ZS","","","","","","","","","","","","","","","","","","","","","","","","","","","","","","","68.7240280853198","68.4226641105793","69.1163069956054","69.7389542928168","69.8266701406533","68.3554459740812","68.0038357127045","70.0422259290029","70.7966528555492","70.2105545118714","71.1203264418221","71.7042915349285","70.5541924208614","70.8157796482109","70.9278595477305","71.6770197616972","70.8977172086046","71.5379481686802","70.9790005679606","69.0719554750652","69.891467946273","68.0587695538507","68.5454452228795","67.5213538266907","67.1322105875281","66.7662228794446","64.9437371906494","62.7920030384273","63.6142619423724","62.5066488150536","60.4060334602256","60.8450774411636","59.9780262705968","59.3003677227757","",
"United States","USA","Access to electricity, rural (% of rural population)","EG.ELC.ACCS.RU.ZS","","","","","","","","","","","","","","","","","","","","","","","","","","","","","","","100","100","100","100","100","100","100","100","100","100","100","100","100","100","100","100","100","100","100","100","100","100","100","100","100","100","100","100","100","100","100","100","100","100","",
"United States","USA","Access to clean fuels and technologies for cooking, rural (% of rural population)","EG.CFT.ACCS.RU.ZS","","","","","","","","","","","","","","","","","","","","","","","","","","","","","","","","","","","","","","","","","100","100","100","100","100","100","100","100","100","100","100","100","100","100","100","100","100","100","100","100","100","100","100","100","",
"United States","USA","Government Effectiveness: Percentile Rank, Lower Bound of 90% Confidence Interval","GE.PER.RNK.LOWER","","","","","","","","","","","","","","","","","","","","","","","","","","","","","","","","","","","","","85.2459030151367","","86.8852462768555","","87.978141784668","","86.4864883422852","85.405403137207","89.0547256469727","85.2941207885742","85.8536605834961","87.3786392211914","84.4660186767578","82.7751159667969","83.7320556640625","82.4644546508789","83.4123229980469","82.4644546508789","82.6923065185547","82.3809509277344","81.9047622680664","83.8095245361328","84.7619018554688","82.3809509277344","77.6190490722656","77.1428604125977","76.8867950439453","76.8867950439453","",
"United States","USA","Subsidies and other transfers (% of expense)","GC.XPN.TRFT.ZS","","","","","","","","","","","","","","","","","","","","","","","","","","","3.25121797894075","3.60099058558255","2.86858450474011","13.3150950289292","51.4246377149791","51.2648571935427","56.4574063530222","59.0205115287999","60.5831540625517","61.4284712527173","61.8515720778175","62.5411866567258","63.2234717212438","64.144018076815","64.8451274460721","59.2538062553748","60.4215317866604","60.2036930368546","59.5203833935538","58.8734442533042","59.1589093010646","58.9467416861896","56.6553139020115","61.0509380377756","62.7304436207548","62.140805549775","62.3871603850911","63.9676188828129","64.5930330576652","65.9028394749923","66.0843823347483","65.8467442941995","65.2733346115094","65.1634141095351","71.1620812474914","66.9148040780141","67.9396827531412","63.7840420392867","",
"United States","USA","Other expense (% of expense)","GC.XPN.OTHR.ZS","","","","","","","","","","","","","","","","","","","","","","","","","","","","","","","5.29251160945558","5.55401809473124","1.17599094634585","1.35608912609859","0.986265100115836","0.793665971810515","0.566542419476676","0.496644940955771","0.524553834547469","0.640602866368063","0.801571580940772","11.1714482869393","10.8248180493148","10.9794178506611","11.0199508285262","11.229572191863","10.6111862671679","10.7316330640295","14.7509047152153","12.72491448251","10.3270351799088","10.1029317872868","10.0066749279717","10.0960832221761","10.0272308980821","9.59690979469431","8.97704516310675","9.09989289900555","8.41312325824849","8.37465800934732","10.1787742606026","13.8931319808418","6.52275379739347","9.04508625381805","",
"United States","USA","Interest payments (current LCU)","GC.XPN.INTP.CN","","","","","","","","","","","","","14820000000","15680000000","23000000000","24550000000","28700000000","33440000000","34280000000","47070000000","61320000000","78470000000","96860000000","106980000000","123580000000","152190000000","154700000000","156240000000","168230000000","180800000000","196340000000","218950000000","216560000000","210990000000","214320000000","234170000000","252320000000","254440000000","253200000000","241060000000","236360000000","258581600000","227677200000","212585600000","220812100000","257431900000","280576900000","313722100000","293274200000","253205700000","280658400000","324672800000","317643800000","294960000000","312627800000","306319200000","345667900000","369041500000","442874200000","476639000000","412384000000","507679700000","694872100000","877142600000","1039990200000",
"United States","USA","Compensation of employees (current LCU)","GC.XPN.COMP.CN","","","","","","","","","","","","","42260000000","44680000000","46140000000","48910000000","51560000000","55250000000","59710000000","63020000000","67740000000","75910000000","83930000000","89110000000","94320000000","100740000000","105580000000","111090000000","117510000000","122690000000","129340000000","138480000000","138220000000","138750000000","138420000000","139020000000","140480000000","142100000000","144010000000","150620000000","159180000000","201423300000","225779400000","256609400000","273296100000","292126500000","304182200000","319403600000","340254900000","366471900000","392662800000","400809700000","397970100000","388435100000","392706700000","398051100000","408260700000","416900800000","434455400000","447797800000","472640500000","492400600000","508950800000","545882000000","581796400000",
"United States","USA","Tax revenue (% of GDP)","GC.TAX.TOTL.GD.ZS","","","","","","","","","","","","","1.1819937300154E-08","1.14952124913005E-08","1.18376203613283E-08","1.11858004966455E-08","1.07488368815829E-08","1.16186463229876E-08","1.15423590501612E-08","1.20038076635128E-08","1.21383526516402E-08","1.25505099560623E-08","1.19786266418126E-08","1.03482682349497E-08","1.01597156537786E-08","1.03842401634117E-08","1.01630458873215E-08","1.09488457256785E-08","1.05959432728889E-08","1.07824403801772E-08","1.04652847558268E-08","1.03203424286825E-08","9.98416183728209E-09","1.03049343163775E-08","1.06235066354376E-08","1.0980989035111E-08","1.1373914577285E-08","1.18281965458351E-08","1.23298291446849E-08","1.22599793135157E-08","1.29708003629433E-08","1.18577039046602E-08","9.86801220227667E-09","9.39069910317543E-09","9.53747297857866E-09","1.06817311353578E-08","1.1310475666951E-08","1.12899135181825E-08","1.02761909366076E-08","7.90351822026163E-09","8.56322576078511E-09","9.5389309882013E-09","9.763916029528E-09","1.04835093346258E-08","1.09354320229891E-08","1.12374940636678E-08","1.09182669054538E-08","1.15834831642617E-08","9.98924207356734E-09","9.95830072560589E-09","1.02949840532629E-08","1.15735962955643E-08","1.27967300718031E-08","1.08130735453764E-08","1.08905153823848E-08",
"United States","USA","Taxes on international trade (% of revenue)","GC.TAX.INTT.RV.ZS","","","","","","","","","","","","","1.63635513581748","1.39378535705501","1.29313450039623","1.49504509138292","2.00604385006108","1.47585575395222","1.66838706579927","1.60247226883877","1.39224738037664","1.28792259960299","1.36141053046497","1.33778240372252","1.61487916249025","1.56169056794491","1.65842516432381","1.68714690817964","1.72143324641325","1.58903062443266","1.57418665487639","1.40984737432095","1.54027205704199","1.55529162727941","1.54985155398549","1.38069948005966","1.24572720796324","1.10543349685663","1.09346480879669","1.04080829287495","1.01741843110854","0.999341004439406","1.04912397516642","1.11600546589448","1.13114805389035","1.0834129485699","1.03649489716477","1.06582227098064","1.1172866963218","1.01714941859297","1.15831308826566","1.22890096386127","1.23034186155648","1.12079898671783","1.12478096286749","1.09678450792386","1.07627221216493","1.02205538354995","1.47546054145448","2.08682236588789","1.81442616676516","1.99996947348267","1.9742343841129","1.67368059775669","1.6108869281022",
"United States","USA","Taxes on goods and services (% value added of industry and services)","GC.TAX.GSRV.VA.ZS","","","","","","","","","","","","","","","","","","","","","","","","","","","","","","","","","","","","","","0.688391048074005","0.654802320631446","0.751290934453788","0.68737905932538","0.63979816419717","0.640727589428777","0.629400496776158","0.61944075981682","0.596549189041946","0.551177915724503","0.477023867958698","0.459429433667746","0.492539472742652","0.473946845502181","0.516090164417435","0.527040588501002","0.562181156528768","0.594719080362949","0.597736294762687","0.55872766079549","0.499719965388432","0.562620756446066","0.476048497275795","0.430523367905304","0.410910186894404","","","",
"United States","USA","Taxes on exports (current LCU)","GC.TAX.EXPT.CN","","","","","","","","","","","","","","","","","","","","","","","","","","","","","","","","","","","","","","","","","","","","","","","","","","","","","","","","","","","","","","","","","",
"United States","USA","Social contributions (current LCU)","GC.REV.SOCL.CN","","","","","","","","","","","","","50480000000","60930000000","72730000000","81970000000","87950000000","103510000000","117730000000","135440000000","154070000000","179110000000","196910000000","204570000000","234790000000","260420000000","279150000000","298590000000","329520000000","354860000000","383590000000","400460000000","418450000000","433080000000","466580000000","489910000000","515120000000","545290000000","577940000000","617820000000","659300000000","723262000000","739425000000","763276000000","808978900000","853397000000","905682000000","947297000000","974497100000","950663000000","970903000000","903206000000","937959000000","1091780000000","1140055000000","1190781100000","1224406000000","1284313400000","1346608700000","1409502000000","1435025200000","1543042700000","1687975900000","1801328400000","1878273500000",
"United States","USA","Net lending (+) / net borrowing (-) (current LCU)","GC.NLD.TOTL.CN","","","","","","","","","","","","","-17290000000","-14400000000","-1560000000","-40420000000","-63780000000","-42760000000","-41000000000","-17500000000","-50560000000","-47750000000","-104970000000","-189160000000","-163390000000","-185610000000","-209330000000","-144140000000","-156120000000","-147900000000","-218640000000","-269130000000","-288430000000","-253530000000","-203390000000","-151170000000","-111480000000","-19820000000","72560000000","123930000000","228970000000","1479500000","-310934000000","-467242600000","-467533600000","-395954300000","-290917900000","-352985100000","-774164600000","-1475310700000","-1503965800000","-1395585300000","-1187252800000","-700606200000","-651800900000","-585082300000","-720266200000","-577416200000","-987174600000","-1154281700000","-3066598200000","-2997525600000","-1149238700000","-1979788300000","-2057294300000",
"United States","USA","Net incurrence of liabilities, total (current LCU)","GC.LBL.TOTL.CN","","","","","","","","","","","","","20650000000","18000000000","2030000000","53090000000","82790000000","55830000000","61990000000","39820000000","76610000000","84800000000","138760000000","215590000000","174080000000","200540000000","233050000000","148550000000","161420000000","139500000000","219700000000","276410000000","309700000000","247930000000","186310000000","172340000000","128410000000","37400000000","-52560000000","-89130000000","-224420000000","67727500000","322124300000","554859300000","479178100000","453234300000","296574100000","372460800000","1368178400000","1542771300000","1697953100000","1200186400000","1245671300000","874127100000","765900400000","757551100000","884755300000","635558800000","1295011800000","1185038400000","5018509400000","1446979600000","1338172300000","2573071900000","2052310100000",
"United States","USA","Net acquisition of financial assets (current LCU)","GC.AST.TOTL.CN","","","","","","","","","","","","","","","","","","","","","","","","","","","","","","-8400000000","1060000000","7280000000","21270000000","-5600000000","-17080000000","21170000000","16930000000","17580000000","20000000000","34800000000","4550000000","51862000000","5745200000","33759200000","2862000000","28797300000","-16511600000","-1037300000","530971800000","86359300000","258147500000","-159977700000","75065300000","361240100000","22501000000","226842700000","195861400000","114606200000","324427100000","72243100000","1726228300000","-1186587600000","163924700000","233388400000","21230000000",
"United States","USA","Account ownership at a financial institution or with a mobile-money-service provider, secondary education or more (% of population ages 15+)","FX.OWN.TOTL.SO.ZS","","","","","","","","","","","","","","","","","","","","","","","","","","","","","","","","","","","","","","","","","","","","","","","","","","","","89.9397957482112","","","94.3453899824656","","","94.3792665734768","","","","96.3761577895895","","","97.1209790457057",
"United States","USA","Account ownership at a financial institution or with a mobile-money-service provider, female (% of population ages 15+)","FX.OWN.TOTL.FE.ZS","","","","","","","","","","","","","","","","","","","","","","","","","","","","","","","","","","","","","","","","","","","","","","","","","","","","84.0690581399157","","","94.7977101824712","","","92.6862456595629","","","","96.7918915249746","","","97.1092143262693",
"United States","USA","Domestic credit provided by financial sector (% of GDP)","FS.AST.DOMS.GD.ZS","101.328694267945","106.71797125053","106.515365444874","110.602848972855","112.648360941239","114.296734336246","109.754159337096","114.249428305335","114.654554469888","110.969223221077","112.68844709492","116.132488557355","119.884774625736","117.20040825783","113.781809100588","113.664692623223","113.992250030144","113.624040322011","113.720596558372","114.096981305227","116.443531993795","111.498434026202","118.037680224677","122.98639956482","124.194136974066","134.287134949328","143.463323689343","145.602764309799","144.541127134445","147.771961974555","145.621236294368","152.861166724047","154.276387250518","158.39517276342","156.338856215982","166.23649911336","171.58527778039","180.069237454778","190.517705336028","201.879366106617","191.59250397245","199.357247750368","192.652454970076","207.576835192892","213.942210307027","217.25068829587","227.000301976112","235.965173442042","214.062329052096","222.081839317084","218.02542689843","219.286275479444","221.135117269688","230.188409910882","232.610469580506","231.340549877178","236.740168768824","245.984997713656","233.291032497085","247.828014606754","284.97890724704","296.3079214963","251.150567481599","254.070740989174","261.296200241867",
"United States","USA","Real interest rate (%)","FR.INR.RINR","","3.10788487484445","3.215345975872","3.37488224240501","2.95166899970868","2.56591312626046","2.64942062883444","2.40622703183627","1.86391124668411","2.85177336421904","2.51491820767599","0.621992022659649","0.883965225131784","2.4096938447822","1.65106596056711","-1.28158053903036","1.26679040234448","0.575101000374774","1.88980821589415","4.03438927792717","5.71636286472598","8.5946006933796","8.17720821048295","6.61803546660784","8.14090660797679","6.56324383385124","6.1938695909416","5.58752028752393","5.59030222565257","6.69026467457874","6.03974984988313","4.91529596812901","3.88429488654255","3.54563216911484","4.89854133884219","6.59421796734386","6.32428599296519","6.60331688123844","7.14996175417604","6.48725394907382","6.81386177218246","4.56709046371912","3.07320805338916","2.10671171585721","1.60763317917852","2.96083428030713","4.72785135317774","5.19990178361212","3.10106296496386","2.61706389356322","2.01031249832462","1.16287972647355","1.362424650544","1.7482101512619","1.58866664005878","2.4751634842667","2.63773113762977","2.37161907294657","2.46243186978415","3.71968036171318","2.84614797883626","-1.08716753956254","","","",
"United States","USA","Wholesale price index (2010 = 100)","FP.WPI.TOTL","","","","","","","","","","","","","","","","","","","","","","","","","","","","","","","","","","","","","","","","","","","","","","","","","","","","","","","","","","","","","","","","","",
"United States","USA","Broad money to total reserves ratio","FM.LBL.BMNY.IR.ZS","16.5905349446841","18.7496978836718","22.2870774996956","24.9031794489701","27.4009850447702","32.1200554134785","34.861728800369","38.5851606605333","35.0194711595","37.0692607120864","46.0707690140025","53.9352741225101","44.1644756224222","29.7028307982296","19.383843889176","27.5653044661153","29.6864293260465","27.5187318759869","23.5333461575867","12.5254271815457","11.5861431221562","17.9619212732503","17.0720190623709","21.5371831085996","28.455785039387","27.38726890958","25.2648337392702","22.7391191203793","27.2411889253429","24.5361405334073","24.5367932055835","27.0660692780024","29.176488583638","26.3027244128074","26.5753749772564","26.3990893529136","31.1935391011808","40.1425261960038","40.6310245005345","47.6105104436587","54.6992090455507","58.2771667556526","50.1892268207943","44.9216852467976","45.8948860039253","50.1813298058967","46.5767728339338","41.4478522352381","42.3208260587162","32.4926823167333","26.1160240047171","25.3547239619428","24.8838116059455","33.2951838726157","36.1553907972182","42.2177354807487","41.4437138537569","39.0698136766484","40.7689952089237","38.4778429165295","37.0817486508843","38.0210091954327","38.2078361253022","35.5288738507777","31.8220333652095",
"United States","USA","Monetary Sector credit to private sector (% GDP)","FM.AST.PRVT.GD.ZS","39.0214859468029","40.8214174667833","42.4607794228377","45.4823185743009","47.276700016139","49.1790819354522","48.3451614750222","49.0101420511332","49.2811826956314","49.7277391116235","49.6387320262778","50.7431858179165","53.8905958048956","56.4853764901331","57.3585513734733","54.1266446040843","53.7599844561687","55.6611839798331","56.6336352413826","56.6192028189803","55.073116049483","52.2605417267818","51.3339208903433","51.6317385784078","53.519195623751","55.0508310826118","56.722015376348","56.8583471586737","57.3356926979752","56.1214411565554","52.7198068669816","49.0864838979502","45.6423427843419","44.3657771260698","44.473844404106","45.835458730385","46.2696587515957","46.5805961364589","47.2518471026481","47.3055597238282","48.9749045792569","50.15255872139","50.3122424784614","51.4631015367861","53.3339040458312","55.2582892951592","57.1521559241361","59.3775203622844","59.5470834079396","53.900148293599","52.2717395450723","50.6259623659946","49.898491009775","49.1897254854293","49.7303400239586","51.0865321838816","52.3174040582521","52.4150447053334","52.0946745255498","52.5938131151649","54.5147549874804","51.0032367935494","51.9395246598514","49.9046039233535","46.8410985567787",
"United States","USA","Claims on central government (annual growth as % of broad money)","FM.AST.CGOV.ZG.M3","","2.43655724790721","0.165168440645602","0.243168524890314","0.78556950220302","0.425926532037225","0.0783436150958102","2.31400931895654","1.17433203451155","-1.26201529066169","1.09686984233585","1.06829753347066","0.275778267272395","-0.149015550884298","0.109780120108841","3.66004899577191","2.22254913498882","0.46635586445932","-0.320330611147233","0.355739278719339","1.45899732665769","1.44596379375542","2.07080119984975","2.61514400401815","0.611440407566594","0.28738925878037","1.14251529770327","0.712987359881205","-0.467944064234228","-0.7186926805223","0.792381762841512","2.72151208772166","2.81944099710269","1.00606674229669","0.284898771558807","-0.0175043893233806","0.0590815689395816","0.850613551591431","-0.106712800492327","-0.432727050219499","0.472965349277199","0.164115267312089","1.54695434062356","-0.276494602372613","0.158731348859561","0.0988512319211805","0.332973950709509","0.747893944095334","-3.33907460788253","3.8888567147815","0.368734507161102","8.04623559310296","0.793148462255317","3.33936657503664","1.32804639517552","-0.497345591895055","2.45484834137248","0.645959339888472","-1.10170045783044","2.2545945490969","9.20864626955932","12.6733413346196","-3.91692670555963","-0.364735211556854","1.69328182783925",
"United States","USA","Total reserves (includes gold, current US$)","FI.RES.TOTL.CD","19664164000","18825530000","17252463900","16878648000","16725493600","15498323200","14953446600","14898992000","17857180000","17031416000","15236515800","14831073226.4574","20573775352.1224","33703588954.2107","55700252549.1293","43154974089.341","44162131646.1166","53374370832.8974","69447964987.8909","143259225732.736","171412607203.354","123907234985.741","143444661762.222","123110064423.481","104855936881.377","117981972231.986","139883920728.389","161738455237.867","144176820283.572","168583563269.377","173093564607.845","159272850288.003","147525874735.105","164620171357.293","163590579764.938","175995426883.436","160660160546.204","134836033327.141","146006089507.341","136450101867.481","128399516602.723","130076677027.985","157762914914.241","184024332193.35","190464790633.305","188259141662.468","221088725058.691","277548941768.855","294045673779.627","404098925258.352","488928508742.44","537267041107.474","574268084132.447","448508920737.711","434416188744.625","383728497570.133","405942428719.749","451285263406.24","449907088828.546","516700583371.247","628369715338.322","716152260973.711","706644215998.894","773426187289.128","910036546651.5",
"United States","USA","Borrowers from commercial banks (per 1,000 adults)","FB.CBK.BRWR.P3","","","","","","","","","","","","","","","","","","","","","","","","","","","","","","","","","","","","","","","","","","","","","","","","","","","","","","","","","","","","","","","","","",
"United States","USA","Bank nonperforming loans to total gross loans (%)","FB.AST.NPER.ZS","","","","","","","","","","","","","","","","","","","","","","","","","","","","","","","","","","","","","","","","","","","","","","","","","","4.95990413551278","4.38774309355536","3.78150447341427","3.31729162388854","2.45239118205519","1.85071180176899","1.4734265470522","1.32052217577728","1.12682415706514","0.913161529735838","0.855251960083455","1.06536914566418","0.813464699477564","0.71607362746051","0.846592385960373","",
"United States","USA","Renewable internal freshwater resources per capita (cubic meters)","ER.H2O.INTR.PC","","15340.9802331089","15106.8415014635","14890.9861447247","14685.5734304728","14503.1214134625","14336.5893365893","14181.3277507146","14040.4372564846","13903.8963473902","13742.8554708074","13570.1937292029","13425.6965354271","13298.1610030721","13177.2143611997","13047.9272872072","12924.5304652923","12795.1906792167","12660.3320079969","12521.3836617716","12401.8043789196","12280.686463354","12164.1687961876","12053.4492198193","11949.538852963","11844.1182898741","11735.1634302657","11630.7384982397","11525.6095116953","11417.2733865707","11289.0238479627","11139.1764598922","10985.7551634609","10841.8391883625","10709.6980153995","10582.9246126229","10460.5150819989","10335.3297366288","10215.5488048025","10098.9105504587","9987.15594331947","9888.79648311164","9797.47278257368","9713.62613513916","9624.14279812656","9535.84336560397","9444.33551545521","9354.94043948773","9266.87246401989","9185.98935561585","9108.59185963336","9036.70109922362","8964.84086441948","8897.27237728885","8826.72911488768","8756.58045912641","8688.05605639825","8628.06405693979","8577.61430715871","8533.54388475026","8498.76161763824","8485.40209724933","8436.68822791378","","",
"United States","USA","Level of water stress: freshwater withdrawal as a proportion of available freshwater resources","ER.H2O.FWST.ZS","","","","","","","","","","","","","","","","","","","","","32.80101394","32.46831432","32.1356147","31.80291508","31.47021546","31.13751584","30.80481622","30.4721166","30.13941698","29.80671736","29.47401774","29.5278834","29.58174905","29.6356147","29.68948035","29.74334601","29.79721166","29.85107731","29.90494297","29.95880862","30.01267427","30.07604563","30.13941698","30.20278834","30.2661597","30.32953105","29.57160963","28.81368821","28.05576679","27.29784537","26.53992395","26.86299113","27.1860583","27.50912548","27.83219265","28.15525982","28.15525982","28.15525982","28.15525982","28.15525982","28.15525982","28.15525982","28.15525982","","",
"United States","USA","Water productivity, total (constant 2015 US$ GDP per cubic meter of total freshwater withdrawal)","ER.GDP.FWTL.M3.KD","","","","","","","","","","","","","","","","","","","","","13.5783713568872","14.0656169552666","13.9550075300478","14.7473550910169","15.9817300998758","16.8259827979767","17.5966258120052","18.4032840791135","19.3836195850676","20.3197354179508","20.9366514590948","20.8758224675519","21.5718207597719","22.1251453707892","22.9748135171804","23.5488318036442","24.3930994243694","25.4319174335586","26.5242018319158","27.7443194811326","28.8237929951859","29.0379022524994","29.4695829684265","30.229874833745","31.3273205565615","32.3508870484542","34.1039528537393","35.7024015807686","36.7085443616458","36.7556970803019","38.8242855555803","38.9574314030997","39.3756606611145","39.7373490548534","40.2673483981898","40.9777864480407","41.7233573891728","42.7487599240624","44.0169040541499","45.1542239724","44.1775249497728","46.8524974697259","48.0296080528934","","",
"United States","USA","Population in urban agglomerations of more than 1 million (% of total population)","EN.URB.MCTY.TL.ZS","38.7326062290019","38.8465695107545","39.0132637853949","39.2241843776752","39.461980624215","39.759195174547","40.1030565730566","40.4818556503885","40.90775064024","41.3501161947335","41.5943355831691","41.4104709117263","41.3158935853947","41.2765805133336","41.2629176915092","41.2278807999148","41.2167372210884","41.1904049691472","41.1513772266774","41.1033511808225","41.1337335240401","41.1891169062083","41.2620329442641","41.3564809745415","41.4773179264285","41.5941796540072","41.7016982255667","41.8277796350639","41.9546738432468","42.0709848107318","42.1499621429115","42.2491811638028","42.3327553271946","42.4483138977912","42.6093191094761","42.7911017808456","42.9915046363319","43.1786332278284","43.3895201809653","43.6145337586009","43.7913755280465","43.8094802291709","43.8598992960954","43.9449775404797","44.0064759347353","44.0731446019382","44.1265774620913","44.1907617493296","44.2629381209096","44.36956533864","44.4957815341026","44.6514971368553","44.81102810567","44.9938284565851","45.1656822159513","45.3428398723378","45.5326333312924","45.7713421754905","46.0661351656627","46.2068650289245","46.4022670160106","46.7228265988509","46.8581588917061","46.8826139383389","46.8464259084743",
"United States","USA","Population living in slums (% of urban population)","EN.POP.SLUM.UR.ZS","","","","","","","","","","","","","","","","","","","","","","","","","","","","","","","","","","","","","","","","","0.2","","0.2","","0.2","","0.2","","0.2","","0.2","","0.2","","0.2","","0.2","","0.15","","0.15","","0.09318","","",
"United States","USA","Population density (people per sq. km of land area)","EN.POP.DNST","","20.0558797068663","20.3667228593639","20.6619528854804","20.9509594975849","21.2145265401312","21.4609518984688","21.6959130731","21.9136233808205","22.1288224863958","22.3881314035655","22.6729890729952","22.9170124118896","23.1367971909474","23.3491575462716","23.5805156917379","23.8056504231922","24.0462890983256","24.3024317171382","24.5721129909946","24.8090394542612","25.0537178893674","25.293701468289","25.526042258073","25.7480106911702","25.9771851825972","26.2183697712404","26.4537676766794","26.6950614480247","26.9483653165862","27.2545136128993","27.6211491261017","28.0068916121481","28.3786587123429","28.7288076375484","29.0729515141457","29.4131648134723","29.7694279699879","30.1184850681737","30.4663411566379","30.7973013298523","31.1036283879362","31.3935499327652","31.6645346171981","31.9589450682826","32.2548765979183","32.5673998463204","32.8786113609374","33.2436868537795","33.5363992251367","33.8213646033526","34.0904277927547","34.3636893244215","34.6246572257533","34.9013776562134","35.1809713558577","35.4584505795077","35.7049975840182","35.9149986553586","36.1004771837305","36.248222996211","36.3052926398919","36.5149212564854","36.8198061311277","",
"United States","USA","Nitrous oxide (N2O) emissions (total) excluding LULUCF (% change from 1990)","EN.GHG.N2O.ZG.AR5","","","","","","","","","","","","","","","","","","","","","","","","","","","","","","","","-1.30385429143951","1.65379663938923","3.41335960326434","5.75598070055636","6.87615444032734","9.30810822913053","9.12138275364105","8.70776567520066","7.97384947777318","7.61199610428864","5.85113456996049","3.7931242933426","5.92994436297285","5.68760424945987","5.03025893047051","6.6394116132499","6.69560836906267","2.07260799964177","-0.0188068824234056","3.06337247702315","2.55527320355091","0.166933470653441","2.06181643139407","1.46353367887249","-0.152828308835873","0.893774698026406","-0.560668987674773","-0.832204547235493","-1.50799852231638","-3.67325280703914","-3.2857862508256","-1.95443808841473","-3.63729583897726","-3.45666021112964",
"United States","USA","Nitrous oxide (N2O) emissions (total) excluding LULUCF (Mt CO2e)","EN.GHG.N2O.MT.CE.AR5","","","","","","","","","","","253.0181","254.1344","258.0048","264.4954","255.8423","259.1198","271.1383","266.182","269.8514","267.8347","255.1457","248.9954","233.599","243.8902","244.3674","235.4556","233.3863","232.5619","230.3701","232.811","223.3225","220.4107","227.0158","230.9453","236.1769","238.6785","244.1096","243.6926","242.7689","241.1299","240.3218","236.3894","231.7934","236.5654","236.0242","234.5562","238.1498","238.2753","227.9511","223.2805","230.1637","229.029","223.6953","227.927","226.5909","222.9812","225.3185","222.0704","221.464","219.9548","215.1193","215.9846","218.9578","215.1996","215.603",
"United States","USA","Nitrous oxide (N2O) emissions from Building (Energy) (Mt CO2e)","EN.GHG.N2O.BU.MT.CE.AR5","","","","","","","","","","","6.2029","6.2279","6.2304","6.1784","6.1004","6.2108","6.5235","6.648","6.9093","7.326","6.5642","6.3229","6.2086","6.2902","6.4685","6.7656","6.7738","6.7262","6.9339","6.7828","6.3059","6.2778","7.1221","6.3532","6.3907","6.5872","6.8706","6.5935","6.3738","5.9935","6.3854","6.2639","5.8604","5.6729","6.6232","6.8462","6.889","6.5693","6.7596","6.1988","7.2151","6.8399","6.3851","7.0324","7.0983","6.5767","6.1859","5.4131","5.7484","5.7216","5.4841","5.6725","5.8397","5.5487","5.5429",
"United States","USA","Carbon dioxide (CO2) emissions from Waste (Mt CO2e)","EN.GHG.CO2.WA.MT.CE.AR5","","","","","","","","","","","0.0018","0.0018","0.0018","0.0019","0.0019","0.0019","0.0019","0.002","0.002","0.002","0.002","0.0021","0.0021","0.0021","0.0022","0.0022","0.0022","0.0023","0.0023","0.0023","0.0024","0.0024","0.0024","0.0024","0.0024","0.0035","0.0028","0.0035","0.0035","0.0036","0.0033","0.0033","0.0033","0.0033","0.0033","0.0033","0.0033","0.0033","0.0033","0.0033","0.0033","0.0033","0.0033","0.0033","0.0033","0.0033","0.0033","0.0033","0.0033","0.0033","0.0034","0.0034","0.0034","0.0034","",
"United States","USA","Carbon dioxide (CO2) emissions from Power Industry (Energy) (Mt CO2e)","EN.GHG.CO2.PI.MT.CE.AR5","","","","","","","","","","","1082.1002","1125.4949","1248.082","1322.307","1304.8866","1303.5577","1408.7494","1511.0956","1487.4005","1521.4517","1560.9474","1583.424","1505.7487","1545.4938","1607.0776","1649.3254","1630.8977","1700.2972","1781.869","1878.2126","1900.5838","1929.9068","2021.3779","2079.3909","2108.5212","2167.4596","2241.4534","2481.2101","2535.6057","2515.8212","2541.6409","2560.4242","2395.6903","2422.6898","2461.6626","2522.8658","2445.5227","2511.0653","2445.4666","2227.4763","2345.9636","2245.8501","2116.7198","2128.4188","2125.5286","1984.66","1893.6643","1822.797","1846.0385","1699.5992","1524.9023","1627.2031","1609.7738","1490.542","1488.4556",
"United States","USA","Carbon dioxide (CO2) net fluxes from LULUCF - Other Land (Mt CO2e)","EN.GHG.CO2.LU.OL.MT.CE.AR5","","","","","","","","","","","","","","","","","","","","","","","","","","","","","","","","","","","","","","","","","-194.7827","-181.3062","-179.4943","-173.2883","-178.4649","-172.195","-179.8032","-161.6908","-189.2044","-167.7576","-158.1767","-206.856","-198.0048","-171.6218","-175.2524","-183.8417","-162.3189","-178.929","-180.0232","-183.6305","-186.1951","-215.748","-211.5003","-211.5003","",
"United States","USA","Carbon dioxide (CO2) emissions from Industrial Processes (Mt CO2e)","EN.GHG.CO2.IP.MT.CE.AR5","","","","","","","","","","","131.3397","129.9669","138.3929","143.9419","135.045","117.2251","140.4731","146.8043","146.941","147.972","134.7146","132.0143","108.0211","120.4652","125.858","125.0942","124.1576","124.1977","129.578","123.9314","140.6023","134.6568","141.4508","145.1814","151.0346","155.1448","155.6772","160.5606","160.8537","159.8382","161.819","139.1031","144.9456","144.7273","155.6902","151.181","153.4034","152.2291","141.6308","120.2466","131.3403","136.8427","138.3958","139.5871","145.2934","146.8135","145.2977","149.1982","150.8904","158.7536","158.0666","157.8205","162.7625","157.4261","155.7201",
"United States","USA","Carbon dioxide (CO2) emissions from Agriculture (Mt CO2e)","EN.GHG.CO2.AG.MT.CE.AR5","","","","","","","","","","","3.2181","3.2181","3.2181","3.2181","3.0165","3.6306","3.8147","3.5208","3.6795","3.7197","4.0575","3.7035","3.376","3.925","3.9085","4.0707","3.9498","4.1384","4.27","4.5317","4.3224","4.4652","4.7725","4.9277","4.899","4.9757","4.9561","5.2805","5.2582","5.2651","5.3927","5.6406","5.7585","6.0074","5.6151","5.4626","5.8554","5.4972","5.0571","5.3275","5.9474","6.1615","6.4695","6.2362","6.2972","6.691","6.7303","6.7666","6.5073","6.7387","6.8019","6.42","6.8973","6.804","6.8367",
"United States","USA","Methane (CH4) emissions from Power Industry (Energy) (Mt CO2e)","EN.GHG.CH4.PI.MT.CE.AR5","","","","","","","","","","","0.3693","0.3984","0.457","0.5092","0.5009","0.4706","0.5087","0.5413","0.5406","0.5343","0.5278","0.519","0.4704","0.4717","0.4843","0.4965","0.4918","0.513","0.5397","1.723","1.9563","1.9869","2.0918","2.0745","2.174","2.1358","2.2331","2.4169","2.4336","1.7027","1.6837","1.7273","1.798","1.7255","1.7697","1.7593","1.6319","1.6982","1.6645","1.6176","1.7025","1.7052","1.8396","1.781","1.8277","1.8961","1.8723","1.8068","1.9312","1.9419","1.9165","1.9071","1.9596","1.9692","1.9966",
"United States","USA","Customs and other import duties (current LCU)","GC.TAX.IMPT.CN","","","","","","","","","","","","","3370000000","3270000000","3450000000","4290000000","6170000000","5380000000","6820000000","7690000000","7430000000","8160000000","8910000000","8720000000","11460000000","12180000000","13420000000","15140000000","16320000000","16450000000","16810000000","16030000000","17480000000","18930000000","20260000000","19440000000","18780000000","18030000000","18410000000","18440000000","20000000000","20636000000","19938000000","21458100000","23282900000","25334900000","26687000000","28793000000","29243100000","23081000000","28603000000","31891000000","33503000000","35468000000","37363100000","38123000000","37534000000","38513000000","53284000000","77751700000","68626600000","89101500000","102332700000","81632700000","82969200000",
"United States","USA","Taxes on exports (% of tax revenue)","GC.TAX.EXPT.ZS","","","","","","","","","","","","","","","","","","","","","","","","","","","","","","","","","","","","","","","","","","","","","","","","","","","","","","","","","","","","","","","","","",
"United States","USA","Social contributions (% of revenue)","GC.REV.SOCL.ZS","","","","","","","","","","","","","23.6009163588761","24.9774534721653","26.1976802824004","28.1075335184995","28.2742879187295","27.8769761116049","28.2617567275608","27.7188817485981","28.2241518282406","27.9951233998656","29.8524885917436","31.3123737219127","32.6859895311282","32.9041632446775","33.9157058330397","32.8185794992416","34.2333544573382","33.907601165735","35.3330754209498","34.5313443131844","36.2093731611921","34.9904258671256","35.0693374422188","34.1453045066143","33.667313712803","32.7420875340006","32.1606642033566","32.4272405196168","31.2574078112703","35.0254590789326","38.9080396899101","39.6969064356154","39.3024455017785","36.4943757453438","35.1757324335438","35.0658229372815","37.2324632283916","41.894472411414","39.3178915615982","34.8045129963088","34.444981706822","34.500561568704","34.320282862554","34.2583286417263","35.1093449727716","34.0830219571401","37.288266677226","37.8304306962255","37.9407878701175","34.6350880319666","32.5649578417644","36.9318715817081","36.467583495451",
"United States","USA","Net lending (+) / net borrowing (-) (% of GDP)","GC.NLD.TOTL.GD.ZS","","","","","","","","","","","","","-1.35172111859027E-09","-1.01025974900658E-09","-1.00954995427904E-10","-2.39894973244766E-09","-3.40448337044921E-09","-2.05396608554221E-09","-1.74349453286891E-09","-6.66074684861036E-10","-1.76949834232023E-09","-1.48891142957012E-09","-3.13925310478622E-09","-5.20522900420964E-09","-4.04669788808388E-09","-4.27773446241616E-09","-4.57089228367962E-09","-2.96876657367387E-09","-2.98141599308538E-09","-2.62160600399179E-09","-3.66652222384702E-09","-4.37032092052635E-09","-4.4235511501187E-09","-3.69654908560238E-09","-2.79104450576323E-09","-1.97872992947805E-09","-1.38087842596705E-09","-2.31068191981285E-10","8.00633957150187E-10","1.28675895283118E-09","2.23364707407558E-09","1.39813817668225E-11","-2.84500673824356E-09","-4.07842677794594E-09","-3.82684952609685E-09","-3.03664584104647E-09","-2.10572233445438E-09","-2.43871470522591E-09","-5.24151691008099E-09","-1.01899715654363E-08","-9.99381589076469E-09","-8.94621553014357E-09","-7.30438555695748E-09","-4.15958116422934E-09","-3.71382130799462E-09","-3.21367479650506E-09","-3.85269820589599E-09","-2.96455420661531E-09","-4.80773313491446E-09","-5.3986389282492E-09","-1.45609175574621E-08","-1.28565955081564E-08","-4.48836352890327E-09","-7.25405214191401E-09","-7.15556829013073E-09",
"United States","USA","Net incurrence of liabilities, total (% of GDP)","GC.LBL.TOTL.GD.ZS","","","","","","","","","","","","","1.61440376511793E-09","1.26282468625822E-09","1.31370923537592E-10","3.15092135813079E-09","4.41920944245046E-09","2.68178032169836E-09","2.636078685184E-09","1.51560536863808E-09","2.68119596529179E-09","2.64418197335176E-09","4.14978337448924E-09","5.93251914261766E-09","4.31145827992926E-09","4.62182462740659E-09","5.0888379434937E-09","3.05959674288368E-09","3.08262983348605E-09","2.47271154534723E-09","3.68429808168308E-09","4.48853864542299E-09","4.74976178341976E-09","3.61489928132134E-09","2.5566620869696E-09","2.25583327410364E-09","1.59058664045954E-09","4.36021714434917E-10","-5.79952050548702E-10","-9.25432304251133E-10","-2.18926093533669E-09","6.40029762495757E-10","2.94739656664112E-09","4.84320784772694E-09","3.92216192569045E-09","3.4759366222683E-09","2.1466630488901E-09","2.57326904189499E-09","9.26331457109709E-09","1.06559219552676E-08","1.12828567461794E-08","7.69363664890072E-09","7.66379616239814E-09","5.18979509502259E-09","4.36393571307067E-09","4.16099218372301E-09","4.73254910055055E-09","3.26306832764889E-09","6.30696043128056E-09","5.54248970395195E-09","2.38290434119308E-08","6.20619601238899E-09","5.22624564131769E-09","9.42787555997465E-09","7.13823251883556E-09",
"United States","USA","Net acquisition of financial assets (% of GDP)","GC.AST.TOTL.GD.ZS","","","","","","","","","","","","","","","","","","","","","","","","","","","","","","-1.48894458644564E-10","1.77758578360677E-11","1.18217724896637E-10","3.2621063330106E-10","-8.1649804281045E-11","-2.34382418793628E-10","2.77103344625589E-10","2.09708214492485E-10","2.04953522453632E-10","2.20681906601485E-10","3.61326648580045E-10","4.43861387388911E-11","4.90099642575836E-10","5.25678527036506E-11","2.94674383889723E-10","2.34260026310177E-11","2.20851753039095E-10","-1.19514285293469E-10","-7.16653128908511E-12","3.59496891032752E-09","5.96483717911746E-10","1.71538381235875E-09","-1.02551594962819E-09","4.61827416325049E-10","2.14472483361455E-09","1.28205857419324E-10","1.24597628019367E-09","1.04766107917361E-09","5.88407966929565E-10","1.58002335000739E-09","3.37884947805549E-10","8.19653124483607E-09","-5.08935663741923E-09","6.40209596984865E-10","8.55147806923541E-10","7.3841022550578E-11",
"United States","USA","Account ownership at a financial institution or with a mobile-money-service provider, young adults (% of population ages 15-24)","FX.OWN.TOTL.YG.ZS","","","","","","","","","","","","","","","","","","","","","","","","","","","","","","","","","","","","","","","","","","","","","","","","","","","","76.1346081661272","","","87.5635175357175","","","86.9444178862733","","","","93.8018128391475","","","87.6628290445134",
"United States","USA","Account ownership at a financial institution or with a mobile-money-service provider, male (% of population ages 15+)","FX.OWN.TOTL.MA.ZS","","","","","","","","","","","","","","","","","","","","","","","","","","","","","","","","","","","","","","","","","","","","","","","","","","","","91.9819404591238","","","92.3612617236252","","","93.5703395175217","","","","93.0887141747744","","","96.9368554605958",
"United States","USA","Domestic credit to private sector (% of GDP)","FS.AST.PRVT.GD.ZS","71.0463222444596","75.2617833341423","75.7337438750664","80.4886625325679","83.3438843821895","86.3454415759185","83.7082223493599","87.2288854279506","88.0631534754449","86.9694356545567","87.6766843401341","91.1170788479504","95.7913033840131","94.8388699689857","92.2866785612489","90.4747067249167","89.8846858637993","90.1764515225629","91.6312437392906","92.9455322882958","94.3548659876566","89.2380076705677","92.610926323638","96.109272798397","96.7960678673929","103.684613019629","110.161710524439","112.619055040487","113.690862126055","117.539952502031","114.791425711226","119.177672922602","118.243163763414","120.994532191545","120.183035270976","130.168599500427","137.665711099743","146.57982022752","157.804636024479","171.614220320616","162.62030549023","170.849422214528","162.404270843241","177.400242504992","184.805546423271","188.633042097764","198.283846111171","206.351352932702","185.125644506216","187.479989975829","181.920745780206","174.474602487695","175.443819509046","184.572858143723","185.399004308009","184.529830375552","187.421407342664","195.43392979223","184.15464675742","196.183464613648","221.379712487617","223.775006515283","190.529017844309","195.550387986558","200.882937069937",
"United States","USA","Risk premium on lending (lending rate minus treasury bill rate, %)","FR.INR.RISK","1.87416666666666","2.12416666666667","1.72166666666667","1.34333333333333","0.9475","0.58666666666667","0.74333333333333","1.30166666666666","0.96583333333333","1.26333333333334","1.47333333333333","1.38333333333333","1.17916666666666","0.995","2.9233333333333","2.0375","1.84083333333333","1.56","1.83333333333334","2.6233333333333","3.6508333333333","4.7925","4.1358333333333","2.1741666666667","2.46916666666667","2.44416666666666","2.36","2.3775","2.64333333333333","2.75916666666663","2.4991666666667","3.05416666666666","2.79166666666667","2.98083333333333","2.86833333333333","3.31583333333334","3.24666666666666","3.37166666666667","3.535","3.33666666666667","3.39416666666666","3.47","3.0625","3.10916666666667","2.96666666666667","3.0375","3.23583333333333","3.64","3.6275","3.09","3.11583333333333","3.1925","3.1625","3.19083333333333","3.215","3.2075","3.19416666666667","3.16583333333334","2.965","3.21083333333333","3.1625","3.20611111111111","","","",
"United States","USA","Deposit interest rate (%)","FR.INR.DPST","","","","","","","","","","","","","","","","","","","","","","","","","","","","","","","","","","","","","","","","","","","","","","","","","","","","","","","","","","","","","","","","","",
"United States","USA","Broad money growth (annual %)","FM.LBL.BMNY.ZG","","8.19460579513792","8.93382779986005","9.3171255659845","9.03167020355338","8.62152107267153","4.71990148792604","10.2775161470392","8.77904954077373","0.958344860230048","11.1850629294424","13.955250883956","13.5903930152841","10.1759792214653","7.85072700610933","10.1784316722007","10.2083088148758","12.0348645630564","11.271007866993","9.792314098081","10.6793254282949","12.0644346884282","10.032206871638","8.27125759017351","12.5333214655863","8.29309883710408","9.37545261766202","4.06452029119357","6.79098045293505","5.31736340332442","2.67796315144365","1.50050822184513","-0.153170227029685","0.596428630339938","0.404668958759194","6.86921920992869","7.86548945474707","8.0034975144461","9.6018980689528","9.508532583145","8.11046448534502","7.9327961660052","4.4521933056666","4.40369366436937","5.74204572685685","8.07350612101042","9.00282393246698","11.7134893815654","8.17510450082245","5.51260115427482","-2.75233991566367","6.68335521506313","4.9016933844745","4.50111351356626","5.17839955418545","3.14303976348123","3.84943175924811","4.80195396372877","4.03042002361151","8.39189902015057","17.1995063481486","16.8566833650737","-0.842802579864598","1.77639499168722","5.38685537004172",
"United States","USA","Claims on private sector (annual growth as % of broad money)","FM.AST.PRVT.ZG.M3","","5.48677503302793","7.62607904853912","8.69659069925905","8.01556864573718","9.03806500180015","5.66484601462012","5.41700316322753","7.31509184525466","6.81139651618536","4.24888570695439","8.30647987486431","12.2810088034023","12.7454519441357","8.11114263224559","2.37597076925214","7.99979824812119","11.5653050763683","11.7802007768273","9.53159771235291","4.79457284202982","5.15651725997489","1.81887049494701","6.52618124946404","10.7330571567795","7.63285762451244","6.46864141044638","4.61033845819525","6.57332256599751","4.1702354751616","-0.541003145254679","-2.84776112796289","-1.08513555205538","1.55247547387059","4.57420035616965","5.9988761307985","5.02983242572995","5.18940313782597","5.30003829910586","4.61420439058408","7.14713969564035","4.08233196572804","2.52718503917339","5.0158961047575","7.50077978810392","7.88587046006489","7.3108976888049","6.78343768794847","1.74361906904278","-7.96609419556184","0.477195717818862","0.244007446174348","1.56342943040147","1.22206297688385","2.96583385090543","3.64697539020718","2.96276322268105","2.54555422776737","2.76534095423277","2.99004183193052","1.1870064312353","1.76120902390796","5.16948755415184","1.18896553698638","-0.556010966987896",
"United States","USA","Claims on other sectors of the domestic economy (annual growth as % of broad money)","FM.AST.DOMO.ZG.M3","","","","","","","","","","","","","","","","","","","","","","","","","","","","","","","","","","","","","","","","","","","5.04995363044825","7.49381949733702","8.65552053089488","11.4721572812349","11.016404864953","11.030401230699","10.1188301654814","-4.62387968319902","-2.48066892662768","-0.815525880591536","3.74006945054908","4.9075077743386","5.11323383040244","4.35232602873297","3.27343939975971","4.76608982999816","3.11637634849853","4.61381883806475","8.18413406113403","6.03718778127237","3.19785604701368","1.99045427070447","0.596838843108153",
"United States","USA","Total reserves (% of total external debt)","FI.RES.TOTL.DT.ZS","","","","","","","","","","","","","","","","","","","","","","","","","","","","","","","","","","","","","","","","","","","","","","","","","","","","","","","","","","","","","","","","","",
"United States","USA","Depositors with commercial banks (per 1,000 adults)","FB.CBK.DPTR.P3","","","","","","","","","","","","","","","","","","","","","","","","","","","","","","","","","","","","","","","","","","","","","","","","","","","","","","","","","","","","","","","","","",
"United States","USA","Automated teller machines (ATMs) (per 100,000 adults)","FB.ATM.TOTL.P5","","","","","","","","","","","","","","","","","","","","","","","","","","","","","","","","","","","","","","","","","","","","","165.188557584427","168.792267837627","166.34923232335","172.916358936492","167.232496470317","173.193263894113","","","","","","","","","","","","","","","",
"United States","USA","Terrestrial protected areas (% of total land area)","ER.LND.PTLD.ZS","","","","","","","","","","","","","","","","","","","","","","","","","","","","","","","","","","","","","","","","","","","","","","","","","","","","","","13.6","13.1","13.1","13","13.5","13","13","11.8","13","13","12.9","12.9",
"United States","USA","Annual freshwater withdrawals, total (billion cubic meters)","ER.H2O.FWTL.K3","","","","","","","","","","","","","","","","","","","","","517.6","512.35","507.1","501.85","496.6","491.35","486.1","480.85","475.6","470.35","465.1","465.95","466.8","467.65","468.5","469.35","470.2","471.05","471.9","472.75","473.6","474.6","475.6","476.6","477.6","478.6","466.64","454.68","442.72","430.76","418.8","423.898","428.996","434.094","439.192","444.29","444.29","444.29","444.29","444.29","444.29","444.29","444.29","","",
"United States","USA","Annual freshwater withdrawals, agriculture (% of total freshwater withdrawal)","ER.H2O.FWAG.ZS","","","","","","","","","","","","","","","","","","","","","23.98194813","25.14272893","26.28516282","27.40968137","28.51670271","29.60663207","30.67986226","31.73677414","32.77773708","33.80310938","34.81323869","34.84523504","34.87723139","34.90922775","34.9412241","34.97322045","35.0052168","35.03721316","35.06920951","35.10120586","35.13320222","34.92949093","34.72623609","34.52343616","34.32108962","34.11919494","34.46359698","34.82791048","35.21391358","35.62360268","36.05922692","36.72930677","37.42298591","38.14153339","38.8863109","39.65878143","39.65878143","39.65878143","39.65878143","39.65878143","39.65878143","39.65878143","39.65878143","","",
"United States","USA","Aquaculture production (metric tons)","ER.FSH.AQUA.MT","104421","102547","109961","122697","123884","132578","114236","127299","131115","116768","168681","165590","173630","170320","167039","218459","183907","174310","158795","138990","168365","230111","261725","268483","326453","323573","372191","383259","357657","369252","315727","363083","413844","416913","391412","413454","393346","438356","445119","479212","456830","480362","498899","545971","607570","513920","519967","526045","501326","481224","496799","397392","420486","429111","421289","426111","444793","439801","471429.851","496152.848","448619.606","461788.113","479039.932","456367.511","",
"United States","USA","Population in largest city","EN.URB.LCTY","14163521","14360388","14560269","14762931","14968700","15176758","15388002","15602185","15819651","16039538","16191180","16128515","16066007","16003912","15941972","15880271","15818725","15757586","15696599","15635849","15601401","15646170","15691130","15736220","15781501","15826788","15872267","15917876","15963680","16009490","16085599","16253492","16423372","16594553","16767758","16942770","17119854","17298295","17478845","17661279","17813371","17867738","17922346","17977121","18032139","18087174","18142453","18197900","18253594","18309304","18365262","18421391","18477769","18534163","18590808","18647626","18704696","18761941","18819361","18804722","18803552","18822570","18866532","18937269","19034018",
"United States","USA","Rural population living in areas where elevation is below 5 meters (% of total population)","EN.POP.EL5M.RU.ZS","","","","","","","","","","","","","","","","","","","","","","","","","","","","","","","0.621041761229423","","","","","","","","","","0.560563084625087","","","","","","","","","","","","","","","0.503530148053764","","","","","","","","","",
"United States","USA","Total greenhouse gas emissions excluding LULUCF (% change from 1990)","EN.GHG.TOT.ZG.AR5","","","","","","","","","","","","","","","","","","","","","","","","","","","","","","","","-0.883317502708403","0.680771835263139","2.63870309900871","4.41678377092967","5.50760485312345","8.23235394730313","12.7748389663896","13.4934048267896","13.5746264292907","16.1429422987998","15.1450587416861","12.4844166405996","13.5500797778238","15.1451536530457","15.190844625037","13.2712157252358","14.6848029941799","11.6693355794616","4.36551233272577","8.65237532166303","5.31734457641502","1.53413756500724","3.73709778596731","4.37799237218315","2.37563454879663","0.344439758754622","-0.525744585648769","2.47929544884748","0.513428630236845","-8.24298884558268","-3.47182214447713","-2.28575992589836","-5.23363919189251","-4.88566358282501",
"United States","USA","Nitrous oxide (N2O) emissions from Power Industry (Energy) (Mt CO2e)","EN.GHG.N2O.PI.MT.CE.AR5","","","","","","","","","","","4.0272","4.1495","4.6336","5.109","5.1208","5.2958","5.8431","6.1988","6.0622","6.3492","6.6258","6.8322","6.7375","7.0841","7.3812","7.7876","7.716","8.7742","9.6696","12.3654","14.9183","17.1607","18.34","19.4095","20.2297","20.2821","20.9719","21.8941","21.7762","20.4373","21.8573","20.6865","17.1586","15.9645","15.2884","14.9241","14.2924","13.7456","14.6519","13.33","14.15","13.4099","11.8815","12.2803","12.5569","10.8504","10.3464","9.8285","9.2673","7.9082","6.7434","7.599","7.1065","5.7858","5.584",
"United States","USA","Nitrous oxide (N2O) emissions from Fugitive Emissions (Energy) (Mt CO2e)","EN.GHG.N2O.FE.MT.CE.AR5","","","","","","","","","","","0.2742","0.2518","0.2589","0.3349","0.3141","0.2894","0.2709","0.2829","0.281","0.2708","0.2407","0.2435","0.2397","0.2367","0.2426","0.2363","0.2393","0.2437","0.2489","0.2429","0.2491","0.2451","0.2468","0.2541","0.2511","0.2514","0.2529","0.2544","0.2541","0.2413","0.2417","0.2374","0.247","0.2469","0.2437","0.2368","0.2411","0.2406","0.2392","0.2369","0.2478","0.2785","0.3049","0.3069","0.323","0.3264","0.2967","0.2978","0.339","0.3659","0.301","0.2889","0.2812","0.3013","0.3089",
"United States","USA","Carbon dioxide (CO2) emissions (total) excluding LULUCF (% change from 1990)","EN.GHG.CO2.ZG.AR5","","","","","","","","","","","","","","","","","","","","","","","","","","","","","","","","-0.894392947015421","0.669880713027005","3.04946599184843","4.70125262969847","5.77616354205692","8.88655331883632","14.3653858351538","15.2755484951582","15.6165627696279","18.9653463015127","17.9393417658792","14.9113582205584","16.2396460216129","17.9866509048462","18.1507610647291","16.18114417886","17.8404574986571","14.1596471645609","5.80928013999189","10.7933060568199","6.50182517522411","2.08899636221076","4.83796895808548","5.22048532871906","2.99743737649123","0.909949962514078","-0.484504817267062","2.7042820439354","-0.314862516054393","-10.3685451553862","-4.59958724246071","-3.36778785199152","-7.33076347944761","-7.05190101692877",
"United States","USA","Carbon intensity of GDP (kg CO2e per constant 2015 US$ of GDP)","EN.GHG.CO2.RT.GDP.KD","","","","","","","","","","","0.892450935862672","0.838591510393526","0.841537571033616","0.828032509234148","0.803772985606188","0.769300908619806","0.77853189705661","0.769492078513821","0.727646547288146","0.71054479305728","0.680147988878604","0.653436784105568","0.630927944762262","0.601115180783832","0.586481669086069","0.566178845708501","0.542844096445966","0.542499153758992","0.544665135687792","0.531404912837614","0.511787809298887","0.507760385137503","0.498224870721027","0.496343311196358","0.484767824783606","0.476941508407748","0.473116549456209","0.475764448236579","0.45897432903256","0.43929669823676","0.434311319811155","0.426490366975372","0.408592717228362","0.402075296936323","0.392996609993057","0.38029545530716","0.363824939757109","0.36177173906039","0.350073964014268","0.333048304734052","0.339583731190289","0.321402216887439","0.301190547159063","0.302886156310728","0.296507953428833","0.281938825239307","0.27128869983103","0.261122411946813","0.261725488597865","0.247633268892956","0.227581012960174","0.228399142517971","0.225678320118737","0.210349097278904","0.205249464599432",
"United States","USA","Carbon dioxide (CO2) net fluxes from LULUCF - Organic Soil (Mt CO2e)","EN.GHG.CO2.LU.OS.MT.CE.AR5","","","","","","","","","","","","","","","","","","","","","","","","","","","","","","","","","","","","","","","","","45.4531","49.2805","49.4","49.2021","49.6445","49.6966","49.5235","49.4205","49.5163","49.3936","49.6416","50.1094","50.553","50.7123","50.9983","51.1308","51.3128","51.5745","51.6984","51.4137","51.6737","52.7441","52.9208","52.9208","",
"United States","USA","Carbon dioxide (CO2) net fluxes from LULUCF - Deforestation (Mt CO2e)","EN.GHG.CO2.LU.DF.MT.CE.AR5","","","","","","","","","","","","","","","","","","","","","","","","","","","","","","","","","","","","","","","","","120.7466","120.9679","121.1818","121.4209","121.6227","121.8316","122.0062","122.2349","122.472","122.6976","122.9505","123.1724","123.395","123.6611","123.9408","124.1351","124.3097","124.4653","124.6202","124.7276","124.723","124.7084","124.6977","124.6977","",
"United States","USA","Carbon dioxide (CO2) emissions from Building (Energy) (Mt CO2e)","EN.GHG.CO2.BU.MT.CE.AR5","","","","","","","","","","","883.6566","895.5282","908.508","874.0004","839.757","827.8793","879.4641","842.401","839.5205","799.1705","700.5894","657.2524","649.1505","636.7544","660.5054","643.8733","626.3085","634.6625","671.5472","671.1065","611.7944","619.2352","612.4291","630.5732","621.6175","625.851","663.3183","647.471","592.1384","608.6302","643.4598","629.2829","633.204","650.8294","646.3065","626.8967","577.6055","604.7967","609.8168","601.4272","596.3941","576.0342","511.9483","583.766","598.3753","565.626","547.7544","545.7853","599.6311","592.5033","548.6177","563.2469","591.7379","551.2777","557.8452",
"United States","USA","Methane (CH4) emissions from Transport (Energy) (Mt CO2e)","EN.GHG.CH4.TR.MT.CE.AR5","","","","","","","","","","","9.6084","10.0577","10.7157","11.2128","11.0214","11.2284","11.8454","12.1949","12.6448","12.0777","11.4776","11.5043","11.5399","11.7062","11.7192","11.6915","12.019","12.454","12.8392","12.8768","12.687","12.578","12.9179","13.161","13.4484","13.4921","13.3005","12.9818","12.7909","12.4578","11.8799","11.3076","10.9835","10.5388","10.0371","9.3454","8.5871","7.8884","6.8587","6.1424","5.884","5.2604","4.8153","4.6504","4.3849","4.3124","4.0501","3.8385","3.7336","3.7215","3.2385","3.5505","3.5976","3.5855","3.5925",
"United States","USA","Methane (CH4) emissions from Industrial Combustion (Energy) (Mt CO2e)","EN.GHG.CH4.IC.MT.CE.AR5","","","","","","","","","","","2.411","1.8765","1.9512","1.9661","1.8872","1.6967","1.8239","1.9977","2.0725","2.123","2.0686","2.0768","1.9825","2.0593","2.3518","2.2753","2.348","2.5224","2.5569","1.1366","1.0525","1.042","1.0319","0.9117","0.9064","0.9483","0.9233","1.0218","1.0743","1.7478","1.8254","1.6325","1.4596","1.5422","1.6355","1.6466","1.823","1.7295","1.6362","1.4471","1.563","1.5158","1.493","1.5036","1.5096","1.4798","1.4735","1.4772","1.6333","1.6025","1.5184","1.5514","1.5085","1.5418","1.5402",
"United States","USA","Total greenhouse gas emissions excluding LULUCF per capita (t CO2e/capita)","EN.GHG.ALL.PC.CE.AR5","","","","","","","","","","","28.2280172834208","27.261401033415","28.2543797880855","28.9207669329759","27.8179234430967","26.5318650942479","27.7200931043181","28.1502544962518","27.827469955298","27.8143378285308","26.5253990538013","25.9270536811554","24.5230730713447","24.1721196619217","24.9430094349624","24.7676417679595","24.3462343784486","24.7941181811803","25.5139902412689","25.5086229180087","24.9028595121443","24.3552543471644","24.3988456770391","24.5474817154575","24.6683649658339","24.6310142032012","24.974856529841","25.7116164264992","25.5755602601376","25.3016399082569","25.5874780570967","25.117798533528","24.3108002017056","24.3310950755697","24.4455914865311","24.2309197663716","23.5984673123705","23.6668101920795","22.8275838265071","21.1483152336474","21.8314858983273","20.9943603000263","20.0792504657526","20.360282889312","20.3236433931275","19.7753408237147","19.2313049713007","18.9328888755654","19.3907886716696","18.9210982930196","17.2023482156763","18.0683861379484","18.185392846738","17.4907286676653","17.3843771845442",
"United States","USA","Droughts, floods, extreme temperatures (% of population, average 1990-2009)","EN.CLC.MDAT.ZS","","","","","","","","","","","","","","","","","","","","","","","","","","","","","","","","","","","","","","","","","","","","","","","","","","0.214155722534503","","","","","","","","","","","","","","","",
"United States","USA","PM2.5 pollution, population exposed to levels exceeding WHO Interim Target-3 value (% of total)","EN.ATM.PM25.MC.T3.ZS","","","","","","","","","","","","","","","","","","","","","","","","","","","","","","","0.435606724963844","","","","","0.408256632453408","","","","","0.470045399820984","","","","","0.485666603887358","","","","","0.479929998459305","0.510906048928106","0.460403731128578","0.437632637498242","0.345386942653791","0.356753675064103","0.276866386180175","0.277272840949727","","","","","","","",
"United States","USA","Energy use (kg of oil equivalent per capita)","EG.USE.PCAP.KG.OE","","","","","","","","","","","","","","","","","","","","","","","","","","","","","","","7669.4512686363","7629.84715395512","7675.63655553518","7708.10161116809","7755.08252133275","7760.89035266192","7841.59288605808","7825.23663798017","7800.439490719","7920.05392329598","8055.14548852416","7824.24393877407","7840.46095949898","7791.30391526846","7878.53717143427","7843.3910574627","7694.40657948116","7756.0141894981","7484.83268900712","7053.35846690965","7162.55933024159","7009.64607964907","6820.46062064875","6888.38143742637","6915.64165280321","6789.64733291075","6663.4963294418","6590.83509745633","6738.27272433986","6700.93033990565","6141.53125755889","6445.83409243358","6511.68841394546","6363.50015820072","",
"United States","USA","Fossil fuel energy consumption (% of total)","EG.USE.COMM.FO.ZS","","","","","","","","","","","","","","","","","","","","","","","","","","","","","","","86.4640059170175","85.7129402243362","85.5944983973321","86.1335500402473","85.9425752141605","85.5008850029072","85.5414164192441","86.4934454008247","86.1225512682958","85.818935983693","85.8991510408803","86.3861771834025","86.2808086234009","86.3108491734385","86.1575607388529","86.0526277747696","85.6625948343997","85.63845777016","85.005107144923","84.1951199163177","84.1233868138427","83.8876736758574","83.9446029612371","82.9728876992826","83.4019897520666","82.3258162759788","0","0","0","0","0","0","0","0","",
"United States","USA","Human capital index (HCI), lower bound (scale 0-1)","HD.HCI.OVRL.LB","","","","","","","","","","","","","","","","","","","","","","","","","","","","","","","","","","","","","","","","","","","","","","","","","","","0.682328701019287","","","","","","","0.751","0.705101609230042","","0.692523181438446","","","","",
"United States","USA","Government Effectiveness: Standard Error","GE.STD.ERR","","","","","","","","","","","","","","","","","","","","","","","","","","","","","","","","","","","","","0.168259218335152","","0.205459833145142","","0.203009098768234","","0.189597606658936","0.197447702288628","0.20749731361866","0.192003473639488","0.196995958685875","0.219155386090279","0.22883528470993","0.21885871887207","0.227385252714157","0.222375243902206","0.219052508473396","0.216085970401764","0.228590488433838","0.227915719151497","0.219010904431343","0.221641167998314","0.221191376447678","0.228575721383095","0.253193914890289","0.246709287166595","0.265472203493118","0.277958631515503","",
"United States","USA","Government Effectiveness: Number of Sources","GE.NO.SRC","","","","","","","","","","","","","","","","","","","","","","","","","","","","","","","","","","","","","5","","5","","5","","5","5","5","5","7","7","7","7","7","7","7","7","7","7","7","7","7","7","6","6","6","6","",
"United States","USA","Expense (% of GDP)","GC.XPN.TOTL.GD.ZS","","","","","","","","","","","","","17.7983128894309","17.8963305120894","17.8826242862773","19.4705455028892","19.73244539909","19.602983150369","19.123583570158","18.921088419321","20.5441697374486","21.004720550813","22.4631398691724","22.8027334882024","21.470358848161","22.1748019522565","22.2306120296592","21.3743366668623","21.0303263401572","20.8631269963379","21.5589293164814","22.8843858256298","21.8183842620163","21.4174726790278","20.7314542852736","20.5330044220039","20.0053956821165","19.3896757908978","18.7213288646304","18.1044378542979","17.9265371411288","19.5097628135138","20.0840096450444","20.6606326076555","20.4485355966129","20.7451029772761","20.5951351231726","20.8646452748144","22.7876261253222","25.5765201833291","26.054604717757","25.3457058278502","23.9119007034258","22.9323968457359","22.6840940666098","22.4829063870174","22.5475774689178","22.2938931566746","22.3027770799805","22.6817722119359","32.2719048246125","31.7949992963696","25.0456420310833","24.8982825568771","",
"United States","USA","Interest payments (% of expense)","GC.XPN.INTP.ZS","","","","","","","","","","","","","6.50970745849073","6.1468501313262","8.32338146419137","7.48338718527099","7.76368112099981","8.19407008086253","7.62269017811479","9.46853878339234","10.4461593499259","11.6488279916275","12.8954095217808","12.9099992759395","14.2555572217928","15.8175355450237","15.1952695269527","15.0553590872737","15.2764156768733","15.3609570012149","15.2723652175266","15.5366329607947","15.2225104208403","14.363516300981","14.1863312924044","14.9279325798288","15.6229489926071","15.2985882296352","14.92326189971","13.8248636496585","12.8621492784223","12.5250870739557","10.372518210786","8.98132611038214","8.83871670947485","9.51690747854534","9.86093114816415","10.3881624217992","8.71361678105595","6.83788042145024","7.15792164762595","8.21153762302025","8.17272283724602","7.63641114151764","7.85257698357646","7.48353395911593","8.20032602229035","8.49884136280661","9.6709206056109","9.82845065710065","6.06749005681651","6.84847789022078","10.8355382124539","12.9081122139776","",
"United States","USA","Goods and services expense (current LCU)","GC.XPN.GSRV.CN","","","","","","","","","","","","","52410000000","55050000000","55500000000","64040000000","61560000000","71030000000","80460000000","87310000000","107950000000","125750000000","143900000000","168120000000","178050000000","198650000000","213640000000","213350000000","224080000000","237190000000","229420000000","249360000000","246510000000","233090000000","229560000000","219300000000","211290000000","218150000000","217850000000","222860000000","235290000000","150568700000","177687000000","212893100000","241863700000","259153600000","275384000000","282586600000","328851800000","351398300000","383081200000","371961700000","357336800000","318407000000","305086700000","298484500000","297305800000","301938700000","327683700000","358856600000","383165900000","422633300000","433875000000","423312700000","444062600000",
"United States","USA","Taxes on income, profits and capital gains (% of revenue)","GC.TAX.YPKG.RV.ZS","","","","","","","","","","","","","59.3576137266819","57.1738952201361","56.7826525466465","55.9201728217262","55.6387835144345","57.0116614149902","57.8606236646902","58.0389668863329","56.5582179233531","54.2021600837775","52.6705174269644","49.9112226780138","49.4946541931173","50.0473813885906","50.0941596705019","52.3971774636741","51.4923589972677","52.4886531938273","51.634980288125","48.8169354143313","49.9238517185283","50.691195837474","51.3871246570709","52.0937007764257","54.1512257929583","55.2566635242973","56.6080888572319","55.8588111796352","57.4623327612528","55.2814222914062","50.8492047668683","50.1184235531497","50.7851900636162","54.2419258903276","55.754391529102","56.007466715588","53.3187423925388","45.491292732086","47.6566685979309","52.7836758978422","53.5347512726747","51.173767388137","53.0964071648623","54.1975246094674","54.0189751831998","49.5826711124072","51.6423511781061","52.0165697856522","52.7127253045038","55.9010675976057","58.6899837151664","56.2176869158304","56.7218191233984",
"United States","USA","Other taxes (% of revenue)","GC.TAX.OTHR.RV.ZS","","","","","","","","","","","","","2.54803871148721","2.02098876772977","1.82263525682588","1.58419915646538","1.68134764997107","1.97678489671703","1.27229517248002","1.10924644918341","1.17425075108082","1.06284874724519","1.21283788905565","0.927569950407151","0.839458737053124","0.813696380061912","0.848044516262286","0.825437998725023","0.790591853060037","0.837991495867374","1.06112523488449","0.965767008709149","0.970025267384307","1.01639317772338","1.14472546882634","1.0287291431439","1.12350738220819","1.19189869161348","1.33998130258648","1.45807636793072","1.3753638716896","1.35358501720711","1.33137400038423","1.14294071322704","1.19586517772748","1.06862099995711","1.08100432693023","0.979869459074376","1.079840163941","0.908299755929971","0.610642347234832","0.371625878632784","0.516844203789092","0.659561194619786","0.565745578797495","0.58088754818589","0.574954284811609","6.80300157813121","0.627411323254176","0.435096304947784","0.504537519567915","0.613717674157709","0.633366605497819","0.715580891271562","0.607743386985232",
"United States","USA","Customs and other import duties (% of tax revenue)","GC.TAX.IMPT.ZS","","","","","","","","","","","","","2.22898339837291","1.99572779981691","1.88607041329543","2.27622433278506","3.0640115210806","2.22424342649248","2.51261835464024","2.43832836578096","2.1422598967794","2.02732919254658","2.22449692914565","2.31877891825772","2.79369103629848","2.70324255942473","2.88335517693316","2.8480595948005","2.94133549608002","2.70425776754891","2.69365125148223","2.52226453095006","2.68509984639017","2.67838193471709","2.61703007130309","2.31726505507081","2.04523921021966","1.77710754309708","1.64753049408017","1.56167956774336","1.50417785398946","1.6445990787663","1.84870237560759","1.99454379833433","1.99816943104321","1.81897458968266","1.70784929764242","1.76197980121137","1.92670368040455","2.01708240971479","2.21956350886429","2.14314424010581","2.11105791581502","2.0086563415418","1.94676264757969","1.86338485180487","1.83883642718599","1.70701999952131","2.59782960999208","3.65171712196126","3.16518188313808","3.30202050234856","3.12315261073471","2.76615762307393","2.6498188048758",
"United States","USA","Taxes on goods and services (current LCU)","GC.TAX.GSRV.CN","","","","","","","","","","","","","15280000000","16050000000","16630000000","16410000000","16830000000","17370000000","18150000000","18540000000","24080000000","40680000000","36140000000","35180000000","37050000000","35670000000","32490000000","32010000000","35020000000","33580000000","34880000000","41860000000","45050000000","47530000000","54630000000","56920000000","53450000000","56060000000","56430000000","68920000000","67130000000","64647200000","66886000000","68749300000","71980500000","74076400000","72560600000","65832100000","64744500000","68302900000","68176900000","76732000000","81661400000","90009400000","99324400000","103741400000","99735400000","92921400000","110170400000","97164400000","86722400000","91477400000","99277400000","92606400000","95382400000",
"United States","USA","Revenue, excluding grants (current LCU)","GC.REV.XGRT.CN","","","","","","","","","","","","","213890000000","243940000000","277620000000","291630000000","311050000000","371310000000","416570000000","488620000000","545880000000","639790000000","659610000000","653320000000","718320000000","791450000000","823070000000","909820000000","962570000000","1046550000000","1085640000000","1116550000000","1150730000000","1237670000000","1330450000000","1434780000000","1530030000000","1665410000000","1797040000000","1905250000000","2109250000000","2064419500000","1899940400000","1922097800000","2057795400000","2337744200000","2573665300000","2700425300000","2616207800000","2268227800000","2468549400000","2594147300000","2722172600000","3163560200000","3320691500000","3475204500000","3486585300000","3767392100000","3610626500000","3724559700000","3781533600000","4454038100000","5182595200000","4876681400000","5149616000000",
"United States","USA","Grants and other revenue (current LCU)","GC.REV.GOTR.CN","","","","","","","","","","","","","12220000000","19160000000","21970000000","21190000000","21740000000","25920000000","27410000000","37800000000","44980000000","58180000000","62160000000","72690000000","73320000000","80460000000","78490000000","79640000000","78200000000","83390000000","77990000000","123700000000","86190000000","97860000000","89710000000","105950000000","96680000000","105550000000","101670000000","106650000000","120330000000","86925100000","82531500000","83643500000","84151700000","92225200000","106444800000","120057600000","125056000000","174245400000","209787100000","203829600000","198081200000","306990600000","262513500000","239206300000","221819800000","227723700000","213641400000","187157700000","179078100000","213707000000","218852400000","124985100000","141128200000",
"United States","USA","Net investment in nonfinancial assets (current LCU)","GC.NFN.TOTL.CN","","","","","","","","","","","","","3520000000","3250000000","2850000000","3990000000","5170000000","5970000000","7860000000","9000000000","9430000000","13910000000","13460000000","13820000000","14820000000","14900000000","14320000000","16190000000","17450000000","17440000000","18690000000","19580000000","21440000000","22310000000","23090000000","17280000000","26450000000","22070000000","27800000000","37650000000","42650000000","156963500000","176791900000","188841500000","201491400000","212921400000","214218300000","239581400000","243620300000","266917000000","287747100000","282997600000","276275300000","259319700000","253998700000","230218800000","255880700000","272897900000","298017100000","317386500000","349833800000","354381000000","261940600000","422994500000","446311300000",
"United States","USA","Central government debt, total (current LCU)","GC.DOD.TOTL.CN","","","","","","","","","","","","","","","","","","","","","","","","","","","","","","2207460000000","2440950000000","2713370000000","3002620000000","3308990000000","3450760000000","3606690000000","3773520000000","3784200000000","3727460000000","3633580000000","3410250000000","5569153000000","5906881000000","6464788000000","6943313000000","7392310000000","7684317000000","8078679000000","9448564000000","11007990000000","12814920000000","13998372000000","15251590000000","16122047000000","16839722000000","17589029000000","18450802000000","19064428000000","20373386000000","21590464000000","26627366000000","28077611000000","29381884000000","31925028000000","33957987000000",
"United States","USA","Account ownership at a financial institution or with a mobile-money-service provider (% of population ages 15+)","FX.OWN.TOTL.ZS","","","","","","","","","","","","","","","","","","","","","","","","","","","","","","","","","","","","","","","","","","","","","","","","","","","","87.9578658638029","","","93.5838007921263","","","93.1221843138765","","","","94.9532296473716","","","97.0230983290589",
"United States","USA","Account ownership at a financial institution or with a mobile-money-service provider, older adults (% of population ages 25+)","FX.OWN.TOTL.OL.ZS","","","","","","","","","","","","","","","","","","","","","","","","","","","","","","","","","","","","","","","","","","","","","","","","","","","","90.2882068717113","","","94.8046267058246","","","94.2130469046015","","","","95.157024284965","","","98.7844248115205",
"United States","USA","Account ownership at a financial institution or with a mobile-money-service provider, poorest 40% (% of population ages 15+)","FX.OWN.TOTL.40.ZS","","","","","","","","","","","","","","","","","","","","","","","","","","","","","","","","","","","","","","","","","","","","","","","","","","","","78.5778086487061","","","87.69114876944","","","85.2185675346076","","","","91.2456385601511","","","95.5767682441686",
"United States","USA","Claims on central government, etc. (% GDP)","FS.AST.CGOV.GD.ZS","23.8551149028523","24.5720047944716","23.4191135916207","22.4500557465134","21.6448387551049","20.2550229393201","18.7008454933529","18.8587973170664","18.1158765189183","16.0152237667107","16.2725716782679","15.5399407649054","14.545738834033","13.1389191343196","12.5259910577171","14.5050994003219","15.5964624973044","14.6847527122824","13.2162838987429","12.4340538485224","13.2498887938888","13.9961416146535","16.8524987671172","18.5841755094471","19.2826801379924","20.7374822510088","22.9806287886513","23.4226908592101","21.9688078040836","21.8779668107161","22.5714824260491","25.3786174339641","27.3788569192925","27.8885987566776","27.0753273257515","27.078900105226","24.9331299588932","24.3891777136169","23.1637108149949","21.024009089573","20.1595208619221","19.7665319495364","21.2436224729141","20.6928588359628","19.5501672610167","18.8216095807267","18.6241676532146","18.8447804997763","18.0710824815592","22.191355020979","24.0658222426961","32.777127869258","33.2162263937067","34.2165358008441","35.6860251388784","35.3900863018909","38.181439242684","39.4547405769762","39.0298825024751","41.2867704374277","52.2360706944079","61.6005897582504","52.1209744633298","50.6498904579115","52.8872251617024",
"United States","USA","Lending interest rate (%)","FR.INR.LEND","4.82083333333333","4.5","4.5","4.5","4.5","4.535","5.625","5.63333333333333","6.3125","7.95166666666667","7.91","5.72333333333333","5.24833333333333","8.02166666666667","10.7983333333333","7.8625","6.84","6.82416666666667","9.05666666666667","12.6658333333333","15.2658333333333","18.87","14.8608333333333","10.7941666666667","12.0425","9.93333333333333","8.3325","8.20333333333333","9.315","10.8733333333333","10.0091666666667","8.46333333333333","6.25166666666667","6","7.13833333333333","8.82916666666667","8.27083333333333","8.44166666666667","8.35416666666667","7.99416666666667","9.23333333333333","6.92166666666667","4.675","4.1225","4.34","6.18916666666667","7.9575","8.05","5.0875","3.25","3.25","3.25","3.25","3.25","3.25","3.26","3.51166666666667","4.09666666666667","4.90416666666667","5.2825","3.54416666666667","3.25","","","",
"United States","USA","Consumer price index (2010 = 100)","FP.CPI.TOTL","13.5630607803977","13.7082837473334","13.8726149993924","14.0445895655005","14.2242074456579","14.4496852101109","14.8853541109182","15.2980930695779","15.9515964207889","16.8229342224036","17.8051000777325","18.5694314826577","19.1770749495732","20.3617886272073","22.612744614712","24.6802610650347","26.0980958211709","27.7949115401048","29.9159311887723","33.2828110274678","37.7923663165264","41.6980997956942","44.254788345169","45.6764447583299","47.6407764689877","49.3299488738723","50.2662548449057","52.1082935307754","54.2331348364675","56.8509698983363","59.919760489111","62.4573407534626","64.3490609806525","66.2484245218916","67.9758134970225","69.8828203523109","71.9312285175105","73.6127576083459","74.755433058709","76.391102265249","78.9707207568715","81.2025684592531","82.490466876552","84.3630788186188","86.6216781201727","89.5605323721102","92.4497050827274","95.0869923788515","98.7374773853445","98.3864199710624","100","103.156841568622","105.291504532867","106.833848874866","108.566932118964","108.695721960694","110.06700893427","112.411557302308","115.157303224791","117.244195476228","118.690501577198","124.266413825838","134.21120616846","139.73579356326","143.857336014608",
"United States","USA","Broad money (current LCU)","FM.LBL.BMNY.CN","326239000000","352973000000","384507000000","420332000000","458295000000","497807000000","521303000000","574880000000","625349000000","631342000000","701958000000","799918000000","908630000000","1001092000000","1079685000000","1189580000000","1311016000000","1468795000000","1634343000000","1794383000000","1986011000000","2225612000000","2448890000000","2651444000000","2983758000000","3231204000000","3534144000000","3677790000000","3927548000000","4136390000000","4247161000000","4310890000000","4304287000000","4329959000000","4347481000000","4646119000000","5011559000000","5412659000000","5932377000000","6496459000000","7023352000000","7580500198181.05","7917998720540.51","8266683128541.8","8741359853877.03","9447094076739.34","10297599323202.7","11503807526482.2","12444255813345.6","13130258002953","12768868670908.1","13622257521129.8","14289978816859.1","14933186984470.5","15706487072700","16200148206841","16823761856960.4","17631631156299","18342259948911.8","19881523881838","23301047844003.4","27228831699811.4","26999346403778.4","27478961441083.4","28959213351104.1",
"United States","USA","Net domestic credit (current LCU)","FM.AST.DOMS.CN","328965000000","359059000000","393087000000","431819000000","473935000000","522383000000","553832000000","608437000000","667910000000","704545000000","757947000000","847214000000","966022000000","1098771000000","1200357000000","1284359000000","1420463000000","1601672000000","1796192000000","2006459000000","2175843000000","2394036000000","2538829000000","2807648000000","3193478000000","3513979000000","3876964000000","4154397000000","4432979000000","4634575000000","4725201000000","4724873000000","4840131000000","5013763000000","5282665000000","5692398000000","6031793000000","6538337000000","7151936000000","7771525000000","8403924000000","9167012934542.57","9667091556363.49","10238559249204","10967205522254.9","11978669015112.6","13050855508953.7","14263737153158.2","15043667183270.4","14952199044793.6","14674896606664.5","15598176433829.7","16215703051905.8","17394179649484.5","18356068069763.9","18961550073730.9","19889541177508.6","20800051441432","21155271663469.4","22415093901308.5","25873043676470.9","30232793017631.1","30036998478212.9","30475931998544.4","31105233374668.4",
"United States","USA","Total reserves in months of imports","FI.RES.TOTL.MO","","","","","","","","","","","3.06878465256798","2.69819403756047","3.13704325572387","4.10435424650425","4.85793321164003","3.89280379667813","3.26200652316508","3.29793754180922","3.6257051487683","6.1033444059575","6.1616545091386","4.08221840248436","4.83733304803977","3.91236503174438","2.65356180238078","2.92483445465779","3.16628101944666","3.26503598836953","2.6062331938462","2.80318917307075","2.73557589265658","2.60169338107099","2.31231476555185","2.39765174502403","2.06391324712795","1.95523553618241","1.66275864603053","1.2572687990174","1.29127119690474","1.07377331452326","0.854272096906953","0.938134144021971","1.11647810305723","1.19878399570069","1.05559111218244","0.903588941772187","0.920734980795974","1.06599499526028","1.07901356702484","1.92028077353965","2.00331890203891","1.96135892377522","2.04662420386995","1.59421468829977","1.48004639876335","1.34985594012155","1.44075451131827","1.48411996805483","1.3600015179599","1.54805985915951","2.09737678529136","1.97445270826071","1.67967044769329","1.79263382538628","1.94032058064747",
"United States","USA","Domestic credit to private sector by banks (% of GDP)","FD.AST.PRVT.GD.ZS","39.0214859468029","40.8214174667833","42.4607794228377","45.4823185743009","47.276700016139","49.1790819354522","48.3451614750222","49.0101420511332","49.2811826956314","49.7277391116235","49.6387320262778","50.7431858179165","53.8905958048956","56.4853764901331","57.3585513734733","54.1266446040843","53.7599844561687","55.6611839798331","56.6336352413826","56.6192028189803","55.073116049483","52.2605417267818","51.3339208903433","51.6317385784078","53.519195623751","55.0508310826118","56.722015376348","56.8583471586737","57.3356926979752","56.1214411565554","52.7198068669816","49.0864838979502","45.6423427843419","44.3657771260698","44.473844404106","45.835458730385","46.2696587515957","46.5805961364589","47.2518471026481","47.3055597238282","48.9749045792569","50.15255872139","50.3122424784614","51.4631015367861","53.3339040458312","55.2582892951592","57.1521559241361","59.3775203622844","59.5470834079396","53.900148293599","52.2717395450723","50.6259623659946","49.898491009775","49.1897254854293","49.7303400239586","51.0865321838816","52.3174040582521","52.4150447053334","52.0946745255498","52.5938131151649","54.5147549874804","51.0032367935494","51.9395246598514","49.9046039233535","46.8410985567787",
"United States","USA","Bank capital to assets ratio (%)","FB.BNK.CAPA.ZS","","","","","","","","","","","","","","","","","","","","","","","","","","","","","","","","","","","","","","","","","","","","","","","","","","8.56654508720971","8.799975245355","8.84510172420863","8.81227893874936","9.15159721181849","9.20274538590688","9.36191741166209","9.33143961937975","9.37951712686412","9.4405074456163","9.39570266980086","8.6063941052102","8.62368627738747","8.57788925795035","8.68252186405856","",
"United States","USA","Marine protected areas (% of territorial waters)","ER.MRN.PTMR.ZS","","","","","","","","","","","","","","","","","","","","","","","","","","","","","","","","","","","","","","","","","","","","","","","","","","","","","","13.3","10.8","27.7","41.1","41","41.1","41.1","37.4","19","19","19.1","19",
"United States","USA","Annual freshwater withdrawals, total (% of internal resources)","ER.H2O.FWTL.ZS","","","","","","","","","","","","","","","","","","","","","18.3676366217175","18.1813342796309","17.9950319375444","17.8087295954578","17.6224272533712","17.4361249112846","17.249822569198","17.0635202271114","16.8772178850248","16.6909155429383","16.5046132008517","16.5347764371895","16.5649396735273","16.5951029098652","16.625266146203","16.6554293825408","16.6855926188786","16.7157558552165","16.7459190915543","16.7760823278921","16.80624556423","16.8417317246274","16.8772178850248","16.9127040454223","16.9481902058197","16.9836763662172","16.5592618878637","16.1348474095103","15.7104329311569","15.2860184528034","14.86160397445","15.0425124201561","15.2234208658623","15.4043293115685","15.5852377572747","15.7661462029808","15.7661462029808","15.7661462029808","15.7661462029808","15.7661462029808","15.7661462029808","15.7661462029808","15.7661462029808","","",
"United States","USA","Annual freshwater withdrawals, domestic (% of total freshwater withdrawal)","ER.H2O.FWDM.ZS","","","","","","","","","","","","","","","","","","","","","","","","","","","","","","","10.84806981","10.90755033","10.96703085","11.02651137","11.08599189","11.14547241","11.20495294","11.26443346","11.32391398","11.3833945","11.44287502","11.48130379","11.51973255","11.55816132","11.59659008","11.63501885","11.83943554","12.05567049","12.28477911","12.52794634","12.78650714","12.85274339","12.92131238","12.99233958","13.06595956","13.14231696","13.14231696","13.14231696","13.14231696","13.14231696","13.14231696","13.14231696","13.14231696","","",
"United States","USA","Capture fisheries production (metric tons)","ER.FSH.CAPT.MT","2755715","2979093","2995674","2741650","2585660","2702785","2495433","2377789","2470105","2478221","2836550","2917107","2810040","2836981","2919015","2876146","3111419","3065974","3502537","3609656","3727627","3725240.081","3977879.036","4186687.109","4763710.239","4744127.522","4910476","5745394","5754884.963","5579687.33","5781091.438","5373133.159","5473939.375","5817721.739","5846727.561","5414226","5268586","5385731","5059144","5205206","5041558","5275155","5326987","5345396","5363263","5320894","5311208","5189908","4606530","4527104","4767237","5446026","5403229","5533945","5423242","5419913","5399997","5492611","5395806","5313512","4695708","4725111","4698894.5","4623694","",
"United States","USA","Population in the largest city (% of urban population)","EN.URB.LCTY.UR.ZS","11.2023574847266","11.0974833164356","11.0055492340325","10.9262309879972","10.856187338512","10.8061568549536","10.7736826384647","10.7571164838355","10.7610653129175","10.7793275762584","10.7437327528876","10.5622626714306","10.4050816464044","10.263237916611","10.1280476021869","9.98771569670034","9.85277638270306","9.71402516028208","9.57137609690166","9.42572612218856","9.30983327102571","9.2374305285142","9.16495590075403","9.09375234603944","9.02499576829147","8.95265751831249","8.87565211976862","8.80037513176616","8.72322678255232","8.64251918468249","8.56128755479705","8.50480681808567","8.4361038244657","8.3676607858319","8.30397890386501","8.2422301490151","8.18384866883093","8.12485846733692","8.07388482651516","8.03085131413113","7.98385708744364","7.90590553077793","7.83337686218036","7.76749552318827","7.698383370312","7.6319457237546","7.5652867906427","7.50313574497266","7.44538546146882","7.39713897361559","7.35588721786975","7.32049852772723","7.28559553633368","7.25480709530334","7.22256621053216","7.19183034881686","7.16389148205166","7.14470003669696","7.13543680033875","7.10653032372219","7.08889266615281","7.08402014075501","7.05759474219903","7.02196944166999","6.98462290888096",
"United States","USA","Urban population living in areas where elevation is below 5 meters (% of total population)","EN.POP.EL5M.UR.ZS","","","","","","","","","","","","","","","","","","","","","","","","","","","","","","","1.48035649524977","","","","","","","","","","1.55265466041144","","","","","","","","","","","","","","","1.4767857785902","","","","","","","","","",
"United States","USA","Plant species (higher), threatened","EN.HPT.THRD.NO","","","","","","","","","","","","","","","","","","","","","","","","","","","","","","","","","","","","","","","","","","","","","","","","","","","","","","","","","","","510","","","","688","","",
"United States","USA","Nitrous oxide (N2O) emissions from Transport (Energy) (Mt CO2e)","EN.GHG.N2O.TR.MT.CE.AR5","","","","","","","","","","","12.5106","12.9026","14.0714","14.9093","14.7792","14.4904","15.2523","15.7572","16.3585","16.3897","15.6743","15.5627","15.2195","14.9754","15.5593","15.4556","15.6581","16.1925","16.8227","16.9535","16.685","15.9969","16.381","16.1557","17.5963","18.293","19.3006","20.471","21.3588","22.7844","24.4225","25.6894","27.0655","28.31","29.61","30.3624","31.2415","31.2728","29.4475","27.3211","27.6712","26.3438","25.5943","25.9735","24.848","24.8557","23.8506","22.9827","22.707","22.4755","19.2081","20.9738","21.3674","20.5753","20.6752",
"United States","USA","Nitrous oxide (N2O) emissions from Industrial Combustion (Energy) (Mt CO2e)","EN.GHG.N2O.IC.MT.CE.AR5","","","","","","","","","","","3.3341","2.5573","2.6596","2.6673","2.5534","2.3085","2.4963","2.7519","2.8187","2.9001","2.8028","2.8012","2.6858","2.758","3.1341","3.0275","3.1327","3.3426","3.3804","1.5759","1.4689","1.4546","1.4377","1.2745","1.2667","1.3188","1.2842","1.4054","1.4736","2.3219","2.4258","2.2009","1.9657","2.083","2.2112","2.2195","2.4498","2.3199","2.2002","1.9428","2.1026","1.991","1.9629","1.9727","1.9765","1.9369","1.9288","1.9313","2.1279","2.0867","1.9782","2.0202","1.9716","2.0033","2.0003",
"United States","USA","F-gases emissions from Industrial Processes (Mt CO2e)","EN.GHG.FGAS.IP.MT.CE.AR5","","","","","","","","","","","","","","","","","","","","","","","","","","","","","","","139.3254","138.6682","149.4482","155.0627","166.0692","186.9579","197.8472","205.7837","221.4109","222.8251","224.4099","215.5322","217.0991","207.0091","214.2129","214.5499","183.3087","186.3335","183.3333","176.5705","183.6423","187.8107","184.2842","183.2822","187.9649","188.5015","188.3621","189.3125","188.6972","193.8239","197.9865","205.0458","210.4533","216.0088","221.4902",
"United States","USA","Carbon intensity of GDP (kg CO2e per 2021 PPP $ of GDP)","EN.GHG.CO2.RT.GDP.PP.KD","","","","","","","","","","","","","","","","","","","","","","","","","","","","","","","0.449868979097194","0.446328814280929","0.437946957468858","0.436293039092739","0.426118017022182","0.419238570317653","0.415876375385784","0.41820391719009","0.40344515653188","0.386148230899194","0.381766010256204","0.374891278181947","0.359158981957547","0.353430074078433","0.345449775305188","0.334285274338024","0.319807449971991","0.318002656492092","0.307720140921984","0.292754337087499","0.298499072648629","0.282517255322677","0.264750901647684","0.266241366922838","0.260634833185968","0.247828356154135","0.238466739957685","0.229530424030296","0.230060537238146","0.217673269748236","0.200047043134057","0.200766190996214","0.198374548263017","0.184899936902586","0.180417285097285",
"United States","USA","Carbon dioxide (CO2) emissions (total) excluding LULUCF (Mt CO2e)","EN.GHG.CO2.MT.CE.AR5","","","","","","","","","","","4594.806","4459.673","4710.5419","4896.621","4727.4676","4515.4131","4815.8057","4979.9937","4969.8408","5006.682","4780.1923","4709.0045","4464.8148","4448.8295","4654.6277","4680.8534","4643.3363","4800.6939","5021.1859","5078.8427","4983.6037","4939.0307","5016.9879","5135.577","5217.8955","5271.4648","5426.4743","5699.5176","5744.8765","5761.8713","5928.7614","5877.6294","5726.7267","5792.9233","5879.9871","5888.1657","5790.0078","5872.7014","5689.2644","5273.1152","5521.4993","5307.6289","5087.711","5224.7089","5243.772","5132.9841","5028.952","4959.4579","5118.3744","4967.9122","4466.8765","4754.3785","4815.7665","4618.2675","4632.1649",
"United States","USA","Carbon dioxide (CO2) net fluxes from LULUCF - Forest Land (Mt CO2e)","EN.GHG.CO2.LU.FL.MT.CE.AR5","","","","","","","","","","","","","","","","","","","","","","","","","","","","","","","","","","","","","","","","","-924.7405","-926.886","-889.1092","-913.0915","-824.2895","-869.8653","-905.2988","-900.1068","-901.4271","-858.4686","-886.9043","-897.3013","-890.8027","-869.4571","-894.1365","-796.192","-891.5304","-888.9918","-880.701","-827.1775","-866.1221","-850.4346","-795.157","-795.157","",
"United States","USA","Carbon dioxide (CO2) emissions from Fugitive Emissions (Energy) (Mt CO2e)","EN.GHG.CO2.FE.MT.CE.AR5","","","","","","","","","","","350.5993","327.0706","345.9724","403.5284","381.1078","315.2847","334.8352","334.8668","334.7494","332.8116","280.6703","259.4473","260.5131","253.0473","266.6188","262.8428","267.1051","286.6862","295.473","295.5322","294.8836","284.2216","288.657","288.8969","290.075","293.4761","297.9508","296.1361","297.9183","286.777","291.4755","283.1305","314.6704","316.4987","310.3719","296.7121","305.7872","306.7362","304.2517","288.552","295.7551","273.4568","278.0736","284.8772","291.1751","295.2617","285.263","281.488","299.0102","313.9204","283.1171","290.2534","289.599","296.3104","300.8204",
"United States","USA","Methane (CH4) emissions from Waste (Mt CO2e)","EN.GHG.CH4.WA.MT.CE.AR5","","","","","","","","","","","206.6484","222.1601","223.9863","225.2277","226.0535","226.5412","229.345","231.2269","232.8362","234.3123","235.4699","237.2148","238.3854","240.9893","242.8197","244.1529","246.6307","248.8992","243.037","236.913","229.9338","232.2791","231.6993","229.172","229.7138","223.2755","218.4028","207.6095","196.3127","188.0067","183.5909","178.1472","176.4098","178.741","177.2252","175.0262","172.5651","170.7665","168.3459","165.5228","166.992","157.8688","159.6902","156.0699","156.2412","155.0853","151.6607","153.7388","157.0248","159.4586","154.6","152.7593","149.1806","149.108","149.5226",
"United States","USA","Intentional homicides (per 100,000 people)","VC.IHR.PSRC.P5","","","","","","","","","","","","","","","","","","","","","","","","","","","","","","","9.25037955939706","9.63187233852536","9.15233015234456","9.33849837151796","8.78652102623221","8.05575436588861","7.25280570053619","6.65818273718576","6.14734210977422","5.56772173977322","5.53707946956534","6.69516821550341","5.65304262610104","","","","5.79419136382991","5.67445011466685","5.39888580801544","4.9992946235203","4.73280651793807","4.66754631709583","4.68473058437162","4.47313924865612","4.38357348743573","4.87019612648983","5.28982026159524","5.20582704229048","4.88693701574911","4.93472178525416","6.35465593745812","6.77972198500888","6.51267429794199","5.76340794073065","",
"United States","USA","Internally displaced persons, new displacement associated with conflict and violence (number of cases)","VC.IDP.NWCV","","","","","","","","","","","","","","","","","","","","","","","","","","","","","","","","","","","","","","","","","","","","","","","","","","","","","","","","","","","","","","","","","",
"United States","USA","Voice and Accountability: Percentile Rank, Lower Bound of 90% Confidence Interval","VA.PER.RNK.LOWER","","","","","","","","","","","","","","","","","","","","","","","","","","","","","","","","","","","","","76.5","","76.6169128417969","","76.1194000244141","","77.6119384765625","79.6019897460938","82.211540222168","81.25","74.5192337036133","73.0769195556641","73.0769195556641","72.511848449707","74.407585144043","74.6478881835938","76.5258178710938","73.7089233398438","71.9211807250977","73.8916244506836","74.8768463134766","72.9064025878906","71.8446578979492","70.0483093261719","66.6666641235352","66.1835784912109","67.1497573852539","69.6078414916992","",
"United States","USA","Travel services (% of commercial service exports)","TX.VAL.TRVL.ZS.WT","","","","","","","","","","","24.2203742203742","24.0494296577947","24.2476354256234","24.2897727272727","23.8067177371833","24.9601699415826","26.5249537892791","26.5631737818025","26.7212504652028","26.5397955429495","27.7879821569142","32.9204693611473","29.4591937069813","26.9984326018809","33.4922368987321","33.1264863843258","34.2759486234612","34.3753706031641","35.5017301038062","36.7940920938315","37.5335120643432","37.8998795341989","39.7342531307293","40.3162980880666","37.8031604728163","37.3534124318038","37.4149977351032","36.6975407218141","35.3455086782599","33.0438360429687","33.5348101375373","31.3251789067655","28.3961227925024","26.6644267638369","25.7547691789555","25.7429589398937","23.8072128062595","22.5217330858981","22.4319827642389","22.0660663053873","23.1533220215516","22.8172702459407","23.2272580484522","24.5111559656175","24.4473497198097","25.7037084487719","25.222682707058","24.0313424638768","23.7389966376397","22.7029808480003","10.1085469382176","9.02136423819409","15.4275118820249","18.7605774066101","19.0538453242636",
"United States","USA","Commercial service exports (current US$)","TX.VAL.SERV.CD.WT","","","","","","","","","","","9620000000","10520000000","11630000000","14080000000","16970000000","18830000000","21640000000","23190000000","26870000000","31801300000","38110000000","46020000000","50850000000","51040000000","60414000000","63493000000","74898000000","84322000000","98260000000","115100000000","134280000000","149420000000","160905000000","168259000000","183327000000","200341000000","218553000000","234825000000","240486000000","269778000000","288867000000","275842000000","280408000000","288703000000","332552000000","362907000000","403865000000","474737000000","521706000000","501920000000","562835000000","623199000000","662674000000","697564000000","737356000000","749316000000","764653000000","817549000000","845537000000","876462000000","717017000000","795301000000","933553000000","1012181000000","1121973000000",
"United States","USA","Merchandise exports by the reporting economy (current US$)","TX.VAL.MRCH.WL.CD","19623000000","19983000000","20621000000","22046000000","25030000000","26078800000","28859200000","30411400000","33356600000","36561000000","41423900000","42436600000","47674000000","67288900000","94374200000","102024800000","108432100000","115143400000","135726300000","170018700000","209062400000","222348000000","201912200000","191234800000","206901400000","203589800000","208809600000","243594600000","307171200000","348585864000","376903800000","405337700000","434100700000","454026800000","499810870000","568414300000","608138900000","686179500000","678537600000","689651900000","770360300000","729363900000","691693600000","722244200000","814540500000","901614300000","1034025200000","1158820000000","1295319600000","1053235200000","1273116100000","1478992650802","1542939560970","1575351644509","1617424571676","1501958926525","1450475935927","1545416985335","1663478706713","1643729065999","1428610631667","1755870970494","2062494844042","2017050991782","",
"United States","USA","Merchandise exports to low- and middle-income economies in Middle East & North Africa (% of total merchandise exports)","TX.VAL.MRCH.R4.ZS","2.94042704989044","3.02757343742181","3.33640463605063","2.93023677764674","3.14822213343987","2.69567618141939","2.94879968952708","2.17023879203194","2.22744524322023","2.48899100134023","2.10506495042717","2.5355471456243","2.45836304904141","2.60815676879842","3.84956905594961","5.9652163003505","5.23276778739875","5.04510028364631","5.11971519152883","2.9807897601852","2.46438383946611","3.02543760231709","3.32926886042547","3.13441904925254","2.85493476602865","2.32300439412976","2.00876779611665","1.82077106799576","1.78154722838599","1.64337645085918","1.4100945652445","1.31806145838396","1.45086151669417","1.40273657854558","1.24279009778239","1.06907936693359","0.971537916748953","0.962240929669277","0.854234164768467","0.778363693335725","0.807544210157247","0.911273508326913","0.88286200710835","0.754315507137337","0.901244321184766","0.909812544011336","1.02233485218735","1.1856630020193","1.24893501186889","1.39701939319916","1.34492054573813","1.23013345009756","1.031566494542","1.10427036742149","1.15336112228527","0.945630143286318","0.876508399215515","0.828210603769538","0.913307675516955","0.91665638143611","0.826269861664552","0.762645547994482","0.775334386323167","0.755417120592399","",
"United States","USA","Merchandise exports to low- and middle-income economies outside region (% of total merchandise exports)","TX.VAL.MRCH.OR.ZS","27.2435407430057","27.1030375819447","28.1800106687358","27.6104508754423","27.4870155813024","25.580164731506","25.9917114819538","24.4217628915472","23.5917329703867","21.5995186127294","22.1200804366561","22.2334022989589","21.4458614758569","22.0268127432608","25.4063080799625","27.296304427943","24.2046405077463","22.8232794932232","23.6219509409746","22.5813395820577","25.6186669625911","26.0058556856819","24.228006034306","21.5440913473907","22.048086673169","22.0276752568154","20.4755911605597","19.7324571234338","20.1086560198352","20.2524959531922","20.2593340794123","21.4054601878878","23.7689549913188","24.4976948497313","25.3845619644087","24.3568115721227","25.4728319467806","26.731620516206","27.2211444141047","26.6192263082288","28.339894981608","29.137896734401","29.7188090217981","30.0148481635436","30.5387516028976","30.6414949274873","31.6433487307659","31.8927874907233","33.1141982256734","34.7537473111419","36.6802682017767","37.4613930206184","37.4444132324787","38.6670461595167","38.9299530222627","38.4011969407473","38.6062629082585","39.3040176318712","38.9096241828042","38.1727460369909","38.9652764135214","40.7209114012995","39.7485612353514","38.8685615646416","",
"United States","USA","Ores and metals exports (% of merchandise exports)","TX.VAL.MMTL.ZS.UN","","","3.97474148584131","4.0676449327757","4.53292692285744","4.53289874831286","4.39582427726817","4.44412811254761","4.50093662031963","5.03147990952602","5.21072105087804","3.30624734833947","3.08763597135384","3.59623023886981","3.74654617381584","3.35627164331414","2.87842286073938","2.7072826123465","2.92213864719259","3.95763854259628","5.10414510792435","3.05255473730476","2.7254445504212","2.87969206840239","2.87971621680694","2.81506006676623","2.6555660309349","2.55384204001357","","3.21408660909693","3.04268821212894","2.77790675977808","2.30243112932218","2.09421720177806","2.15048546036731","2.62197237487825","2.17800837933151","2.11690771905574","1.90405140377849","1.76567167818683","1.86988994936663","1.91205830386319","1.91170026820431","2.01323529883149","2.39014858804396","2.7857976488932","3.52056099629305","3.73864793129764","3.96871886047058","3.39369213730218","3.95873998985648","4.02265717679681","3.50844555096218","3.21071352130306","3.06248036458276","2.8088360190064","2.60130444554912","2.74624450462334","2.95741195061027","2.8211533321336","3.21390841591217","3.65231110135565","3.07529985951185","2.8511687408118","2.87778686360623",
"United States","USA","Fuel exports (% of merchandise exports)","TX.VAL.FUEL.ZS.UN","","","3.75183822542366","4.1250641516366","3.49418505430138","3.50513775253345","3.26933921698858","3.54566254677117","3.09216193431342","3.01682199217479","3.744205093446","3.44293412487328","3.16971262813456","2.37808136509323","3.54514319364962","4.212468496815","3.72914030865486","3.54412359294581","2.77012812225569","3.24108226102482","3.73592035444143","4.53751586869299","6.17334460360361","4.91038812628473","4.41973450336194","4.85418230686114","3.97392020545445","3.17126748849486","","2.8238903031564","3.25140191503474","3.012912024288","2.61777454492857","2.21655716454674","1.84602214970637","1.89191251927575","2.07124626296476","1.91675770574592","1.56887699110576","1.52518599921472","1.84678858931191","1.88077482714846","1.83394389932985","2.10931027144065","2.5706533002655","3.31136445717427","3.7372185207955","3.96254132636237","6.48428941235738","5.80419155097004","7.18456843300661","9.92432604469065","10.0636570136531","10.7639934435291","10.9856792186563","8.0034184342575","7.57865354567164","10.510450824598","13.5299938279588","14.1993655796366","12.7159907896534","15.9220948098952","21.4101656084375","18.6774872527635","18.3113039630256",
"United States","USA","Export volume index (2015 = 100)","TX.QTY.MRCH.XD.WD","","","","","","","","","","","","","","","","","","","","","22.9882117534","23.1290236739","22.7231599116","23.0611787788","25.1624021631","26.308265135","26.6446338714","27.9096445254","30.0046403601","31.9645542895","33.6567095643","34.4654576528","35.9714320434","37.6905990492","41.0180201908","39.2008854888","42.9522037373","50.7401632813","52.0816152748","54.126836336","64.4758636059","60.6054085394","58.1999012654","59.943432288","64.8585441043","69.5","76.4","81.5","86.2","74.2","85.6","91.9","95.5","97.9","101","100","99.8","103.8","108.1","107.6","96","103.8","108.1","111.7","",
"United States","USA","Transport services (% of commercial service imports)","TM.VAL.TRAN.ZS.WT","","","","","","","","","","","44.4812362030905","44.3","44.4250871080139","47.7590007347539","51.4376996805112","48.5383678440926","50.1597444089457","52.4205378973105","51.6559139784946","52.6986506746627","53.2364139840775","52.998126171143","44.4115270670617","46.0722404647638","38.8878380934367","38.6323889471843","37.7122361959885","35.8079249808006","35.5601675037762","35.8719775727135","36.3802373947449","35.2859135285914","33.4655791693549","33.0518971892817","32.7644740328564","32.6502975384401","31.3798821325255","31.3273148391851","30.6040526958793","27.3345349557062","28.353834303072","27.3665318601366","25.8721500424983","26.706540225513","27.2234392321109","27.6702438476233","25.5754293008507","24.1030335606544","23.6968119049442","20.1515099140877","21.8531978540879","22.2599883812451","22.4839841539332","21.4434768787112","21.3790754612305","20.8815824522473","18.7944351661049","19.3440783758989","20.3225373131582","19.5514809102095","16.2985585472873","19.5265677165038","23.0608210765213","19.5754864331136","18.9812725078256",
"United States","USA","Merchandise imports from low- and middle-income economies within region (% of total merchandise imports)","TM.VAL.MRCH.WR.ZS","","","","","","","","","","","","","","","","","","","","","","","","","","","","","","","","","","","","","","","","","","","","","","","","","","","","","","","","","","","","","","","","","",
"United States","USA","Merchandise imports from low- and middle-income economies in South Asia (% of total merchandise imports)","TM.VAL.MRCH.R5.ZS","2.31628399997383","2.41459271442824","2.26275742636987","2.42516191691234","2.20875041120353","2.1702501739863","1.80338916686432","1.51645425423464","1.31458720193356","1.3085006583056","1.05812788279796","0.999314695018066","0.990472941692454","0.868126746784936","0.754616932839948","0.785013415967703","0.793819970839266","0.69885487454469","0.745005359216118","0.69933582913973","0.63889283021154","0.676478849502837","0.802184727923875","1.07885465342993","1.04371526485195","0.949200393745717","0.919787905751886","0.979969372363445","1.01717662119981","1.06086314827659","1.03432702500752","1.0873229167786","1.25918410700812","1.32347907469557","1.3535933356866","1.33306405126237","1.3505792650965","1.43541346580894","1.53131210175972","1.49394093737852","1.48112266829005","1.49526793233814","1.61696090424609","1.60769527724995","1.59619757774291","1.65528729331868","1.71504724741786","1.73254977807533","1.70880331667636","1.94302225600914","2.08250274507196","2.13270435566929","2.26134999354235","2.35673005392539","2.43066478421165","2.56326717526413","2.66523374406576","2.59808183174129","2.63702190787692","2.86446171988505","2.73612286712843","3.17724467149163","3.27748970868164","3.24085824118501","",
"United States","USA","Merchandise imports from low- and middle-income economies in East Asia & Pacific (% of total merchandise imports)","TM.VAL.MRCH.R1.ZS","4.20726161577167","3.8423167147518","3.31871089200915","3.25270531983978","3.37839601902763","2.9211384198381","3.44112254387055","3.36667355964055","2.96813747163027","2.97656864626956","2.69154152806186","2.46582492261146","2.28430106478887","2.75119064779917","3.99373955880424","4.55661479421153","4.56781730901153","4.50933871975409","4.27570207933181","4.2522881425845","4.87894116765536","5.2418777971275","4.78394603645011","5.14798866310169","4.84083626496088","4.36060451548308","4.08239130668941","4.45416012619046","5.08038139041389","6.12135877353105","6.82461917361789","8.059179434647","9.78491059459539","10.8524513423361","11.7358888628012","12.3254531242392","12.6536543840297","13.2353026339059","14.0242533385355","14.1238151379527","14.3236367300901","14.733654710729","16.6652148022939","17.8870443955001","18.8458356491842","20.0826176582538","21.0370734573712","21.6761833916041","21.0217689217707","24.2930870381818","24.2813219091161","22.6061573687413","23.2301766895351","24.2466686294506","25.0383337567862","27.4698781414589","27.5857540518755","28.0358560366958","27.4877293265137","25.2432998500342","27.1578807390779","26.9000252220155","25.9481074642168","22.6145384406354","",
"United States","USA","Merchandise imports from economies in the Arab World (% of total merchandise imports)","TM.VAL.MRCH.AL.ZS","1.86480491523317","1.86723110523903","1.57487916875343","1.39647949244005","1.30018641226875","1.27742573532105","1.07676263407766","0.732831960180378","0.966781619359212","0.878641970969669","0.680346384628636","1.06423832488548","1.26163035570701","2.03113388297433","3.84692137957773","7.38040335345155","10.6266922255872","12.2499549641054","9.65809467342913","11.7560684919575","13.8746558428204","11.0288186056963","5.87534728044214","3.50808714662669","3.00671870380367","1.76145553242527","2.01441196336401","2.38209893224929","2.58410499129337","3.08953959724552","3.92495878727521","3.21466961644521","2.82220374616337","2.45404816918979","2.05835644438748","1.88750937818878","1.9742417407971","2.01514272057576","1.53297485618763","1.84832849792764","2.47882537491332","2.61889344374175","2.29281416993003","2.88868024673604","3.2666269897873","3.68650687989539","4.04500047055806","4.1971732500186","5.59044811249947","3.623403628962","3.87754442166502","4.50469337846942","4.91373012167353","4.20050001846773","3.7593624419539","2.00246515609883","1.86114626769838","2.15947193013498","2.34996232784399","1.67258002751133","1.08368691020215","1.48845485932735","1.96133391694299","1.63075063729025","",
"United States","USA","ICT goods imports (% total goods imports)","TM.VAL.ICTG.ZS.UN","","","","","","","","","","","","","","","","","","","","","","","","","","","","","","","","","","","","","","","","","17.66","15.26","14.84","14.08","14.17","13.64","13.46","12.8","11.84","14.4","14.22","12.84","12.81","12.96","12.86","13.78","14.06","14.28","13.6","12.93","14.44","14","12.98","","",
"United States","USA","Import unit value index (2015 = 100)","TM.UVI.MRCH.XD.WD","","","","","","","","","","","","","","","","","","","","","73.5","73.5","70.2","71","69.4","68.6","70.2","77.5","81.5","82.3","89.6","88","89.6","84","86.4","94.5","93.6","87.2","83.1","81.5","80.7","77.9","76","78.2","82.6","88.8","93.1","97","108.2","95.7","102.3","113.5","113.8","112.6","111.4","100","96.7","99.5","102.6","101.3","98.8","107.5","116.6","113","113.8",
"United States","USA","Tariff rate, applied, simple mean, primary products (%)","TM.TAX.TCOM.SM.AR.ZS","","","","","","","","","","","","","","","","","","","","","","","","","","","","","","2.89","2.81","2.79","2.81","2.65","","3.04","3.25","3.41","3.7","3.15","3.1","3.21","3.31","3.01","2.89","2.7","2.67","2.92","2.54","2.54","2.45","2.63","2.53","2.49","2.53","2.43","2.44","6.64","5.96","39.52","2.72","2.56","2.48","","",
"United States","USA","Tariff rate, applied, weighted mean, all products (%)","TM.TAX.MRCH.WM.AR.ZS","","","","","","","","","","","","","","","","","","","","","","","","","","","","","","3.91","3.92","3.95","3.95","3.75","","2.94","2.86","2.6","3.09","2.31","2.1","2.11","2.16","1.96","1.79","1.75","1.7","1.55","1.58","1.71","1.66","1.67","1.67","1.67","1.69","1.69","1.65","1.66","1.59","13.78","1.52","1.47","1.49","","",
"United States","USA","Binding coverage, all products (%)","TM.TAX.MRCH.BC.ZS","","","","","","","","","","","","","","","","","","","","","","","","","","","","","","","","","","","","99.98","99.98","99.98","99.98","99.98","99.98","99.98","99.98","99.98","99.98","99.98","99.98","99.98","99.98","99.98","99.98","99.98","99.98","99.98","99.98","99.98","99.98","99.98","99.98","99.96","99.96","99.96","0","","",
"United States","USA","Tariff rate, applied, simple mean, manufactured products (%)","TM.TAX.MANF.SM.AR.ZS","","","","","","","","","","","","","","","","","","","","","","","","","","","","","","5.78","5.68","5.8","5.72","5.59","","4.89","4.67","4.53","4.64","4.01","4.02","3.94","4.11","3.63","3.4","3.33","3.23","3.04","3.21","3.09","3.07","3.11","3.09","2.96","3.02","2.88","2.83","2.77","2.77","3.11","2.92","2.84","2.78","","",
"United States","USA","Merchandise trade (% of GDP)","TG.VAL.TOTL.GD.ZS","6.64165277942931","6.4291525870124","6.42005792108249","6.44336378326726","6.72313990478117","6.72417752606165","7.02603915946891","6.94341658008404","7.38259459172007","7.434751521121","7.98031869844769","7.88865519165558","8.44813972215056","10.1303094762364","13.5845947854156","12.7447617193621","13.3067899639802","13.6223200209816","14.11350319506","15.5514356193143","16.8883147663167","15.9669614451452","14.0955664367578","13.085086066794","14.1256480004399","13.166184948118","13.3078844125214","13.9760031224158","14.9332427883229","15.1860648967133","15.2701158985931","15.103499780534","15.3686463884403","15.5748605501535","16.4924259348812","17.7439730022544","17.9248870511309","18.5157903451594","17.9468567475078","18.2245374331521","19.9124802954553","18.0333837093559","17.3237572691918","17.7002684842544","19.1578782627679","20.1990011887688","21.3095832343641","21.8913384514197","23.4052962515328","18.3818694841613","21.5807473802282","24.0294700679637","23.8847891768546","23.2061311993934","22.9796165163713","20.9703869632651","19.7975023057101","20.3043624062811","20.835684306495","19.6932355967522","18.1945908264603","20.1140801891357","21.2338999523793","19.0028709672646","18.8672542761173",
"United States","USA","International tourism, receipts for travel items (current US$)","ST.INT.TVLR.CD","","","","","","","","","","","","","","","","","","","","","","","","","","","","","","","","","","","","74834000000","81772000000","86175000000","85001000000","89145000000","96871000000","86408000000","79625000000","76981000000","85648000000","93423000000","96149000000","106919000000","117029000000","110754000000","130315000000","142197000000","153921000000","170981000000","180264000000","192602000000","192866000000","196468000000","200722000000","199365000000","72812000000","","","","",
"United States","USA","International tourism, receipts (current US$)","ST.INT.RCPT.CD","","","","","","","","","","","","","","","","","","","","","","","","","","","","","","","","","","","","93743000000","102196000000","107047000000","105095000000","109188000000","118316000000","105454000000","97415000000","94814000000","107210000000","116682000000","121030000000","134800000000","149094000000","137111000000","161821000000","178935000000","195113000000","213105000000","222746000000","230574000000","228549000000","233758000000","241984000000","239447000000","84205000000","","","","",
"United States","USA","Urban population (% of total population)","SP.URB.TOTL.IN.ZS","69.9799062047416","70.4455872729358","70.9235327611362","71.3977756159267","71.8549474048995","72.281679695647","72.6646040557613","72.9903520528347","73.2455552544594","73.4168452282277","73.4952537807929","73.5330324597265","73.5628076749457","73.5855186931405","73.6035786053068","73.6194005024406","73.6353974755378","73.6539826155944","73.6775690136064","73.7085697605697","73.7506044021808","73.8139615156658","73.9035480290863","74.0163473769595","74.1500514363544","74.30235208434","74.4709411979853","74.6535106543594","74.8477523305311","75.0513581035696","75.2685508261939","75.543016838308","75.8943317611462","76.2998113365493","76.7405657773027","77.1977052961919","77.6523401060025","78.0855804195199","78.4785364495296","78.812318408817","79.0740897861327","79.3086223667912","79.5461039768657","79.7773350255284","79.9960936968363","80.1961581748464","80.3713066436159","80.5153172872016","80.6219682896606","80.6850378350499","80.6997744673366","80.6957554256024","80.6837493386238","80.660889281215","80.6242231779766","80.5707989535091","80.4976645324131","80.4018678392891","80.2804567987377","80.1304793353594","79.997451762548","80.0074765140272","80.0324978239707","80.071561119178","80.1247798047184",
"United States","USA","Rural population growth (annual %)","SP.RUR.TOTL.ZG","","0.0943401859764424","-0.0923932162687933","-0.205302319776253","-0.22224331425799","-0.277629241111267","-0.236223520004393","-0.109945959314256","0.0491090619589023","0.334955087395056","0.869609882644046","1.12169604539854","0.957960368648609","0.868534269378179","0.845265885377809","0.92602829124247","0.889562568827162","0.935254169940582","0.970007877044567","0.985733511916652","0.799582651201545","0.739757823016614","0.610614745022455","0.481202072546329","0.349918853180049","0.295215229471883","0.265953974050379","0.176116417371201","0.138701294521524","0.131617344769946","0.255279831615323","0.220272571249892","-0.0599922729866192","-0.37772097366844","-0.650921716218298","-0.794178259080217","-0.850544020543675","-0.753716306461178","-0.643696251733376","-0.414737965613842","-0.130415270911503","-0.13736236097684","-0.226572527549509","-0.277456548718048","-0.16215963607757","-0.0834476765619259","0.0759028954267816","0.214676576642812","0.397003208956755","0.550651868208036","0.769804616313194","0.813214851841808","0.860557502092357","0.874836257928527","0.985439961184192","1.07325289645783","1.16133281931959","1.18291102146239","1.20402512274566","1.27278251976855","1.07570207386849","0.107188789308028","0.450512313777412","0.635667133221232","0.709015702798114",
"United States","USA","Completeness of birth registration, urban (%)","SP.REG.BRTH.UR.ZS","","","","","","","","","","","","","","","","","","","","","","","","","","","","","","","","","","","","","","","","","","","","","","","","","","","","","","","","","","","","","","","","","",
"United States","USA","Population, male (% of total population)","SP.POP.TOTL.MA.ZS","49.0924565083938","49.0511720603499","49.0068013225404","48.9602319767553","48.9132102709222","48.8648322783447","48.8141713436382","48.7638554619795","48.7148709893427","48.6689317775219","48.6244820288943","48.606781015039","48.61459388867","48.6196506635744","48.6247901868464","48.6294881731518","48.6343254169485","48.6404165937582","48.6474823414865","48.6558365941326","48.6683179278152","48.6978587720263","48.7421153277969","48.7910327668007","48.8419172562036","48.8910912377284","48.9356708419803","48.9764850965134","49.0176719184804","49.0573152486777","49.1190461924875","49.1861993887179","49.2375346303603","49.2896738569995","49.3396043865706","49.3887220050138","49.4387731322968","49.4903658074263","49.545495423696","49.6033918322663","49.6629577317096","49.7052249317089","49.7286492505511","49.7516675111872","49.7737383531674","49.7946972301659","49.8146754217281","49.8329678169825","49.850301996424","49.8659702712119","49.8796869918128","49.9153388408448","49.9710518589396","50.0236675893796","50.0732150235202","50.1202459796459","50.1660275385314","50.2094276769309","50.2478611831011","50.2819138559273","50.2922564307365","50.2810684530232","50.2651915711653","50.2474812501019","50.2426685062395",
"United States","USA","Population, total","SP.POP.TOTL","180671000","183691000","186538000","189242000","191889000","194303000","196560000","198712000","200706000","202677000","205052000","207661000","209896000","211909000","213854000","215973000","218035000","220239000","222585000","225055000","227225000","229466000","231664000","233792000","235825000","237924000","240133000","242289000","244499000","246819000","249623000","252981000","256514000","259919000","263126000","266278000","269394000","272657000","275854000","279040000","282162411","284968955","287625193","290107933","292805298","295516599","298379912","301231207","304093966","306771529","309378227","311839461","314339099","316726282","319257560","321815121","324353340","326608609","328529577","330226227","331577720","332099760","334017321","336806231","340110988",
"United States","USA","Age dependency ratio, young (% of working-age population)","SP.POP.DPND.YG","52.1926350173971","52.6371759957463","52.4155313900201","52.0123518130592","51.6213532946856","51.1411132569313","50.445721588916","49.5161376539114","48.4407933767711","47.3236605571929","46.251134070072","45.0699756431672","43.6287873681119","42.0411591298941","40.4698392768659","38.9734324138544","37.5390272960001","36.2770035303972","35.2192881942046","34.3282456972257","33.6706384219903","33.2352880689013","32.9545005002705","32.7428235825766","32.5086684745081","32.2129729815201","31.960801744015","31.9202824485025","32.0854090160803","32.353196197282","32.6284663887904","32.9219197091091","33.1701640373048","33.2825896343127","33.2673097376031","33.1167953192706","32.8854498431155","32.6020940544138","32.306660840474","32.0293453634665","31.7527411029607","31.470861610915","31.1730279595718","30.8563878716692","30.5133386908601","30.1305983720282","29.7949291036174","29.5824944789081","29.4486308727533","29.3323397553972","29.2042566381834","29.1062781076621","29.0632536201257","29.0167960767294","28.95167493373","28.860523377287","28.7511980382361","28.642460603325","28.4980089268668","28.3153011798002","28.065602454234","27.7547960619839","27.4267201161532","27.0796956506137","26.7574700996365",
"United States","USA","Population ages 80 and above, male (% of male population)","SP.POP.80UP.MA.5Y","1.10466345897032","1.13810099465474","1.17633079912833","1.20948262213406","1.24509426917164","1.28656928908725","1.32204706441404","1.35215625370377","1.37951770534861","1.40182185107874","1.42604168520823","1.43914469784692","1.44107492390832","1.44533001125724","1.45123233681466","1.46440142300043","1.47662831612606","1.48372412674673","1.49305296586508","1.5101478651023","1.53553809502039","1.55573736445722","1.57200680527046","1.59072628499155","1.61242583955931","1.63944691112041","1.66660102218427","1.69571128463495","1.72650503384289","1.76151832643059","1.80266793774875","1.84412154002996","1.88536735359144","1.92190581672514","1.95621768076852","1.99061115848939","2.02294179147885","2.05749882961707","2.09716821005367","2.13900171538831","2.18025150689488","2.22613070339246","2.27330315498367","2.31790448686779","2.36532134376331","2.41044798152518","2.44918596991753","2.49239259605317","2.53585686412017","2.57984653527871","2.62742780793351","2.65522157395401","2.66606259550715","2.67487881901198","2.68813187019323","2.7085807090408","2.73281076603402","2.76389458922837","2.80319688096472","2.84277300934948","2.86925871048183","2.90602039828772","2.99985654391232","3.14530887665047","3.28985350846265",
"United States","USA","Population ages 70-74, male (% of male population)","SP.POP.7074.MA.5Y","2.32848800396311","2.31350932642041","2.31599578845878","2.31993617439179","2.32080786491245","2.33167960151325","2.33926092264528","2.32486043884707","2.29927723671186","2.28200197398184","2.29324222318188","2.30344798862238","2.30011240082297","2.30884247345259","2.3262507274605","2.34363160807931","2.36996539365121","2.41301451595832","2.45918710127393","2.50391269873001","2.5426934572012","2.57689312053809","2.6061329469562","2.6286997982627","2.6497388802221","2.66454446636716","2.67339416228616","2.68803469469271","2.71275891033767","2.74511287411597","2.77808153649423","2.81260753815033","2.84271557544255","2.85732996590893","2.86051629508673","2.85424509744253","2.83072339408337","2.80654685905871","2.78509235189496","2.7600287477376","2.74144810949852","2.72383797482713","2.69479703705221","2.65931643605479","2.63306801374349","2.616711471333","2.61478542000567","2.63435970827309","2.67028121387029","2.69962702756477","2.71858152121463","2.76169271695605","2.85648907962382","2.98707667993775","3.12314360106384","3.24452873315093","3.39558532523708","3.58207288000919","3.73797053724403","3.87360770131241","4.02014929368299","4.12236706453483","4.16999338144784","4.24483908664952","4.35478133246272",
"United States","USA","Population ages 65 and above, male (% of male population)","SP.POP.65UP.MA.ZS","8.05760588068812","8.10952602210374","8.13745860411824","8.14280545681039","8.15673281974215","8.21611997256843","8.26832968224388","8.28981117409739","8.3127212235783","8.34010105303802","8.38870589268782","8.4220941584606","8.44075393056895","8.47974812062291","8.53878059332696","8.62277245034866","8.7199084254389","8.82140866098682","8.9295392850125","9.048472597779","9.15861571077283","9.24566360034899","9.33149447366946","9.42274107343894","9.52029824986242","9.62053218846056","9.72588413819779","9.83449116694505","9.9304792403788","10.0222817419926","10.0934063175436","10.1321723126804","10.1720512433682","10.2041781232966","10.2257904399577","10.2512849321549","10.2616368931703","10.2542893352107","10.2343558882993","10.2118541738281","10.1981553921546","10.1989256919302","10.2202764650841","10.2577209993469","10.3002217158635","10.3443175266106","10.42632196845","10.5862016348901","10.7980788118912","11.018813095612","11.2264584320209","11.4792717572177","11.8172266713469","12.1625442476392","12.4860012414223","12.8000874734012","13.1132846658821","13.4411459994336","13.7933137340718","14.1738652965011","14.5626477654928","14.9433411137054","15.3704662812153","15.8696545558213","16.3579525866114",
"United States","USA","Population ages 65-69, male (% of male population)","SP.POP.6569.MA.5Y","3.15496373312195","3.15692591164278","3.1267891616382","3.07781497002576","3.04253864932978","3.04925674112636","3.06090676416177","3.05937585587929","3.07097751715439","3.08707200524994","3.0912740421683","3.1024911979452","3.14153167885528","3.18687967565142","3.22953596531046","3.26824124003747","3.31036424955582","3.35149185047322","3.38704747341999","3.42313082168565","3.44881308533568","3.45665036535742","3.46227711038204","3.47728940790731","3.49916955908836","3.52951436293433","3.571765848527","3.6092025118689","3.62618058402938","3.62760471430116","3.60727634228968","3.55945007705222","3.51299788104864","3.47046939070122","3.42466363400877","3.38806796871474","3.35180055918815","3.29937227871192","3.23885529905237","3.18872939199747","3.15013566328975","3.13209807005087","3.14373042034754","3.17663787916359","3.20184089739686","3.21467936249831","3.25963316359498","3.36720582311407","3.51646326726139","3.67459146488788","3.81782383390837","3.99368979293092","4.20649990024982","4.38070659609734","4.53027852363672","4.68750734623164","4.78936840527108","4.81998087771501","4.86719595237607","4.95729545272959","5.06920964132978","5.18013295231827","5.29287839623113","5.41081164987794","5.50545372038127",
"United States","USA","Population ages 55-59, male (% of male population)","SP.POP.5559.MA.5Y","4.6253267222371","4.60005255225856","4.62200278833692","4.64754136809161","4.66183591218899","4.67070236996961","4.68840543733435","4.70845703672637","4.72525049305054","4.74670998647807","4.7534803666435","4.74536087972494","4.74853031555654","4.76698025666589","4.79146626474023","4.82824336369461","4.88389911847171","4.93075182856148","4.94926033697583","4.94603375185197","4.92003763191573","4.85601184238565","4.78481213921996","4.71582057976481","4.63634183040305","4.56528004314641","4.49606766375246","4.40739787743479","4.31090702193748","4.22985867109153","4.15931142371161","4.10743855940852","4.08863999797721","4.09860637489939","4.10149401086451","4.09105415326227","4.12460797890646","4.23977680856673","4.40844567088549","4.58804582548926","4.74727357281305","4.95222944152384","5.20852845909372","5.41574824663186","5.59553513047878","5.79043701285526","5.91712597289492","5.9505636349112","6.0012402795284","6.10378423679242","6.22287065012139","6.33513394198308","6.44260621204522","6.54012103404596","6.61275385500008","6.67006524914342","6.72121750233362","6.73833414775129","6.71317068190657","6.66237279041284","6.58066294998369","6.45391257801018","6.30342670735862","6.16350602007369","6.04527582174486",
"United States","USA","Population ages 45-49, male (% of male population)","SP.POP.4549.MA.5Y","6.03314480200736","5.98137898564186","5.93708109009052","5.90955152710241","5.88927960188894","5.89020361439348","5.92324275638508","5.95277374536146","5.95371187647829","5.93245371117168","5.88374482005961","5.79430897166511","5.70767936602163","5.62943135626146","5.53684928359887","5.452494866636","5.36985289776522","5.26086396339462","5.14297024868124","5.04474947525057","4.96207007770827","4.90351964448789","4.8824588320581","4.89514377971893","4.89932914926318","4.88783510900575","4.93056265703579","5.07196354387749","5.27787569856286","5.49711539067121","5.68501006798942","5.90717552110024","6.174152701875","6.38441418740769","6.56878126347455","6.7764458343192","6.90889167110154","6.93530316760002","6.98156795302594","7.08704725046717","7.20883282107898","7.32587096967853","7.44278022390559","7.54482743243391","7.61541750746432","7.66696241407987","7.70894130822275","7.70643834655463","7.65082856234607","7.56443253987303","7.43223293112133","7.24676310695759","7.04283763852304","6.8491702257391","6.68824293717594","6.60729583410374","6.57896405320886","6.52369885505501","6.43474881646169","6.32986472870879","6.20490604472308","6.09135202108865","6.065627745185","6.11980849187588","6.19689016046514",
"United States","USA","Population ages 35-39, male (% of male population)","SP.POP.3539.MA.5Y","6.91538135228268","6.76982341295615","6.6268812250367","6.49539304982846","6.34979676015646","6.21944222609259","6.09875284680877","5.95385324943678","5.80328095550668","5.67700303648519","5.56786265812919","5.49258143076977","5.47137515270716","5.4943857601433","5.50774967924521","5.50223376965354","5.55788664980349","5.72380810204778","5.96257114691038","6.21666256459343","6.4415279634766","6.71548944041919","7.04318861186808","7.30398740894244","7.53285701265993","7.78762797931149","7.95235604441438","7.98887089235053","8.04501113578411","8.16456863806382","8.2937061289033","8.40066562638251","8.49483636840657","8.57593772163901","8.62775254193498","8.66273950934105","8.69376908205017","8.68128987725166","8.60951175786248","8.50125914894016","8.33929651064325","8.11223443891122","7.86052208768826","7.61809338670046","7.41071693737702","7.2931084593579","7.2335633477267","7.14039348339416","7.00694853322103","6.85513800069297","6.6721789920008","6.5070743220464","6.45299330623089","6.48886086130579","6.55979802002553","6.66061007068885","6.77374352505854","6.86748673057093","6.93682466968566","6.98074315401067","7.0076409010192","7.02852456781423","7.04002820948701","7.0614549673077","7.09489983340798",
"United States","USA","Population ages 25-29, male (% of male population)","SP.POP.2529.MA.5Y","6.14981948127657","6.02052013536526","5.9561204937387","5.94200780671197","5.91666360597468","5.8717476382221","5.89845912366724","6.0495878396732","6.28313234689386","6.53220350933608","6.75194991174451","7.05420720449829","7.44516719757719","7.76715242795089","8.04867979972693","8.35428372401907","8.55667294837261","8.61049245659613","8.68455646584373","8.82949612250447","8.99202881272715","9.13617956423688","9.26203413497493","9.36963417065723","9.43841942042777","9.48199635433797","9.51372960352497","9.48830957760825","9.39256006211278","9.24932525517302","9.05678003094631","8.79116953433284","8.48540970570662","8.20000608337996","7.9631679148469","7.83474409016817","7.7788548677078","7.68988280802055","7.55643785798091","7.4006698790377","7.20718181257907","7.01402009762315","6.92735209667724","6.94047942083937","6.990681453287","7.07311333436004","7.16632626563174","7.23327569127129","7.27141417677165","7.28230842067085","7.2727852315613","7.26409908947967","7.25806914722676","7.26949820916159","7.30778346691322","7.36352902131821","7.41652731809169","7.44091996562694","7.42052784861924","7.34972103076074","7.22395703785616","7.07555304163273","6.93518308534041","6.8124450516272","6.73387391169425",
"United States","USA","Population ages 15-64 (% of total population)","SP.POP.1564.TO.ZS","59.9034098295236","59.6628899470724","59.6983753143288","59.8151392170208","59.9241234748453","60.0380488954943","60.2414977023274","60.5629758835245","60.9459657927584","61.3505976916979","61.7304294759495","62.169280525959","62.7326697059161","63.3581094931382","63.9798306289535","64.5653649942506","65.1278809123843","65.6151210354982","66.006303188144","66.317760793","66.5244956732214","66.6435398538944","66.691598053665","66.7008047066336","66.7187070964261","66.7710916339975","66.7978443009134","66.7143962126848","66.5409883244204","66.324146942536","66.120737652688","65.9395132024895","65.7904573356782","65.7201812743948","65.7269659595952","65.8028464034546","65.9302686352102","66.0968068431769","66.2842758393239","66.4694132711731","66.6507446322982","66.8277202343495","67.0006123775376","67.1704993188712","67.3410104275951","67.5239128010789","67.6574968223962","67.6710943075504","67.6046849573474","67.5228695936854","67.4553923662808","67.3349668036885","67.1170061555629","66.8895911742848","66.6847279137693","66.4980809064681","66.3180403833652","66.1219291236341","65.9220436398193","65.718674264212","65.5352308319268","65.380112850592","65.1985544146872","64.9735428685564","64.7466928651531",
"United States","USA","Population ages 15-64, female (% of female population)","SP.POP.1564.FE.ZS","59.9959094877737","59.753716560081","59.7772882848745","59.8781582814216","59.9744675584254","60.0701151250218","60.2507744315543","60.5481876716489","60.903337892146","61.27539909302","61.6331662147744","62.044892327417","62.5499197012585","63.1028728531821","63.6485679542235","64.1562601312514","64.6451232563857","65.0599185109559","65.3802207702569","65.6285513332243","65.7767745485311","65.8408042452998","65.8364876674515","65.7887785480133","65.7480323159454","65.7445479702492","65.7162256151596","65.5826879336542","65.368349040555","65.1175856051077","64.8743420436755","64.6640305523642","64.5076326590781","64.4348030720043","64.4436424635022","64.5248253915806","64.6544403407798","64.8202850416834","65.0115568255313","65.205039162431","65.3970756432955","65.5928848537016","65.7938326298751","65.9913900687505","66.1775042559671","66.3663425764403","66.5125537186899","66.5457965276234","66.500974663872","66.4440114678642","66.4014453511382","66.2953497944145","66.080064247801","65.8503064174732","65.6399291228573","65.4458766349724","65.2561972179954","65.0465903563105","64.8296181352416","64.6091118095025","64.4033769283488","64.2198217558301","64.0137768753605","63.7687196448309","63.5249291921636",
"United States","USA","Population ages 10-14, male (% of male population)","SP.POP.1014.MA.5Y","9.64938698717755","9.79789246210631","9.77611879704889","9.79439803075294","9.90862943796449","10.0541218232599","10.1900836228038","10.3147748565507","10.4181095042379","10.4712603291326","10.4893830870873","10.498299717207","10.4525488073397","10.3304349413233","10.1533920195329","9.89604191553029","9.54672692403909","9.15776375634556","8.780105898497","8.45060381485496","8.24606754360437","8.13889952861945","7.99925861978039","7.80463000795784","7.58196480731654","7.31016803227721","7.04439107742549","6.9145542355214","6.90679791673848","6.94616271575726","7.04607918821604","7.18006732784723","7.2868748091315","7.36132969167403","7.40019667178004","7.41094669355268","7.41084744064129","7.40395545096982","7.41867065282626","7.4655548383357","7.53114716416274","7.583597986363","7.59451474329371","7.55343149956882","7.45247993929404","7.29313732159804","7.11247155121283","6.95067973808656","6.82536037027552","6.74551904053704","6.71674219890588","6.71015384004658","6.69655993702316","6.68781872547939","6.68099700633689","6.66588704524465","6.67056266182925","6.71294326460323","6.75109387262878","6.75781822285611","6.72443212104441","6.64651059581579","6.52961753669194","6.39792054300053","6.2861691214045",
"United States","USA","Population ages 0-14 (% of total population)","SP.POP.0014.TO.ZS","31.2651682873382","31.4048603384548","31.2912203205933","31.1112606521768","30.9336435620614","30.7041263614981","30.3892583762192","29.9884467064152","29.5227094803098","29.0333487891679","28.5510237021067","28.0196796475161","27.3695028751825","26.6364837413721","25.8925344681463","25.1633390643636","24.4483730935641","23.8031997655606","23.2469503375959","22.7657238231882","22.3992224700001","22.1491725827448","21.9778829682915","21.8397269395646","21.6893632648893","21.5089538697462","21.3491267194098","21.295423535945","21.3499481980659","21.4579815008556","21.5741825324378","21.7085535134036","21.8228025332826","21.8733782397857","21.8655933871843","21.7917939129387","21.6814653684564","21.5489433156282","21.4142361799314","21.2897180471563","21.1634383772125","21.0312593316457","20.8861195346714","20.7263897088877","20.5479906521636","20.3453590636092","20.1585030857082","20.0187977424137","19.9086542295061","19.806037367846","19.699845970005","19.5987027309377","19.5063858063675","19.4092161082283","19.3063454853775","19.1916943798524","19.0672311047361","18.938947483366","18.7864697356003","18.6084404882877","18.3928572241369","18.1461171256033","17.8818251956671","17.5946376490897","17.3245769214436",
"United States","USA","Population ages 0-14, female (% of female population)","SP.POP.0014.FE.ZS","30.426442709851","30.5219534467724","30.3733664646434","30.1553706917759","29.939729213264","29.6766057089732","29.3300774504965","28.9003824405033","28.4078066636726","27.898768488566","27.389655831132","26.8304280395833","26.173747951341","25.4480363405758","24.7200036189684","24.0118822210536","23.3178940535131","22.6913270019827","22.151548421694","21.6846992600914","21.3287762812835","21.0898633559976","20.9320822429124","20.8111939960911","20.6821990995248","20.5271774643081","20.3922723439408","20.3579275397717","20.4279572168734","20.5502109557409","20.6854905754569","20.8353756647039","20.9574687147846","21.0181905845751","21.0241454925301","20.9677735834314","20.8778754944369","20.7678811401269","20.6570653977424","20.5570132784689","20.4560633886243","20.3467650101357","20.2203433426188","20.0783491984573","19.9170341634651","19.7311288850336","19.5587495824821","19.4316687658123","19.3338634285683","19.2414500490434","19.1432591754023","19.0566264364239","18.9857509551883","18.9083950613533","18.8237523357876","18.7264803788681","18.6176259581208","18.5037073626109","18.3657947896947","18.2019833591393","17.9976995313566","17.758675829566","17.5009280954356","17.2217547621389","16.96024147636",
"United States","USA","Teenage mothers (% of women ages 15-19 who have had children or are currently pregnant)","SP.MTR.1519.ZS","","","","","","","","","","","","","","","","","","","","","","","","","","","","","","","","","","","","","","","","","","","","","","","","","","","","","","","","","","","","","","","","","",
"United States","USA","Wanted fertility rate (births per woman)","SP.DYN.WFRT","","","","","","","","","","","","","","","","","","","","","","","","","","","","","","","","","","","","","","","","","","","","","","","","","","","","","","","","","","","","","","","","","",
"United States","USA","Life expectancy at birth, male (years)","SP.DYN.LE00.MA.IN","66.6","67.1","66.9","66.6","66.8","66.8","66.7","67","66","66.8","67.1","67.4","67.4","67.6","68.2","68.8","69.1","69.5","69.6","70","70","70.4","70.8","71","71.1","71.1","71.2","71.4","71.4","71.7","71.8","72","72.3","72.2","72.4","72.5","73.1","73.6","73.8","73.9","74.1","74.3","74.4","74.5","75","75","75.2","75.5","75.6","76","76.2","76.3","76.4","76.4","76.5","76.3","76.1","76.1","76.2","76.3","74.2","73.5","74.8","75.8","",
"United States","USA","Mortality rate, infant (per 1,000 live births)","SP.DYN.IMRT.IN","25.9","25.5","25","24.4","23.9","23.4","22.7","22.1","21.4","20.7","19.9","19.1","18.3","17.5","16.7","15.9","15.2","14.4","13.8","13.1","12.6","12.1","11.6","11.2","10.9","10.6","10.4","10.1","9.9","9.7","9.4","9.1","8.8","8.5","8.2","7.9","7.7","7.5","7.3","7.2","7.1","7","7","6.9","6.8","6.8","6.7","6.6","6.5","6.4","6.2","6.1","6","5.9","5.8","5.8","5.7","5.6","5.6","5.5","5.5","5.5","5.5","5.5","",
"United States","USA","Death rate, crude (per 1,000 people)","SP.DYN.CDRT.IN","9.5","9.3","9.5","9.6","9.4","9.4","9.5","9.4","9.8","9.5","9.5","9.3","9.4","9.3","9.1","8.8","8.8","8.6","8.7","8.5","8.8","8.6","8.5","8.6","8.7","8.7","8.7","8.6","8.9","8.8","8.6","8.6","8.5","8.8","8.8","8.8","8.8","8.7","8.6","8.6","8.5","8.5","8.5","8.4","8.2","8.3","8.1","8","8.1","7.9","7.995","8.073","8.102","8.215","8.237","8.44","8.493","8.638","8.678","8.697","10.27","10.4","9.8","9.2","",
"United States","USA","Adolescent fertility rate (births per 1,000 women ages 15-19)","SP.ADO.TFRT","88.011","87.006","80.034","73.273","70.882","71.214","72.406","68.94","66.534","65.81","67","64.488","62.025","59.823","58.38","56.502","54.143","54.158","53.086","54.03","54.872","54.401","54.512","53.269","51.939","51.447","50.52","51.361","54.55","58.839","61.513","61.656","59.872","58.309","56.951","54.794","52.583","50.691","49.861","48.664","47.501","44.958","42.602","40.987","40.173","39.473","40.349","40.808","40.059","38.137","34.856","31.723","29.387","26.528","24.192","22.031","20.08","18.491","17.164","16.202","14.719","13.724","13.628","13.145","",
"United States","USA","Prevalence of moderate or severe food insecurity in the population (%)","SN.ITK.MSFI.ZS","","","","","","","","","","","","","","","","","","","","","","","","","","","","","","","","","","","","","","","","","","","","","","","","","","","","","","","","10.5","9.8","8.9","8.4","8.2","8","8.6","9.3","10.3","",
"United States","USA","Refugees under the mandate of the UNRWA by country or territory of origin","SM.POP.RRWA.EO","","","","","","","","","","","","","","","","","","","","","","","","","","","","","","","","","","","","","","","","","","","","","","","","","","","","","","","","","","","","","","","","","",
"United States","USA","GDP per unit of energy use (PPP $ per kg of oil equivalent)","EG.GDP.PUSE.KO.PP","","","","","","","","","","","","","","","","","","","","","","","","","","","","","","","3.11477303552395","3.19039928502375","3.31164595827578","3.42331939366045","3.57118745545915","3.69685363374499","3.82163587852868","4.02021452188001","4.21177199490013","4.35797301907455","4.51015693153313","4.74596915534946","4.84636587393355","5.06851007479368","5.29598836565056","5.62555141312517","6.0176164555726","6.1952216999882","6.48913094587864","6.69113165179383","6.79123606047402","7.13657731983263","7.58136391915562","7.73728731114989","7.97516655536087","8.37296357304973","8.70063182118503","9.11079069418769","9.33112515781004","9.73416425517146","10.4862296933125","11.062556172742","11.9571002697453","12.9338600426087","",
"United States","USA","Renewable electricity output (% of total electricity output)","EG.ELC.RNEW.ZS","","","","","","","","","","","","","","","","","","","","","","","","","","","","","","","11.4720248205676","10.6886172706848","9.85430746900209","10.4235946624141","9.68660706188543","10.7295021878142","11.5002575453723","10.9020998840369","9.54340294411497","9.0136338048984","8.81261648193646","7.42248933913917","9.20382511502992","9.4946204631135","9.21619811557572","9.12092303221335","9.78948021905534","8.91391202574991","9.5301997751508","10.7806308892929","10.6143983117236","12.686393699636","12.4129621083936","13.0285802128985","13.3792940741702","13.6328082889697","15.2594449655463","17.2854220343839","17.1628863424875","17.938273721697","19.9166987281584","20.2733089261925","","","",
"United States","USA","Electric power transmission and distribution losses (% of output)","EG.ELC.LOSS.ZS","","","","","","","","","","","","","","","","","","","","","","","","","","","","","","","9.21773641568858","6.97216591774934","7.21498437152948","7.40789381112075","6.93250341520714","6.94430718843677","6.85772345120589","5.87612176990844","5.96472147550874","5.65331577686107","5.65365967645504","4.38397260553948","6.16162937656747","5.57535908494465","6.36951310416455","6.2677907435972","6.19129186894347","6.1391439365255","5.63418715136298","6.22479982522387","5.9610179904669","5.96689752275166","6.26367505232295","5.9289364525258","5.88249253347237","5.9141208373377","5.43278425594592","5.2751148508735","4.73883824665499","5.55840938484799","4.64711271693736","5.58011610459837","4.56000487613028","5.48253479643862","",
"United States","USA","Access to electricity (% of population)","EG.ELC.ACCS.ZS","","","","","","","","","","","","","","","","","","","","","","","","","","","","","","","100","100","100","100","100","100","100","100","100","100","100","100","100","100","100","100","100","100","100","100","100","100","100","100","100","100","100","100","100","100","100","100","100","100","",
"United States","USA","Access to clean fuels and technologies for cooking (% of population)","EG.CFT.ACCS.ZS","","","","","","","","","","","","","","","","","","","","","","","","","","","","","","","","","","","","","","","","","100","100","100","100","100","100","100","100","100","100","100","100","100","100","100","100","100","100","100","100","100","100","100","100","",
"United States","USA","Multilateral debt service (TDS, current US$)","DT.TDS.MLAT.CD","","","","","","","","","","","","","","","","","","","","","","","","","","","","","","","","","","","","","","","","","","","","","","","","","","","","","","","","","","","","","","","","","",
"United States","USA","Debt service (PPG and IMF only, % of exports of goods, services and primary income)","DT.TDS.DPPF.XP.ZS","","","","","","","","","","","","","","","","","","","","","","","","","","","","","","","","","","","","","","","","","","","","","","","","","","","","","","","","","","","","","","","","","",
"United States","USA","Debt service on external debt, total (TDS, current US$)","DT.TDS.DECT.CD","","","","","","","","","","","","","","","","","","","","","","","","","","","","","","","","","","","","","","","","","","","","","","","","","","","","","","","","","","","","","","","","","",
"United States","USA","Net official development assistance received (constant 2023 US$)","DT.ODA.ODAT.KD","","","","","","","","","","","","","","","","","","","","","","","","","","","","","","","","","","","","","","","","","","","","","","","","","","","","","","","","","","","","","","","","","",
"United States","USA","Net official aid received (constant 2023 US$)","DT.ODA.OATL.KD","","","","","","","","","","","","","","","","","","","","","","","","","","","","","","","","","","","","","","","","","","","","","","","","","","","","","","","","","","","","","","","","","",
"United States","USA","Net official flows from UN agencies, WTO-ITC (current US$)","DT.NFL.WITC.CD","","","","","","","","","","","","","","","","","","","","","","","","","","","","","","","","","","","","","","","","","","","","","","","","","","","","","","","","","","","","","","","","","",
"United States","USA","Net official flows from UN agencies, UNWOMEN (current US$)","DT.NFL.UNWN.CD","","","","","","","","","","","","","","","","","","","","","","","","","","","","","","","","","","","","","","","","","","","","","","","","","","","","","","","","","","","","","","","","","",
"United States","USA","Net official flows from UN agencies, UNIDO (current US$)","DT.NFL.UNIDO.CD","","","","","","","","","","","","","","","","","","","","","","","","","","","","","","","","","","","","","","","","","","","","","","","","","","","","","","","","","","","","","","","","","",
"United States","USA","Net official flows from UN agencies, UNECE (current US$)","DT.NFL.UNEC.CD","","","","","","","","","","","","","","","","","","","","","","","","","","","","","","","","","","","","","","","","","","","","","","","","","","","","","","","","","","","","","","","","","",
"United States","USA","Net official flows from UN agencies, UNHCR (current US$)","DT.NFL.UNCR.CD","","","","","","","","","","","","","","","","","","","","","","","","","","","","","","","","","","","","","","","","","","","","","","","","","","","","","","","","","","","","","","","","","",
"United States","USA","Net official flows from UN agencies, SPRP (current US$)","DT.NFL.SPRP.CD","","","","","","","","","","","","","","","","","","","","","","","","","","","","","","","","","","","","","","","","","","","","","","","","","","","","","","","","","","","","","","","","","",
"United States","USA","Internally displaced persons, new displacement associated with disasters (number of cases)","VC.IDP.NWDS","","","","","","","","","","","","","","","","","","","","","","","","","","","","","","","","","","","","","","","","","","","","","","","","","2020000","1300","","52000","901000","188000","34000","63000","1127000","1581000","1247000","916000","1715000","573000","675000","202000","",
"United States","USA","Voice and Accountability: Percentile Rank, Upper Bound of 90% Confidence Interval","VA.PER.RNK.UPPER","","","","","","","","","","","","","","","","","","","","","","","","","","","","","","","","","","","","","100","","100","","99.5024871826172","","100","100","95.1923065185547","95.6730804443359","92.3076934814453","93.2692337036133","94.711540222168","92.4170608520508","94.3127975463867","92.9577484130859","92.9577484130859","92.0187759399414","92.1182250976562","92.61083984375","93.596061706543","89.6551742553711","89.3203887939453","85.5072479248047","83.0917892456055","85.5072479248047","84.0579681396484","84.3137283325195","",
"United States","USA","Voice and Accountability: Estimate","VA.EST","","","","","","","","","","","","","","","","","","","","","","","","","","","","","","","","","","","","","1.34866082668304","","1.33687722682953","","1.31016671657562","","1.34456813335419","1.33822762966156","1.327751994133","1.29452359676361","1.1016218662262","1.10981047153473","1.14426684379578","1.09722805023193","1.1336270570755","1.12696576118469","1.16158699989319","1.10298919677734","1.0712331533432","1.10990250110626","1.11048436164856","1.0074782371521","0.995457410812378","0.905181586742401","0.856265664100647","0.87688934803009","0.860348105430603","0.877519071102142","",
"United States","USA","High-technology exports (current US$)","TX.VAL.TECH.CD","","","","","","","","","","","","","","","","","","","","","","","","","","","","","","","","","","","","","","","","","","","","","","","","240663518341","243132032706","150978138467","166133836217","166559643396","169157788627","169309014696","176029439000","175321672223","173983447240","154602417969","153893519793","154028528002","141612133157","169281833346","191876058536","208514376770","232906639404",
"United States","USA","Merchandise exports to low- and middle-income economies within region (% of total merchandise exports)","TX.VAL.MRCH.WR.ZS","","","","","","","","","","","","","","","","","","","","","","","","","","","","","","","","","","","","","","","","","","","","","","","","","","","","","","","","","","","","","","","","","",
"United States","USA","Merchandise exports to low- and middle-income economies in South Asia (% of total merchandise exports)","TX.VAL.MRCH.R5.ZS","4.2654028436019","3.56302857428814","4.73788856020562","5.5928513108954","5.42149420695166","4.94271208797951","4.15465432167212","4.38322471178571","3.18377772314924","2.0322201252701","2.22335415062319","2.09017687562152","1.52494021898729","1.3850724265072","1.51524463253728","2.06322384361449","1.56780141673914","1.1299822655923","1.254141607043","1.19363340620767","1.29545054490908","1.12494827927393","1.35682737348214","1.52576832250197","1.48331524097952","1.46672377496319","1.2511876848574","1.03885718320521","1.31343693679616","1.15909892433274","1.05151500197133","0.805081787359034","0.729761550718531","0.89018974210333","0.692361892809574","0.853057356227667","0.829350005401727","0.773500228438769","0.708656381017058","0.669163675181639","0.598849655154867","0.661535346073476","0.771685613398765","0.871104260858031","1.05012580712684","1.11130668624045","1.26735789417898","1.79940801850158","1.69423824050837","1.92874298162462","1.8922311955681","1.89247432810585","1.68244076927293","1.6473247431743","1.57308162102639","1.68191781032566","1.79800149420146","2.0287937170047","2.39607577140311","2.46522418178281","2.30986367968539","2.66681965889703","2.61823891569934","2.23077444637369","",
"United States","USA","Merchandise exports to low- and middle-income economies in East Asia & Pacific (% of total merchandise exports)","TX.VAL.MRCH.R1.ZS","2.98629159659583","3.93334334184056","3.71465981281218","3.76939127279325","2.76068717538953","2.74935963311195","3.22254255142208","3.38359957121343","3.41461659761486","2.96490796203605","3.00551131110301","2.78533152985866","3.07295381130176","3.75099013358816","3.94917254927724","2.95320353482683","2.67356253360398","2.53249426367469","2.97768376504775","3.66930225910444","4.78144324373967","4.28512961663698","4.74404221240717","4.35082945154334","4.37474081857348","4.17059204341278","3.91782753283374","3.85792624302838","3.95365841589316","4.19604967113641","4.17647686226565","4.51633292437392","5.00100552705858","5.5592753555517","5.64955700143136","6.34728929233483","6.34800700958284","6.33617005462856","5.5979506515188","5.27905454911384","5.8461345944229","6.22790626188107","6.92383159248546","7.91793135895034","7.74960852161433","7.86286331084145","8.50720079162481","8.59225764139383","8.57158341462601","9.62503911756842","10.4836393161629","10.1280800226271","10.1458706198177","10.7971244747082","10.6320295798281","10.8439289901773","11.2767898286064","11.5777788566375","10.4471652412911","9.8358661021024","12.2032048032971","11.9788003600757","10.6614919247537","10.5638316832909","",
"United States","USA","Merchandise exports to economies in the Arab World (% of total merchandise exports)","TX.VAL.MRCH.AL.ZS","2.6703358304031","3.16769253865786","3.64191843266573","3.09353170643201","3.2241310427487","2.85289200423332","3.09779896878638","2.39712739301709","2.35635526402571","2.34129263422773","1.98918981554127","2.23392071937903","2.48143642236859","2.65274064518814","3.60373915752398","5.30655291654578","6.56632122775451","7.12120712085973","6.89372656589033","6.36947582824713","6.41947093308027","7.52675985392268","9.19062840184991","8.34649342065356","6.41648630700421","5.37192924203472","4.47244762692903","3.91498826328662","3.65747179423071","3.50344441965094","3.10041978881614","3.711399161736","3.83874064243619","3.61485269151513","3.11795939932239","2.83680407055206","3.03305708613608","2.94651763860622","3.11714487155907","2.62493295530687","2.21656022513102","2.36916030530165","2.40003666363257","2.25317143426005","2.37241733222596","3.05185931500865","3.4054682613151","3.68402340311696","4.02045178657067","4.1692207020806","3.82030358425284","3.8092339031198","4.26030290283536","4.50686179790219","4.41477109952697","4.49049856556629","4.41715631242465","3.91289271781181","3.60444228537665","3.81387883908346","3.18714976059433","2.83762848246088","2.81536006418339","3.23763075133294","",
"United States","USA","ICT goods exports (% of total goods exports)","TX.VAL.ICTG.ZS.UN","","","","","","","","","","","","","","","","","","","","","","","","","","","","","","","","","","","","","","","","","20.05","17.6","16.08","15.85","15.24","14.3","13.53","11.72","10.62","10.71","10.56","9.51","9.03","8.88","8.97","9.44","9.65","9.48","8.9","8.74","9.67","9.07","7.85","","",
"United States","USA","Export unit value index (2015 = 100)","TX.UVI.MRCH.XD.WD","","","","","","","","","","","","","","","","","","","","","71","69.4","67","65.4","63.8","63","71.8","79.9","84.8","84.8","92","91.2","92.8","87.2","90.4","99.3","96.9","90.4","87.2","85.6","80.7","80.1","79.3","80.5","83.6","86.3","89.3","93.7","99.4","94.8","99.4","107.3","107.7","107.3","106.8","100","96.8","99.1","102.4","101.6","98.8","112.5","127.1","120.3","119.9",
"United States","USA","Travel services (% of commercial service imports)","TM.VAL.TRVL.ZS.WT","","","","","","","","","","","43.9293598233996","43.7","43.9024390243902","40.6318883174137","38.2108626198083","39.0986601705238","36.5282215122471","36.479217603912","36.4301075268817","35.3073463268366","36.0332294911734","36.789506558401","34.3118771882575","34.1500378883556","44.0514469453376","43.5292060160895","40.6462139987377","40.1786556365449","40.1775736513122","39.8317953510104","38.6527340975956","36.0031878860331","38.1586372259189","38.1447984407163","37.3242083995761","35.8896360667662","35.6560595510699","35.4055903563721","35.177328013192","32.2487687023026","31.0900960695305","29.2793010700671","27.5618094019409","26.776493837524","26.6097635721826","26.0250449488707","24.3414902306687","23.1254409245137","21.5223217704265","21.9394226243815","21.0549086503993","20.291359019527","20.450481041313","20.6898352615266","20.6165162611465","21.5332470599586","22.2048182722489","22.1246442447859","23.1336980463381","22.8751668082009","7.6846945067515","10.8470367973204","17.3519167823519","21.4023779061713","21.9450686396687",
"United States","USA","Import value index (2015 = 100)","TM.VAL.MRCH.XD.WD","","","","","","","","","","","","","","","","","","","","","11.5547243606","12.416541237","11.3190512224","12.1021331933","15.3380499327","15.6617406928","16.9160134436","18.6969128947","20.6936869411","22.156789994","23.1518519512","22.8956100268","24.7051423216","26.8490981717","30.5308671827","33.2938107602","35.5040199573","38.82950521","40.7874794075","45.7581933685","54.390331599","50.9298747043","51.8390436729","56.2799345552","65.8955301361","74.8","82.8","87.3","93.7","69.3","85.1","97.9","100.9","100.6","104.2","100","97.2","104","112.9","110.9","104","126.8","145.6","137","",
"United States","USA","Merchandise imports from low- and middle-income economies in Sub-Saharan Africa (% of total merchandise imports)","TM.VAL.MRCH.R6.ZS","3.45479647453723","3.71423949092674","3.65058198121006","3.50556580406761","4.68902569565195","3.90553459580235","3.53901005605943","3.13811705720806","2.98582250125269","2.44667994993093","2.71313597464958","2.73336968490823","2.65918750239308","3.25935898853367","5.99455299803672","6.38042005586466","6.99586308252674","7.03716195929777","5.77925534696727","6.86117856568406","7.70238514675803","6.35323858210213","5.81080506485911","4.16152389498779","3.27616111004047","2.78483460599849","2.32740939586031","2.36575972063302","2.05083629391181","2.58590173989198","2.64452324644984","2.48018988104974","2.32728751107953","2.20462565092877","1.84308670901864","1.75973564633194","1.99002253640851","1.94068310405949","1.49424432788924","1.41609036505898","1.90752042548133","1.891572346623","1.56080828160078","2.07023336406751","2.48158222213478","3.02835534603364","3.20400764259278","3.44897716283568","4.1003963402383","3.02711693349036","3.39908999555359","3.36796930725321","2.18032088229201","1.73226525128309","1.13996434744889","0.839556807597349","0.918283662056993","1.06044733218699","0.986675411023184","0.839059559902739","0.822263191440092","0.995571741364187","0.963244491611504","0.947136368761555","",
"United States","USA","Merchandise imports from low- and middle-income economies in Europe & Central Asia (% of total merchandise imports)","TM.VAL.MRCH.R2.ZS","0.425306384175985","0.539272521368674","0.573231881347035","0.402278043089725","0.39162241333396","0.4120728178455","0.391550048755511","0.399066909009117","0.309488018392431","0.194652990491742","0.179549331178741","0.150639794790409","0.19840786391309","0.198732868037177","0.144442480533525","0.156216687282684","0.184483110106186","0.104636589077167","0.103440853466865","0.106278398708068","0.0792737267180757","0.105012826994738","0.117652155565593","0.129072989904188","0.139569011849002","0.182340695733616","0.182244686018704","0.215500305701379","0.236286531999105","0.305074982281206","0.227226915034955","0.21526379067238","0.248511130808055","0.299049004395848","0.348179988904348","0.366528151320119","0.380331991883386","0.357363840022523","0.420073195085364","0.389376903446016","0.418356785896896","0.417346376297764","0.423062462034163","0.417510016714199","0.507300053940882","0.541283126625539","0.54570135439904","0.564888789704679","0.722691621798759","0.569181053399487","0.528922671991379","0.535057661062166","0.494727014252265","0.503149107216383","0.511721238324219","0.502760552861089","0.485868431026091","0.540270940329242","0.596608278412936","0.587303063494249","0.62971339753395","0.766866613854609","0.784735181440621","0.680468663924085","",
"United States","USA","Merchandise imports (current US$)","TM.VAL.MRCH.CD.WT","16371000000","15938000000","17781000000","18621000000","20306000000","23188000000","27745000000","28753000000","35350000000","38312000000","42428000000","48342000000","58862000000","73572000000","110478000000","105881000000","132497000000","160411000000","186046000000","222225000000","256985000000","273352000000","254884000000","269878000000","346363000000","352463000000","382294000000","424443000000","459543000000","492922000000","516987000000","508363000000","553923000000","603438000000","689215000000","770852000000","822025000000","899020000000","944353000000","1059440000000","1259300000000","1179180000000","1200230000000","1303050000000","1525680000000","1732706000000","1918077000000","2020403000000","2169487000000","1605296000000","1969184000000","2266024000000","2336524000000","2329060000000","2412547000000","2315301000000","2250154000000","2408476000000","2614221000000","2567445000000","2406932000000","2935314000000","3371751000000","3168237000000","3359385000000",
"United States","USA","Insurance and financial services (% of commercial service imports)","TM.VAL.INSF.ZS.WT","","","","","","","","","","","2.2075055187638","2.5","2.26480836236934","1.7634092578986","1.40575079872204","2.07064555420219","2.82215122470714","3.08068459657702","3.44086021505376","3.29835082458771","2.97680858428522","3.15427857589007","3.23188796121734","3.46046981561","3.13977681104596","4.28471493529206","6.11271031202377","7.16508804785708","5.26089572767128","3.35241210139002","4.44354266003855","5.12054194062562","5.0141072924591","5.25802867187642","5.5345786963434","5.88035008163929","5.95941396463976","6.07859135652998","6.94928412804449","11.9853613906679","13.4347158366963","15.8139669885253","17.3449277528184","17.9260502879028","18.2097469250007","17.7972946398472","20.6191746615442","22.6576410118588","22.4524593511499","23.6294840739096","22.4148928280056","20.7523612308384","19.8037351443124","18.6636996332838","18.3536860955041","17.405338741849","17.4809341988295","17.1135846430066","15.6925958843738","16.5915668705915","23.1535017560165","20.283686387222","17.4769005767026","18.5313156171989","19.4424682805248",
"United States","USA","Agricultural raw materials imports (% of merchandise imports)","TM.VAL.AGRI.ZS.UN","","","10.2596413782073","10.0836516392135","9.35052737251152","8.5408770360868","7.47043288945965","6.19801276187667","5.90892547441954","5.7909709280862","4.57380341201823","4.4182093556557","4.4983483900581","4.73863174745471","3.55204835288759","3.07948068419001","3.33464759141695","3.33070631131252","3.3662335284071","3.22872227741556","2.54282630711712","2.40034408994496","2.17664002114652","2.52908248223733","2.3105922441397","2.11952678508176","2.03274033589045","2.11323061266668","","2.18129678854317","1.91505549074112","1.77902034585438","1.86942734289324","2.00125901320952","2.03641983911257","2.11148267189681","2.03836616890367","1.90450182063806","1.72897887488932","1.65234197529047","1.37772193955358","1.35054766772992","1.35966441331755","1.26771042524609","1.40239694801811","1.32039098013656","1.21754116515266","1.08567875286331","0.957339084643464","0.856812891472979","0.971409193234791","1.0213561163731","1.05850851351279","1.00998810438848","0.985790425993972","0.942056440048099","0.962351171827146","0.965683564442349","0.930461508102749","0.872679165969093","0.960925857493412","1.15729914112526","1.06737720222987","0.835369768685517","0.823353975268186",
"United States","USA","Tariff rate, most favored nation, simple mean, primary products (%)","TM.TAX.TCOM.SM.FN.ZS","","","","","","","","","","","","","","","","","","","","","","","","","","","","","","3.6","3.54","3.57","3.58","3.62","","4.02","4.02","4.34","3.86","3.72","3.66","3.76","3.74","3.61","3.48","3.39","3.34","3.63","3.21","3.17","3.17","3.21","2.97","2.95","2.94","2.99","3.02","5.29","5.54","27.84","3.07","3.09","3.07","","",
"United States","USA","Tariff rate, most favored nation, weighted mean, all products (%)","TM.TAX.MRCH.WM.FN.ZS","","","","","","","","","","","","","","","","","","","","","","","","","","","","","","4.56","4.66","4.73","4.8","4.71","","4.27","4.11","3.67","3.6","3.89","3.4","3.46","3.33","3.2","2.99","2.96","2.91","2.42","2.76","2.82","2.81","2.81","2.79","2.81","2.78","2.79","2.79","3.07","3.19","17.94","2.56","2.57","2.53","","",
"United States","USA","Bound rate, simple mean, all products (%)","TM.TAX.MRCH.BR.ZS","","","","","","","","","","","","","","","","","","","","","","","","","","","","","","","","","","","","3.52","3.52","3.52","3.52","3.52","3.52","3.52","3.72","3.69","3.65","3.61","3.6","3.59","3.57","3.6","3.61","3.59","3.49","3.47","3.46","3.61","3.61","3.62","3.62","3.62","3.62","3.62","","","",
"United States","USA","Tariff rate, most favored nation, simple mean, manufactured products (%)","TM.TAX.MANF.SM.FN.ZS","","","","","","","","","","","","","","","","","","","","","","","","","","","","","","6.39","6.39","6.37","6.39","6.4","","5.73","5.42","5.19","4.71","4.34","4.31","4.19","4.1","3.96","3.82","3.8","3.79","3.65","3.84","3.88","3.9","3.89","3.79","3.78","3.77","3.78","3.78","3.53","3.76","4.15","3.7","3.79","3.7","","",
"United States","USA","Import volume index (2015 = 100)","TM.QTY.MRCH.XD.WD","","","","","","","","","","","","","","","","","","","","","15.732201631","16.9055984566","16.119890191","17.0392534372","22.0974928718","22.8292902561","24.0907363924","24.1307032088","25.3856219056","26.9139831406","25.8424725817","26.0253769014","27.5762804835","31.9865698456","35.3530321906","35.2572919113","37.9219661508","44.5460712603","49.0637737748","56.1330708798","67.3896208569","65.3907925023","68.2556590264","71.9616500736","79.808955843","84.3","88.9","89.9","86.6","72.4","83.1","86.2","88.7","89.3","93.6","100","100.5","104.5","110.1","109.5","105.2","117.9","124.9","121.3","",
"United States","USA","International tourism, expenditures for travel items (current US$)","ST.INT.TVLX.CD","","","","","","","","","","","","","","","","","","","","","","","","","","","","","","","","","","","","46379000000","49672000000","53808000000","58451000000","58864000000","64174000000","60525000000","59017000000","61244000000","70332000000","74111000000","78374000000","82605000000","84318000000","82510000000","85165000000","86623000000","90340000000","91117000000","96248000000","102666000000","109156000000","117929000000","126140000000","133285000000","35806000000","","","","",
"United States","USA","International tourism, receipts (% of total exports)","ST.INT.RCPT.XP.ZS","","","","","","","","","","","","","","","","","","","","","","","","","","","","","","","","","","","","11.8005229123474","12.0000751501829","11.4555052709643","11.2619925566582","11.1813263616451","10.9252217529332","10.3858320759846","9.878865626537","9.22153708494622","9.17798755437151","9.03456894509201","8.26712732523629","8.11651656931463","8.06094775906366","8.60823913791415","8.64278832082482","8.34757757669965","8.68151636541454","9.21286537167917","9.30973793087307","10.1094096508835","10.199328461316","9.76238234904741","9.50977410042199","9.37501957639807","3.87533930216739","","","","",
"United States","USA","Unmet need for contraception (% of married women ages 15-49)","SP.UWT.TFRT","","","","","","","","","","","","","","","","","","","","","","","","","","","","","4","","6","","","","","","","","","","","","6.3","","","","","","5.8","","8","","","","","9","","","","7.2","","","","","",
"United States","USA","Rural population (% of total population)","SP.RUR.TOTL.ZS","30.0200937952584","29.5544127270642","29.0764672388638","28.6022243840733","28.1450525951005","27.718320304353","27.3353959442387","27.0096479471653","26.7544447455406","26.5831547717723","26.5047462192071","26.4669675402735","26.4371923250543","26.4144813068595","26.3964213946932","26.3805994975594","26.3646025244622","26.3460173844056","26.3224309863936","26.2914302394303","26.2493955978192","26.1860384843342","26.0964519709137","25.9836526230405","25.8499485636456","25.69764791566","25.5290588020147","25.3464893456406","25.1522476694689","24.9486418964304","24.7314491738061","24.456983161692","24.1056682388538","23.7001886634507","23.2594342226973","22.8022947038081","22.3476598939975","21.9144195804801","21.5214635504704","21.187681591183","20.9259102138673","20.6913776332088","20.4538960231343","20.2226649744716","20.0039063031637","19.8038418251536","19.6286933563841","19.4846827127984","19.3780317103394","19.3149621649501","19.3002255326634","19.3042445743976","19.3162506613762","19.339110718785","19.3757768220234","19.4292010464909","19.5023354675869","19.5981321607109","19.7195432012623","19.8695206646406","20.002548237452","19.9925234859728","19.9675021760293","19.928438880822","19.8752201952816",
"United States","USA","Completeness of birth registration (%)","SP.REG.BRTH.ZS","","","","","","","","","","","","","","","","","","","","","","","","","","","","","","","","","","","","","","","","","","","","","","","","","","100","","","","100","","","","100","","","","","100","","",
"United States","USA","Completeness of birth registration, female (%)","SP.REG.BRTH.FE.ZS","","","","","","","","","","","","","","","","","","","","","","","","","","","","","","","","","","","","","","","","","","","","","","","","","","","","","","","","","","","","100","","","","","",
"United States","USA","Population, female","SP.POP.TOTL.FE.IN","91975168","93588412","95121693","96588678","98029930","99357165","100610865","101812368","102932331","104036269","105346527","106723672","107855912","108879584","109867941","110946436","111995149","113113833","114303001","115552607","116638415","117720971","118746066","119722469","120643549","121600360","122622306","123624364","124651282","125736225","127010563","128549261","130212830","131805773","133300673","134766699","136208912","137718053","139180769","140626695","142032212","143324495","144593070","145774399","147065155","148365003","149742927","151118757","152502206","153796930","155061336","156183737","157260545","158288180","159395036","160520591","161638154","162620296","163450491","164182160","164819803","165116452","166122875","167569583","169230152",
"United States","USA","Population growth (annual %)","SP.POP.GROW","","1.65773003738953","1.53799735825387","1.43916476170683","1.38904605518369","1.25017164562845","1.1548931907552","1.08888120728762","0.998461043585335","0.977242811872469","1.16500266687286","1.26433369185094","1.07052275237269","0.954476728552297","0.913660196067714","0.985986067347125","0.950220048994522","1.00577199618134","1.0595730803427","1.10357656509899","0.959589922764484","0.981415437259678","0.953317566163514","0.914378513375149","0.865817336309961","0.886129040850881","0.924164157058979","0.893829201032046","0.907999040167679","0.944405555428529","1.12965052045579","1.33626074073779","1.38688569247935","1.31867999977741","1.2262960888682","1.19078709090209","1.16341161998189","1.20396029701272","1.16571452642589","1.14834004729055","1.11276899679534","0.989741382223669","0.927797485710314","0.859481712840946","0.925483968943482","0.921713167161207","0.964253917136075","0.951055242772428","0.945865287282592","0.876651298802912","0.846129865832117","0.79239433316435","0.79838290137163","0.756560083436754","0.796023797809134","0.797904713382564","0.785625485688815","0.692906252591617","0.586433075122573","0.515108555014533","0.408427566758519","0.157317408951545","0.575744520494521","0.83149318773707","0.976421684505429",
"United States","USA","Sex ratio at birth (male births per female births)","SP.POP.BRTH.MF","1.049","1.05","1.048","1.052","1.048","1.051","1.049","1.05","1.053","1.053","1.054","1.052","1.051","1.052","1.055","1.054","1.053","1.053","1.053","1.052","1.053","1.052","1.051","1.052","1.05","1.052","1.051","1.05","1.05","1.05","1.049","1.046","1.05","1.05","1.048","1.049","1.047","1.048","1.047","1.049","1.048","1.046","1.048","1.049","1.049","1.049","1.049","1.047","1.048","1.048","1.048","1.049","1.047","1.049","1.048","1.048","1.047","1.048","1.046","1.047","1.047","1.048","1.048","1.049","",
"United States","USA","Population ages 75-79, female (% of female population)","SP.POP.7579.FE.5Y","1.8031002955406","1.85026504817315","1.88951401104047","1.9325136135011","1.97249653693648","2.00065147803649","2.02557027062578","2.06558783592056","2.11100833267032","2.14985144620512","2.19001062563478","2.21943950550833","2.22977740047146","2.23904000174091","2.25359732494036","2.2932472718108","2.3393878943028","2.37339288239886","2.41222914856138","2.45559982326389","2.48938613083692","2.52594805271697","2.58206006707545","2.63791334533691","2.68531034018835","2.7212171759224","2.74958110932781","2.77713379186652","2.8009639294481","2.82341896408374","2.84543767052619","2.85680272389935","2.85914056568496","2.86965518210495","2.88848947969322","2.90402119476607","2.93460211106509","2.97368212387968","2.99254333218287","2.99464347031698","2.990829622471","2.96527317649057","2.9263928281016","2.88678104437528","2.84177637464096","2.79622943374986","2.75458485922956","2.710969814789","2.66221768601298","2.62810412876656","2.61182718952753","2.60098299713885","2.59895184715595","2.61757064964095","2.64762048096251","2.68063329063245","2.73378654143355","2.82995536910297","2.95396146967734","3.06366444290101","3.14919292355531","3.27737028539556","3.46282549121856","3.64082277670377","3.80421080794022",
"United States","USA","Population ages 65 and above, total","SP.POP.65UP.TO","15955818","16407739","16807828","17171062","17542939","17988231","18416186","18775457","19129941","19489529","19928075","20373703","20775144","21202357","21658352","22183226","22727415","23304984","23920646","24568164","25168081","25716914","26248733","26791320","27336668","27884585","28463034","29050888","29606539","30156028","30716309","31248044","31773723","32246696","32647202","33032744","33373245","33684727","33934147","34156920","34383795","34598139","34840811","35112085","35461646","35848315","36354609","37081887","37971182","38871306","39738896","40745974","42047909","43395278","44724557","46052467","47403360","48792463","50237056","51755978","53290879","54709351","56514463","58711454","60977581",
"United States","USA","Population ages 65 and above, female","SP.POP.65UP.FE.IN","8809058","9100846","9368864","9626483","9887106","10187367","10482795","10742661","11002288","11262792","11564076","11872667","12162191","12465722","12779211","13127024","13480837","13855036","14251562","14659870","15039881","15385345","15711803","16042844","16371050","16693631","17034080","17380825","17705086","18020772","18340538","18640406","18926303","19173794","19371536","19551145","19706275","19847697","19946522","20022355","20093100","20151926","20222532","20306754","20450089","20626487","20857238","21190680","21602184","22015321","22414574","22877831","23485580","24125174","24764121","25406626","26066055","26750555","27467180","28221115","29006511","29756465","30708304","31854183","33024975",
"United States","USA","Population ages 60-64, female (% of female population)","SP.POP.6064.FE.5Y","4.11459601601652","4.13473374439673","4.12994028005356","4.13606229690445","4.15390525103693","4.14870737073199","4.15249071647314","4.20465261525434","4.2609704270339","4.30403045281626","4.33090805744371","4.35619782461065","4.39254100715836","4.43132434335755","4.47468715000368","4.52086301182451","4.55556315108591","4.57523183327587","4.60283877094587","4.6405540224785","4.67225811718858","4.7205857315472","4.77253642427839","4.79251063812956","4.78923204055543","4.77803185473304","4.73003438844763","4.65689399994112","4.57915525784502","4.48629445179238","4.38171946477952","4.28062449849078","4.18085294543717","4.07801326646818","3.99957354636752","3.94647565503686","3.90364828995027","3.87745491368431","3.88474316924091","3.91032524577428","3.94027279939007","4.00559338563073","4.13918402527967","4.31145717503555","4.46131257050926","4.57377637891581","4.74071867940446","4.96763839676597","5.16318798220764","5.34558814054007","5.54525627051706","5.67879877088045","5.72589755756301","5.78343021036236","5.87820586008269","5.99421062478377","6.10998105806706","6.20602648679654","6.28289375442678","6.33546349566872","6.37204163170874","6.40127652840922","6.4093432746127","6.3916340060913","6.3506936469497",
"United States","USA","Population ages 50-54, female (% of female population)","SP.POP.5054.FE.5Y","5.41260849180641","5.40494242108568","5.39816135890351","5.39490364768083","5.401616185644","5.41675565946869","5.4250072309577","5.42249767596601","5.43291326665675","5.45544714644813","5.46735278854896","5.5111596484519","5.57921903287931","5.615309384443","5.62448657119291","5.62289353975232","5.57516201952833","5.49289765415342","5.40215230567955","5.2908262631436","5.17074268134731","5.05693327659657","4.93922476730466","4.81716779581647","4.72184352230324","4.65399658435289","4.59818358217322","4.56124402884336","4.56271491506717","4.58588756138318","4.61206950531841","4.67092972479421","4.80203293890906","4.97997973354819","5.13572107686926","5.25054590449001","5.42964354906913","5.67841021451944","5.8901228478922","6.08640439735027","6.30185825915314","6.44712827980539","6.50057971915964","6.5666089708241","6.67662516833473","6.81205544622147","6.94677232613871","7.05549580279453","7.13794077371332","7.19107101933326","7.21229117273009","7.21640118479672","7.19471425422573","7.13526336295705","7.05520457288917","6.93907763354687","6.76804436212344","6.57636176631076","6.39469878702369","6.24328804036061","6.17334410452095","6.15989684861639","6.12087792591583","6.05154934668253","5.95758189304085",
"United States","USA","Population ages 40-44, female (% of female population)","SP.POP.4044.FE.5Y","6.51998283052713","6.52938929729728","6.5550889117069","6.53986208893915","6.49570792498123","6.44690786593386","6.35435613555272","6.23236321667018","6.10872571033322","5.9643931119624","5.80896120225359","5.66595102045319","5.53004376551251","5.39531251412983","5.2918450053955","5.21894780723946","5.15889448497363","5.11747307261714","5.11819054335692","5.14342820942746","5.17514473762289","5.2483932101854","5.40444350803939","5.61262368028153","5.79415612721588","5.92806018272436","6.13325798496967","6.41525665466502","6.65424640799496","6.87395783331529","7.10735187479042","7.24587978517387","7.27066844513864","7.31301878449291","7.41166732272869","7.54396413432576","7.68077932630413","7.79365839330155","7.87721227376238","7.92687552347561","7.93874910115891","7.93458991764491","7.90727108446585","7.83635386978549","7.74103931629202","7.60386426886159","7.40262532248724","7.17417433648468","6.95386965440469","6.7667952709857","6.66200320496415","6.61835250311114","6.55309032803521","6.45459946313036","6.33713058258314","6.18978501490867","6.0501611391237","6.00251012351524","6.03782719389471","6.1076316980293","6.21096781344479","6.32799891232876","6.42320163998742","6.49132847054235","6.52352269361455",
"United States","USA","Population ages 30-34, female (% of female population)","SP.POP.3034.FE.5Y","6.63116325793826","6.4221076964983","6.22295907724865","6.02834681932249","5.87459088990043","5.76375249829743","5.67654690787024","5.61698883167381","5.60934264430993","5.62906435306744","5.6547677020588","5.72969881575525","5.90442149546822","6.14273050212754","6.3506340076591","6.50280646088774","6.73082553254957","7.03837738956465","7.2947103313731","7.52822489860578","7.78319272793525","7.94472574957701","7.98288255508022","8.03762817317683","8.15037694785027","8.2959992620462","8.44213577563369","8.55607309521962","8.63308698917456","8.66581548560678","8.65491674055459","8.62296110912285","8.56062393240925","8.45641359263496","8.33207187579524","8.16629924948163","7.9348364658291","7.67832706681899","7.43287096436619","7.22507372110953","7.10856385538012","7.05431098204368","6.97156085020636","6.85116973064487","6.70814080140762","6.53101227338784","6.36039727525698","6.28813367311625","6.30622483499848","6.36255389929206","6.45147201983271","6.55686766684933","6.64524947234856","6.70633934571802","6.73895862717466","6.74902450708298","6.75174133796458","6.75188075851979","6.76966210349534","6.81445259836036","6.87503833692124","6.93339031852687","6.95788963775934","6.92983746890749","6.84272232099036",
"United States","USA","Population ages 20-24, female (% of female population)","SP.POP.2024.FE.5Y","6.15629390657239","6.20109324372209","6.36219098566654","6.59159073535174","6.78332604505985","6.91545150147126","7.13987911626202","7.45789857303297","7.72264172498953","7.96316473197213","8.22861838351484","8.39752786715592","8.44316976241218","8.5137072525482","8.64545000136518","8.80983875292947","8.97345961294742","9.09781731116417","9.17825124321178","9.20964164765794","9.1906150414627","9.1493215183121","9.07428868153093","8.95046295567661","8.80177887427508","8.60181746421059","8.32285747928537","8.01025603931938","7.70489837800042","7.43319952177359","7.2739505445197","7.20161280662949","7.10308500909213","6.9692118731345","6.81457907368738","6.62567575938452","6.44736388714371","6.3802571667517","6.41535084600333","6.49395023836138","6.60776735334082","6.72494517593133","6.80918135127843","6.86176908367761","6.88058273364713","6.87394088992263","6.85657678852325","6.83243513009675","6.82856994910946","6.85644421739365","6.90756808008824","6.96301579705228","6.98998587619039","6.96954412636205","6.89830695106229","6.77667723805927","6.6379691623214","6.51943779885956","6.43289725762294","6.38214785518942","6.36258221540656","6.36130896224142","6.35340057411428","6.33704026134847","6.37680214935683",
"United States","USA","Population ages 15-64, male","SP.POP.1564.MA.IN","53046751","53672805","54498987","55359844","56194873","56971767","57791863","58700357","59632985","60594912","61651080","62884762","64209578","65555391","66894056","68264672","69602173","70918319","72188576","73415935","74439298","75415831","76322185","77177195","78018631","78918845","79820916","80565463","81209566","81824202","82655302","83689306","84764520","85890448","87040927","88260526","89547078","90948336","92364242","93780559","95178435","96427585","97577318","98668395","99853997","101079944","102278535","103283274","104166314","104952090","105729329","106434443","107057123","107623664","108269247","108946772","109625866","110180955","110609082","110943663","111150705","111089707","111432938","111977963","112707283",
"United States","USA","Population ages 15-19, female (% of female population)","SP.POP.1519.FE.5Y","7.29108197780407","7.49672397902519","7.80599054601563","8.0601215723308","8.29219052528236","8.55849622129195","8.71980580622969","8.7386002282952","8.7796432817425","8.8855813145801","9.02728585132595","9.1794513522048","9.31064422722678","9.40859365077299","9.45872257679873","9.4539285546498","9.41763529337451","9.33574016838557","9.19125292438471","9.01069905610584","8.77323586397624","8.46701168945642","8.13971954467977","7.82723913252883","7.55843410958829","7.39172818443819","7.29447160240111","7.16091225772296","6.98194379014468","6.77491053164695","6.55038576938624","6.35668248791039","6.28208321162545","6.31690007360107","6.39543859234433","6.51097539872597","6.64024015802908","6.7455890497845","6.8224649123562","6.86912383105098","6.89084751071957","6.88986972488492","6.8704481752953","6.87082080279873","6.90052825227701","6.95010440341789","6.99788635475655","7.01287407560759","6.98058833208802","6.89874027170676","6.76924884130558","6.62177041087815","6.49071697378087","6.39331790624302","6.33350396505276","6.31535526526919","6.32429291812486","6.33480339054061","6.34649358409097","6.35852224552037","6.35427348089697","6.3590620985468","6.39154905105137","6.41229746446758","6.42373042825228",
"United States","USA","Population ages 05-09, female (% of female population)","SP.POP.0509.FE.5Y","10.143650366464","10.2504391003841","10.3183471127031","10.3475902256825","10.3290430111819","10.2613727903325","10.1722042488539","10.0452828880798","9.86006185394213","9.64258554772273","9.36443458114199","9.00234362842196","8.61702636327109","8.25291781923415","7.93708401982919","7.737140758142","7.62102980767788","7.47113807048932","7.27629380291787","7.05944158500738","6.80471198171704","6.56287998223437","6.45039019796696","6.45646151679651","6.51437737281121","6.61538388616649","6.73371132983388","6.82784655280148","6.88795480967145","6.91225091841091","6.90094752784944","6.88571048044006","6.87997709375725","6.89777250473287","6.94965283760358","7.02217167909473","7.09271425686236","7.12929414932491","7.11194130701597","7.0367328238007","6.90282923548748","6.74102494439609","6.59498513158234","6.484799580087","6.41353282256571","6.38626781884318","6.38390067685007","6.37753195425158","6.37172986055559","6.36654031155793","6.35121426393005","6.3547083068393","6.39761613080394","6.43715942887899","6.44344834217444","6.41118329234326","6.3351876103088","6.22776503874907","6.1163891310162","6.02966763270218","5.97442284188289","5.9331634680729","5.87634400755774","5.79485496534701","5.69676974162695",
"United States","USA","Population ages 0-14, male","SP.POP.0014.MA.IN","28502320","29122890","29478356","29748898","30008364","30173205","30223882","30166478","30013032","29819083","29690394","29551529","29217557","28737390","28212862","27705691","27191100","26756899","26424340","26178164","26019087","25997628","26058819","26143859","26197202","26213842","26260824","26429110","26736699","27123316","27581364","28134794","28689231","29149877","29508734","29769177","29971040","30153581","30321365","30498181","30661069","30770662","30836526","30859808","30874588","30849823","30861080","30937970","31056448","31166524","31263241","31353138","31459102","31544334","31632841","31701918","31752014","31765449","31700128","31565541","31322844","30940716","30655349","30401413","30220947",
"United States","USA","Population ages 00-04, female (% of female population)","SP.POP.0004.FE.5Y","11.162290337072","11.0203142582979","10.828047201541","10.576201364991","10.298423836581","9.97303286334822","9.57378405384955","9.16136178409491","8.78327438146958","8.47145546659936","8.28001949540368","8.14628813366368","7.96428441741034","7.74406490340819","7.50716115917996","7.23535358479173","6.98084792596483","6.86515904587627","6.87282569150861","6.93332101518041","7.03180435231236","7.14526066265273","7.23560348571497","7.28682231544665","7.30069271916128","7.2861397351168","7.26538272216923","7.24599934271571","7.25232127500779","7.30025222316592","7.34154231729894","7.37443971559959","7.39654601337915","7.3634583446507","7.27424543911487","7.12739305466947","6.95824157359173","6.80848664723766","6.69054769340431","6.60941167256334","6.56796518864678","6.55794198267347","6.55605910413374","6.5538692219003","6.54935560949895","6.5310395524626","6.52291433241578","6.5464385561663","6.56323910822477","6.54460977291373","6.48458563822102","6.38915245193343","6.27134247114897","6.1490286603199","6.05225157763674","5.99095927885012","5.94649636297447","5.89265205355181","5.82201777278087","5.73266196727175","5.61283642406967","5.49017093512232","5.40196904058837","5.32990038005777","5.27036635987712",
"United States","USA","Female headed households (% of households with a female head)","SP.HOU.FEMA.ZS","","","","","","","","","","","","","","","","","","","","","","","","","","","","","","","","","","","","","","","","","","","","","","","","","","","","","","","","","","","","","","","","","",
"United States","USA","Fertility rate, total (births per woman)","SP.DYN.TFRT.IN","3.654","3.62","3.461","3.319","3.19","2.913","2.721","2.558","2.464","2.456","2.48","2.266","2.01","1.879","1.835","1.774","1.738","1.79","1.76","1.808","1.8395","1.812","1.8275","1.799","1.8065","1.844","1.8375","1.872","1.934","2.014","2.081","2.0625","2.046","2.0195","2.0015","1.978","1.976","1.971","1.999","2.0075","2.056","2.0305","2.0205","2.0475","2.0515","2.057","2.108","2.12","2.072","2.002","1.931","1.8945","1.8805","1.8575","1.8625","1.8435","1.8205","1.7655","1.7295","1.706","1.6415","1.664","1.6565","1.6165","",
"United States","USA","Mortality rate, infant, male (per 1,000 live births)","SP.DYN.IMRT.MA.IN","29.3","28.6","28.2","27.6","26.9","26.2","25.5","24.8","24.1","23.3","22.3","21.5","20.6","19.7","18.7","17.7","16.8","16.1","15.3","14.6","13.9","13.3","12.8","12.4","12","11.8","11.5","11.2","10.9","10.7","10.4","10.1","9.7","9.3","9","8.7","8.4","8.2","8","7.9","7.8","7.7","7.6","7.6","7.5","7.4","7.3","7.2","7.1","7","6.8","6.7","6.5","6.4","6.3","6.3","6.2","6.1","6.1","6","6","5.9","5.9","5.9","",
"United States","USA","Contraceptive prevalence, any modern method (% of married women ages 15-49)","SP.DYN.CONM.ZS","","","","","","49.1","","","","","56.8","","","63.5","","73.2","60.5","","","","","","","","","","","","","","","","","","","","","","","","","","64.4342714694516","","","","","","","","","","","","","63.1039555806477","","67.7188112151858","","66.1","","","","","",
"United States","USA","Mortality rate, adult, female (per 1,000 female adults)","SP.DYN.AMRT.FE","130.63","126.608","128.623","130.297","129.095","128.619","128.744","127.484","130.822","128.864","128.466","125.887","124.305","122.92","117.149","112.933","110.078","107.656","105.872","102.067","102.561","100.866","97.53","97.093","96.122","95.529","94.575","94.286","94.402","92.515","90.868","90.652","88.984","90.066","89.515","89.372","87.123","85.4","83.564","83.804","83.359","84.172","83.72","83.557","81.47","81.507","80.928","79.447","78.705","79.055","77.159","77.926","77.717","78.083","79.372","80.429","82.097","81.986","80.593","79.455","92.257","103.648","90.891","82.423","",
"United States","USA","Methane (CH4) emissions from Industrial Processes (Mt CO2e)","EN.GHG.CH4.IP.MT.CE.AR5","","","","","","","","","","","0.5157","0.4967","0.635","0.5828","0.4743","0.435","0.5895","0.6006","0.6396","0.654","0.596","0.6064","0.5104","0.6313","0.5139","0.4662","0.6728","0.6249","0.6568","0.6141","0.6851","0.6196","0.6765","0.7986","0.8348","0.8984","0.8968","0.927","0.7155","0.7176","0.712","0.5883","0.6342","0.668","0.6835","0.5783","0.5539","0.5291","0.4633","0.4263","0.4396","0.4719","0.5013","0.5107","0.5428","0.6607","0.7993","0.8232","0.9064","0.9708","0.9997","1.0135","1.0611","1.0082","1.022",
"United States","USA","Methane (CH4) emissions from Agriculture (Mt CO2e)","EN.GHG.CH4.AG.MT.CE.AR5","","","","","","","","","","","243.3884","249.3481","250.3186","252.7398","262.0182","264.7709","257.6885","253.6919","251.2511","247.0457","255.1365","262.6507","259.4393","251.4413","252.9434","246.407","240.0158","235.5744","237.9597","234.2199","234.9186","234.1498","239.3814","240.6879","248.6485","250.3925","250.3816","252.0884","251.203","252.343","249.9867","250.7904","250.678","249.524","250.8772","251.8954","252.4891","253.4917","257.0877","253.994","256.578","252.1146","251.967","250.7294","253.9671","256.2707","265.3699","265.3181","271.039","270.4505","271.4444","267.4148","262.1048","258.963","257.3468",
"United States","USA","Fish species, threatened","EN.FSH.THRD.NO","","","","","","","","","","","","","","","","","","","","","","","","","","","","","","","","","","","","","","","","","","","","","","","","","","","","","","","","","","","251","","","","283","","",
"United States","USA","PM2.5 air pollution, population exposed to levels exceeding WHO guideline value (% of total)","EN.ATM.PM25.MC.ZS","","","","","","","","","","","","","","","","","","","","","","","","","","","","","","","47.9977370375362","","","","","44.694453712147","","","","","43.0813450802919","","","","","44.220561764174","","","","","38.2130323583238","46.6861985255353","28.6580810105166","20.8405573376878","11.7312972136243","8.46530650743068","3.33443559203764","3.34317037021352","","","","","","","",
"United States","USA","PM2.5 air pollution, mean annual exposure (micrograms per cubic meter)","EN.ATM.PM25.MC.M3","","","","","","","","","","","","","","","","","","","","","","","","","","","","","","","14.1040671222385","14.0544341851405","13.9809637897444","13.8889589603847","13.7837227213961","13.6705580971134","13.5247584523913","13.3350220125644","13.1267590926874","12.9253800078151","12.756295073002","12.6049538802777","12.4353763769804","12.2408284111277","12.0145758307373","11.7498844838268","11.309448518998","10.6730029423263","10.0093748880401","9.48739149036763","9.27587988353719","9.36462744857706","9.01055428019472","8.74620817680451","8.5101265108009","8.19074183499752","7.40835009300858","7.79040584360488","7.8220065111125","7.17602147949022","7.81485752365112","","","","",
"United States","USA","Energy use (kg of oil equivalent) per $1,000 GDP (constant 2021 PPP)","EG.USE.COMM.GD.PP.KD","","","","","","","","","","","","","","","","","","","","","","","","","","","","","","","172.818980276898","174.428297692187","171.871526983686","170.205855718156","166.642091357114","164.352666440279","161.896965857722","156.553985740203","151.113118170806","148.110244130459","146.354416648375","142.214234990405","141.432361904654","137.903558613867","135.529257857755","131.59002560718","126.810186227875","126.511902092066","123.10897199564","120.128785273056","119.79644860179","116.351393793629","111.564782664245","111.176942564166","109.739336203226","105.495695655706","102.487491022938","99.626328294063","99.5023042495399","96.9567065806006","91.1990257034833","90.3950212215861","89.5948670140772","85.8092003985318","",
"United States","USA","GDP per unit of energy use (constant 2021 PPP $ per kg of oil equivalent)","EG.GDP.PUSE.KO.PP.KD","","","","","","","","","","","","","","","","","","","","","","","","","","","","","","","5.78640146121541","5.7330147300107","5.8182993864651","5.87523852091142","6.00088484161542","6.08447688534079","6.17676801230985","6.38757292107191","6.61755916431878","6.75172744377609","6.83272854281234","7.03164489875058","7.07051757131894","7.25144448810073","7.37848060121125","7.59936017479913","7.8858018408949","7.90439463373393","8.12288482138745","8.32439949947864","8.34749286536915","8.59465424001444","8.96340203529553","8.99467080975763","9.11250272325417","9.47905972641372","9.75728832874039","10.0375073248543","10.05001851507","10.313881682529","10.9650294209427","11.062556172742","11.1613536949933","11.6537620133459","",
"United States","USA","Electricity production from renewable sources, excluding hydroelectric (kWh)","EG.ELC.RNWX.KH","","","","","","","","","","","","","","","","","","","","","","","","","","","","","","","80281000000","40987000000","49433000000","52518000000","52085000000","46487000000","46165000000","44445000000","43479000000","49515000000","77160000000","72174000000","81103000000","81824000000","86869000000","93760000000","103340000000","112196000000","134309000000","153106000000","178411000000","207229000000","234311000000","270946000000","299184000000","317421010000","367406010000","415813170000","447677760000","477235930000","540247930000","612795580000","","","",
"United States","USA","Electricity production from natural gas sources (% of total)","EG.ELC.NGAS.ZS","","","","","","","","","","","","","","","","","","","","","","","","","","","","","","","11.8581529170412","12.2786827195467","12.9715545732457","12.9276986937455","14.1674164047981","14.763460906046","13.0204551400563","13.6745320369697","14.5790524395188","14.9308611275176","15.6511748929779","17.0727448039703","17.5860502774541","16.4191756309282","17.5228079722989","18.2292015961371","19.5956083835891","21.0397575451608","20.8361176220926","22.6773458382628","23.2473512195011","24.0317942697754","29.4722024117502","26.9009335238418","26.7565376323821","31.7933622551312","32.8109100382736","31.2078728489082","34.0980392949021","37.3386751552908","39.4395784267905","37.3533948571277","38.7158515164943","41.892928955816","",
"United States","USA","Electricity production from coal sources (% of total)","EG.ELC.COAL.ZS","","","","","","","","","","","","","","","","","","","","","","","","","","","","","","","52.8067144283219","52.2647015727264","52.9084876860657","53.0924462371896","52.189576024886","51.157975430151","52.3524199746425","53.4383545788116","52.3773857593639","51.7974259515928","52.5455952833036","51.2797560452507","50.3481753194178","51.0398445378028","50.0734636116791","50.1576949157594","49.4740667559362","48.7018950807627","48.8202513540285","45.1901585759088","45.5458691814189","43.1182654042579","38.3024989162506","39.7645256295846","39.4569266083475","34.0732643852126","31.3286000724658","30.827999443826","28.5527483493205","24.3530384173999","20.0882948834085","22.6659071437519","20.3164902183759","16.6638854819688","",
"United States","USA","Energy intensity level of primary energy (MJ/$2021 PPP GDP)","EG.EGY.PRIM.PP.KD","","","","","","","","","","","","","","","","","","","","","","","","","","","","","","","","","","","","","","","","","6.72","6.53","6.5","6.33","6.23","6.04","5.82","5.81","5.65","5.52","5.5","5.34","5.13","5.12","5.07","4.88","4.75","4.63","4.62","4.51","4.27","4.24","4.17","","",
"United States","USA","Multilateral debt service (% of public and publicly guaranteed debt service)","DT.TDS.MLAT.PG.ZS","","","","","","","","","","","","","","","","","","","","","","","","","","","","","","","","","","","","","","","","","","","","","","","","","","","","","","","","","","","","","","","","","",
"United States","USA","Debt service on external debt, public and publicly guaranteed (PPG) (TDS, current US$)","DT.TDS.DPPG.CD","","","","","","","","","","","","","","","","","","","","","","","","","","","","","","","","","","","","","","","","","","","","","","","","","","","","","","","","","","","","","","","","","",
"United States","USA","Total debt service (% of exports of goods, services and primary income)","DT.TDS.DECT.EX.ZS","","","","","","","","","","","","","","","","","","","","","","","","","","","","","","","","","","","","","","","","","","","","","","","","","","","","","","","","","","","","","","","","","",
"United States","USA","Net ODA received (% of imports of goods, services and primary income)","DT.ODA.ODAT.MP.ZS","","","","","","","","","","","","","","","","","","","","","","","","","","","","","","","","","","","","","","","","","","","","","","","","","","","","","","","","","","","","","","","","","",
"United States","USA","Net official development assistance received (current US$)","DT.ODA.ODAT.CD","","","","","","","","","","","","","","","","","","","","","","","","","","","","","","","","","","","","","","","","","","","","","","","","","","","","","","","","","","","","","","","","","",
"United States","USA","Net official development assistance and official aid received (current US$)","DT.ODA.ALLD.CD","","","","","","","","","","","","","","","","","","","","","","","","","","","","","","","","","","","","","","","","","","","","","","","","","","","","","","","","","","","","","","","","","",
"United States","USA","Net official flows from UN agencies, UNWTO (current US$)","DT.NFL.UNWT.CD","","","","","","","","","","","","","","","","","","","","","","","","","","","","","","","","","","","","","","","","","","","","","","","","","","","","","","","","","","","","","","","","","",
"United States","USA","Net official flows from UN agencies, UNPBF (current US$)","DT.NFL.UNPB.CD","","","","","","","","","","","","","","","","","","","","","","","","","","","","","","","","","","","","","","","","","","","","","","","","","","","","","","","","","","","","","","","","","",
"United States","USA","Net official flows from UN agencies, UNEP (current US$)","DT.NFL.UNEP.CD","","","","","","","","","","","","","","","","","","","","","","","","","","","","","","","","","","","","","","","","","","","","","","","","","","","","","","","","","","","","","","","","","",
"United States","USA","Intentional homicides, female (per 100,000 female)","VC.IHR.PSRC.FE.P5","","","","","","","","","","","","","","","","","","","","","","","","","","","","","","","3.9996960412208","4.17015041802676","3.9665383125414","4.18029084726909","3.72895237944475","3.70864131117842","3.28491337793013","3.00549725030699","2.97287921087921","2.69566574794702","2.61800227433279","3.11907168312805","2.60567954784494","2.53629633858421","2.41534187819448","2.3974748676224","2.43732062155678","2.42890452651552","2.34403043007881","2.28590566902663","2.12372042156473","2.07350104816686","2.08068760945454","1.98111567897548","1.97360522226665","2.04935169086202","2.26579014605022","2.23336677382323","2.21624536158089","2.1359010481462","2.5778746719936","3.00370199175124","2.80876215814734","2.55078416556168","",
"United States","USA","Voice and Accountability: Standard Error","VA.STD.ERR","","","","","","","","","","","","","","","","","","","","","","","","","","","","","","","","","","","","","0.208055749535561","","0.21355502307415","","0.202215626835823","","0.187490850687027","0.186603337526321","0.175457552075386","0.168726220726967","0.139394223690033","0.139338657259941","0.140368029475212","0.139531120657921","0.139664068818092","0.134281918406487","0.129382625222206","0.128571301698685","0.139295607805252","0.142028704285622","0.140081316232681","0.137990429997444","0.139258250594139","0.132092639803886","0.140127509832382","0.140627920627594","0.13763228058815","0.132822662591934","",
"United States","USA","Voice and Accountability: Number of Sources","VA.NO.SRC","","","","","","","","","","","","","","","","","","","","","","","","","","","","","","","","","","","","","7","","7","","8","","9","9","9","10","14","14","14","14","14","15","15","14","12","12","12","13","13","12","11","11","11","11","",
"United States","USA","High-technology exports (% of manufactured exports)","TX.VAL.TECH.MF.ZS","","","","","","","","","","","","","","","","","","","","","","","","","","","","","","","","","","","","","","","","","","","","","","","","29.8991351588255","28.4192806106129","24.3626446890131","22.6194775165319","20.624916162211","20.174250704896","20.188635370966","20.4843982208576","21.3904480368657","22.4192942002286","19.2659699620243","18.4842699258676","18.6853939276571","19.4939761609452","19.9014614131792","20.5789833007379","21.8459878355521","24.322982844202",
"United States","USA","Export value index (2015 = 100)","TX.VAL.MRCH.XD.WD","","","","","","","","","","","","","","","","","","","","","16.327382034","16.0540438697","15.2221329504","15.0763154197","16.0438238157","16.562103954","19.1394060846","22.3006844814","25.4276613181","27.0886053217","30.9674325237","31.4333875169","33.3875277147","32.853790927","37.0784363228","38.9161332827","41.6001973115","45.8668142516","45.3980181417","46.3070593199","52.0386308214","48.5234586367","46.127766769","48.2353526844","54.2320029608","60","68.3","76.4","85.7","70.3","85.1","98.7","102.9","105.1","107.9","100","96.6","102.9","110.7","109.4","94.8","116.8","137.4","134.5","",
"United States","USA","Merchandise exports to low- and middle-income economies in Sub-Saharan Africa (% of total merchandise exports)","TX.VAL.MRCH.R6.ZS","2.25755491005453","2.11679927938748","2.41016439551913","2.37231243763041","3.07231322413104","3.24784882740003","3.04235737650385","2.80158098607759","2.70411252945444","2.70233308716939","2.7834173025717","3.06574984800856","2.44997273146789","2.36443157786797","2.56002170084621","2.97692325787456","2.93141975485119","2.73137670070538","2.47269689072788","2.0110728996281","2.59157074634176","2.94682209869214","2.67759947145343","2.26454599267497","2.12777680576352","1.84572115105963","1.34625036396794","1.27864082372926","1.21241835172047","1.06151694091646","1.07563256194286","1.18108924977864","1.23846840145616","1.03848495287062","0.884174447826635","0.947882556790003","0.991171589253705","0.897593122499288","0.981950005423428","0.816875876076032","0.761695533894984","0.928041544145522","0.861306219979482","0.948668054378284","1.04501863320486","1.13642829311824","1.16626751456347","1.23662863947809","1.42367181041652","1.41441341876914","1.33005151690407","1.42093953418931","1.44964689290476","1.5115658605493","1.56648369461494","1.17585636838026","0.926874044443066","0.899041766839919","0.947031501360719","0.950954769817857","0.930253606645267","0.928038525200715","0.888735182051526","0.891784387171511","",
"United States","USA","Merchandise exports to low- and middle-income economies in Europe & Central Asia (% of total merchandise exports)","TX.VAL.MRCH.R2.ZS","0.907098812617846","1.01586348396137","1.33359196935163","1.3789349541867","1.10267678785457","0.786079114069666","0.918251372179409","0.828636629684921","0.800441291978199","0.817811329011789","0.760430572688714","0.723432131697638","0.664932667701473","0.515686836907722","0.491659796851258","0.596913691573029","0.416850729627112","0.369712897135224","0.266786908653665","0.214917535541679","0.262266194208045","0.357682551675752","0.438259798070647","0.411902017833574","0.608260746423176","0.641731560225512","0.557445634683463","0.60994783956623","0.601293350418268","0.576342648249213","0.600498058125177","0.602312590217984","0.731051573978111","0.961220791371787","0.726834932581598","0.610874849559555","0.726133454051369","0.738247062175422","0.681465551798456","0.627069975447033","0.639830479322468","0.590980716210386","0.666682473280077","0.582282280702289","0.651299720517273","0.695042214836211","0.79264025673649","0.871938696259989","1.1810135506326","0.964798745807204","1.09803025819876","1.32396757721425","1.12521469700896","1.10988841145048","1.03415202296992","0.824083831082979","0.92062354047024","0.888651845186173","0.911675722977349","0.943445805624601","0.96535350236807","0.984832720147707","0.991089454649989","1.01515859878733","",
"United States","USA","Merchandise exports (current US$)","TX.VAL.MRCH.CD.WT","19626000000","20190000000","20973000000","22427000000","25690000000","26699000000","29379000000","30934000000","34063000000","37332000000","43225000000","43549000000","49199000000","70823000000","99437000000","108856000000","116794000000","123182000000","145847000000","186363000000","225566000000","238715000000","216442000000","205639000000","223976000000","218815000000","227158000000","254122000000","322427000000","363812000000","393592000000","421730000000","448163000000","464773000000","512627000000","584743000000","625073000000","689182000000","682138000000","695797000000","781918000000","729100000000","693103000000","724771000000","814875000000","901082000000","1025967000000","1148199000000","1287442000000","1056043000000","1278495000000","1482508000000","1545703000000","1579593000000","1620532000000","1502572000000","1451011000000","1546273000000","1663982000000","1643161000000","1424935000000","1754300000000","2065157000000","2018059000000","2065131000000",
"United States","USA","Insurance and financial services (% of commercial service exports)","TX.VAL.INSF.ZS.WT","","","","","","","","","","","0.831600831600832","0.950570342205323","1.37575236457438","1.13636363636364","0.9428403064231","1.11524163568773","0.924214417744917","0.776196636481242","0.855973204317082","4.24510947665661","3.98845447389137","4.78053020425902","4.71976401179941","5.25078369905956","4.68434468831728","4.64618146882334","6.25650885203877","6.28780152273428","4.76083859149196","4.46568201563858","3.46291331546023","3.67420693347611","3.13725490196078","3.56177084138144","3.7108554659161","4.13245416564757","4.52064259012688","5.26945597785585","5.95835100587976","10.768113041093","11.3626686329695","11.2100405304486","12.2385951898662","13.6728748921902","15.0592989968486","15.1474069114126","16.3341710720166","17.8720007077603","17.9006950274676","17.6199394325789","18.0098963284089","18.5735214594375","18.3192640725304","17.9838695804256","18.5198194630545","17.5429324877622","17.5129110851589","18.4341244378013","18.3777883167738","18.3844821566708","23.8306762601166","24.4350252294414","20.392629020527","19.7474562355942","19.8467342797019",
"United States","USA","Agricultural raw materials exports (% of merchandise exports)","TX.VAL.AGRI.ZS.UN","","","6.24338648004558","6.34164667596017","6.38167888363376","5.47179565277521","5.16765673713277","5.18758343841651","5.18488346436039","4.46459633228401","4.89845743940824","4.91763458863476","5.15544106993866","5.6258278767408","5.12179671196257","4.14830694085967","4.63655238885298","5.05733640086522","4.86044192166045","5.53927776165847","5.12720069069338","4.29274907903773","4.25196860479809","4.39570463509914","4.72280591677106","4.23721104228793","4.28179944825734","4.77179172248982","","4.59318112870477","4.5062028691708","3.94289603123057","3.70992286020073","3.36221864918702","3.54277968753403","3.9284494938386","3.13373895164422","2.72660294871002","2.40596187825183","2.12957187178087","2.31176589061403","2.33320484203807","2.42109840854496","2.64288950971667","2.66434741034169","2.5593202703219","2.46044755035212","2.41622620758277","2.28791264221868","2.31153275974209","2.62252718576779","2.75689017258692","2.42826767518133","2.39135511961373","2.2935676509223","2.26473634136667","2.2932690995558","2.28760063212961","2.23298346824415","2.0149095883192","2.13686138176326","2.04366802376243","2.04907815691833","1.72824160090593","1.63272658915774",
"United States","USA","Net barter terms of trade index (2015 = 100)","TT.PRI.MRCH.XD.WD","","","","","","","","","","","","","","","","","","","","","96.7032967","94.50549451","95.40229885","92.04545455","91.86046512","91.76470588","102.2988506","103.125","103.960396","102.9411765","102.7027027","103.6697248","103.6036036","103.8461538","104.6728972","105.1282051","103.4482759","103.7037037","104.8543689","104.950495","100","102.7979275","104.357067","102.8895769","101.2707722","97.2","95.9","96.6","91.8","99","97.1","94.6","94.7","95.3","95.9","100","100.1","99.6","99.8","100.3","100","104.7","109","106.5","",
"United States","USA","Computer, communications and other services (% of commercial service imports)","TM.VAL.OTHR.ZS.WT","","","","","","","","","","","9.38189845474614","9.5","9.40766550522648","9.84570168993388","8.94568690095846","10.2923264311815","10.4898828541001","8.01955990220048","8.47311827956989","8.69565217391305","7.75354794046383","7.0580886945659","18.0447077834635","16.3172518312705","13.9209381501797","13.5536901014341","15.52883949325","16.8483313347975","19.0013631172404","20.9438149748861","20.523485847621","23.5903566447499","23.3616763122671","23.5452756981256","24.3767388712242","25.5797163131544","27.0046443517648","27.1885034479128","27.2693351628842","28.4313349513233","27.1213537907012","27.5402000812709","29.2211128027423","28.5909156490602","27.9570502707059","28.5074165636588","29.4639058069365","30.1138845029731","32.3284069734793","34.2795833876213","34.6770006675072","36.6962913683895","37.2617996604414","39.2029882264785","39.6507221821188","40.1798317459452","41.5198123628168","41.4176927363087","40.8511687561299","40.9817854109981","52.8632451899447","49.3427090989538","42.1103615644242","40.4908200435162","39.6311905719809",
"United States","USA","Merchandise imports by the reporting economy, residual (% of total merchandise imports)","TM.VAL.MRCH.RS.ZS","6.74993947562994","6.53396068703319","6.37011470671647","5.81808986891483","5.41065526262199","5.06116992051573","4.11993479185726","3.89561860812718","3.03386683172694","2.83193066027916","2.96159342752393","2.8659751380688","2.45816900869166","2.68765211111686","4.89251388833456","3.91249114526482","2.93157614462856","2.75951854392884","2.08313033272282","2.53584130690169","2.22038175739769","2.17216261258731","1.98821312328967","1.9601965577757","2.0407479271129","1.9198757823335","1.4307665915042","1.40898148733783","1.23368791043295","1.47782538546102","1.95065385884374","1.7464264977031","1.58147941954246","1.45887125378251","1.31830898502937","1.36489622867231","1.69397826818981","1.60246315886069","1.06675757802978","1.12878081938992","1.50411418922725","1.36838880119992","1.3169449878189","1.38551387039336","1.72585899624053","2.03841628695312","2.00142809807734","2.03380693793548","2.43001229989575","1.79572851263388","1.69710470785815","1.96048265090585","1.70195536179914","1.41094889238153","1.28748079198658","0.694479894479363","0.497647893512235","0.527654726767888","0.520269172235772","0.0776110062104272","0.00718045056064455","0.010427549489447","0.0127355101597755","0.116527821734468","",
"United States","USA","Merchandise imports from low- and middle-income economies in Latin America & the Caribbean (% of total merchandise imports)","TM.VAL.MRCH.R3.ZS","17.5043021376553","16.0703211367865","15.2739143289868","15.2641530035803","14.0681214133914","12.6144646716238","11.6568967399694","11.030209365012","10.1668287794382","9.33279983995198","9.5430469521501","8.44431525726519","8.50229909463359","9.09202871270085","9.1220177854307","8.69645525669153","7.92370460688432","8.27210368093378","8.62643868941154","9.41656108726581","10.0989705973787","10.1972548358706","11.2788825411903","11.6340011452101","10.8408973114412","10.4485687927849","9.11638518177574","9.38989575487158","9.79840079047943","10.0740573503251","10.3786585309604","10.4444526692272","10.6867477822625","10.7918004713678","11.3547122866239","12.1262925932073","13.1374382582546","13.7744054033226","14.1965443514855","14.5119707062771","14.767635728969","15.1666850635472","15.3591442370261","14.8345413897959","14.4800213796077","14.1578618753354","14.4798873580472","14.317086959756","14.2421984805033","15.4068220003989","16.1173370702306","16.7652264568116","17.1023590380644","17.0852360127631","16.8872608740013","16.9151569581133","17.223188323161","17.1015088167396","17.173037027058","17.9499135473485","17.1118032290822","16.9504350516644","17.7725677398953","19.1907373674814","",
"United States","USA","Merchandise imports from high-income economies (% of total merchandise imports)","TM.VAL.MRCH.HI.ZS","64.4064358670689","65.8202335050018","67.6636878722236","68.515996299042","68.9657513145459","72.022544961723","74.0616917221049","75.979074382444","78.4519704070504","80.1167377240199","80.3102321281691","81.4691835535291","81.7332493290681","79.4601183720139","70.8618654746361","70.2592902260426","70.2626403873835","68.5662232068368","71.0659032192181","68.0457356599054","67.4124800520361","70.9506207516432","73.3338761992858","73.8163730186671","76.3499052582565","78.2566239396721","81.0744791498365","79.9497509348329","79.6795792005101","77.3229008471111","75.5312903650646","75.340595551215","73.6456601202816","72.5801600948432","71.6272611644686","70.3352378539039","68.3670988439641","67.1857717317173","66.7919133791788","66.2113631111375","64.6792133295545","63.9410967491101","62.2763369653239","60.7929693045624","58.957317842955","56.9178137972182","55.0842507477441","54.2591584219792","53.3101084081311","51.2607305123378","50.1080743397719","50.9224812999028","51.3684553435217","51.5440976297953","51.7184208947981","50.4556865621534","49.9789405642732","49.2296677916879","49.6274277721348","51.6926867133136","51.1178020573932","50.6289937993143","50.5048494789777","52.5220040840467","",
"United States","USA","Manufactures imports (% of merchandise imports)","TM.VAL.MANF.ZS.UN","","","39.6697585070122","40.747107170946","43.3531983050213","46.7266496730773","50.3719511550883","52.7901085909127","56.2247081605324","59.5923195052237","60.7032132381265","63.3497026242061","64.4594549746471","61.2254828948857","51.7589129057084","51.0981343409769","51.4490892938968","50.5040074388115","56.0919534274793","52.0175487764362","49.989065667322","52.7285105421694","57.7314915871213","61.2216912206292","66.3940720932624","70.1495892379418","75.1159169697297","75.1588321264299","","74.4534359116527","72.6943838648691","74.7895946150371","75.9185265837938","77.2628122041512","78.4417200604253","78.9392418455257","77.64620360154","77.9088870348426","80.2956251356731","79.6461579565402","77.1298122112425","77.1671497608443","77.871175850102","76.1073420010494","74.4296541957502","71.4898012022893","70.47993288939","70.0266670240383","65.5979358405901","70.2702707742356","69.7619265782565","67.4997685868766","69.5127620447021","71.0902593713075","72.8256559840442","78.4228517834401","79.1625174533301","77.9613267593777","77.3349975295966","77.7966864516188","78.8160498313531","77.1303779668808","76.2678637955372","77.2241343182597","78.367195749918",
"United States","USA","Food imports (% of merchandise imports)","TM.VAL.FOOD.ZS.UN","","","23.5529412252051","23.417680770982","22.2839570188224","19.6109606737163","18.7417870407214","18.2047284590419","16.9121852230896","15.270191176698","16.124107249655","14.5383669197079","13.6801349173059","13.7576801708969","11.1839990047221","10.8350449084436","10.1802974719302","9.92821648135698","9.62169603055356","9.17929511957847","8.21976083743851","7.70980087623955","7.86553893007574","7.84581865189515","7.17184949901978","7.03205406638735","7.14664696671624","6.48048006886337","","5.71130962138627","5.80746640047511","5.91463736972724","5.72090127904871","5.32643627498304","5.03528231040926","4.77976969314125","4.92434364605042","4.98481660002539","4.88207534288116","4.59167749164559","3.92515759512508","4.24520882218111","4.59614092906046","4.66677652520533","4.37188328255649","4.20217607983639","4.18360678451427","4.34641191135511","4.39689596912854","5.43239852842352","4.94657479628989","5.03802461711288","5.01869120640454","5.27132629224783","5.52276587352629","5.83172132728094","6.1193049372905","6.08834023504952","5.95676257518906","6.18022472683816","6.77430095157312","6.61168444273988","6.63381888216102","6.78268948296484","6.93248541682915",
"United States","USA","Tariff rate, applied, weighted mean, primary products (%)","TM.TAX.TCOM.WM.AR.ZS","","","","","","","","","","","","","","","","","","","","","","","","","","","","","","2.44","2.51","2.41","2.31","1.89","","1.91","2.36","1.66","3.15","3.67","2.35","2.04","1.91","1.44","1.36","1.33","1.28","1.32","1.07","1.3","1.21","1.36","1.49","1.42","1.48","1.51","1.54","2.25","1.71","80.1","1.38","1.03","1","","",
"United States","USA","Binding coverage, primary products (%)","TM.TAX.TCOM.BC.ZS","","","","","","","","","","","","","","","","","","","","","","","","","","","","","","","","","","","","99.91","99.91","99.91","99.91","99.91","99.91","99.91","99.92","99.92","99.92","99.92","99.92","99.91","99.91","99.91","99.91","99.91","99.92","99.92","99.92","99.92","99.92","99.92","99.92","99.85","99.85","99.85","0","","",
"United States","USA","Tariff rate, applied, simple mean, all products (%)","TM.TAX.MRCH.SM.AR.ZS","","","","","","","","","","","","","","","","","","","","","","","","","","","","","","5.28","5.2","5.31","5.25","5.12","","4.59","4.44","4.34","4.49","3.88","3.87","3.82","3.98","3.53","3.31","3.23","3.14","3.01","3.1","3","2.96","3.03","2.99","2.87","2.93","2.8","2.76","3.36","3.25","8.7","2.87","2.79","2.72","","",
"United States","USA","Tariff rate, applied, weighted mean, manufactured products (%)","TM.TAX.MANF.WM.AR.ZS","","","","","","","","","","","","","","","","","","","","","","","","","","","","","","4.2","4.22","4.25","4.25","4.09","","3.11","2.95","2.83","3.09","2.12","2.06","2.13","2.21","2.08","1.91","1.87","1.84","1.64","1.78","1.84","1.81","1.79","1.75","1.75","1.75","1.74","1.68","1.57","1.58","2.19","1.55","1.57","1.61","","",
"United States","USA","Binding coverage, manufactured products (%)","TM.TAX.MANF.BC.ZS","","","","","","","","","","","","","","","","","","","","","","","","","","","","","","","","","","","","100","100","100","100","100","100","100","100","100","100","100","100","100","100","100","100","100","100","100","100","100","100","100","100","100","100","100","0","","",
"United States","USA","International tourism, expenditures (current US$)","ST.INT.XPND.CD","","","","","","","","","","","","","","","","","","","","","","","","","","","","","","","","","","","","61042000000","65477000000","71948000000","78423000000","77260000000","85490000000","82185000000","79362000000","81708000000","93343000000","98694000000","105403000000","112928000000","119135000000","115123000000","123831000000","130606000000","138167000000","132322000000","140228000000","144669000000","147640000000","158287000000","176818000000","186079000000","48837000000","","","","",
"United States","USA","International tourism, receipts for passenger transport items (current US$)","ST.INT.TRNR.CD","","","","","","","","","","","","","","","","","","","","","","","","","","","","","","","","","","","","18909000000","20424000000","20872000000","20094000000","20043000000","21445000000","19046000000","17790000000","17833000000","21562000000","23259000000","24881000000","27881000000","32065000000","26357000000","31506000000","36738000000","41192000000","42124000000","42482000000","37972000000","35683000000","37290000000","41262000000","40082000000","11393000000","","","","",
"United States","USA","International tourism, number of arrivals","ST.INT.ARVL","","","","","","","","","","","","","","","","","","","","","","","","","","","","","","","","","","","","79732000","82756000","82525000","74767000","75796000","78343000","70975000","64434000","62082000","67606000","71484000","183178000","175299000","175703000","160508000","162275000","147271421.875","171629890.625","179309906.25","178311359.375","176864531.25","175261484.375","174291750","169324921.875","165478000","45037000","","","","",
"United States","USA","Urban population growth (annual %)","SP.URB.GROW","","2.32097587027436","2.21416680670894","2.1056069354957","2.02732094370228","1.84229525611996","1.68326194660362","1.53616872268815","1.347491029964","1.2108267662192","1.27174522321681","1.315723527057","1.11100668272398","0.985344918834215","0.938199820414576","1.00747994508664","0.97194695361051","1.03100829077552","1.09159106932991","1.1456441397579","1.01660172026209","1.06728575717244","1.07461220197608","1.06689243464694","1.04629566533646","1.09131338292957","1.15080317342898","1.13868437128115","1.16785232973036","1.21606302505507","1.41862467470232","1.7002460790984","1.85086060777855","1.8515267141951","1.80229502907771","1.78471478603507","1.75060675609951","1.76033278118873","1.66769018630261","1.57275421291495","1.4443639032964","1.28590084492375","1.22679002674936","1.14974831150741","1.19932029456479","1.1714934968182","1.18241590005963","1.13007654717056","1.07823824914161","0.954849287571703","0.864392511989343","0.787414238049866","0.783503603106941","0.728223178197271","0.750556344326545","0.731619330427075","0.694814117563349","0.573829589091971","0.435313708393269","0.328117138669072","0.242275902012485","0.16984763362711","0.607013468343226","0.880290591487868","1.04286346807884",
"United States","USA","Completeness of death registration with cause-of-death information (%)","SP.REG.DTHS.ZS","","","","","","","","","","","","","","","","","","","","","","","","","","","","","","","","","98.4","","","","","98","","","","","97.4","","","","","","","98","","","","","","","100","","","","","","","","",
"United States","USA","Completeness of birth registration, male (%)","SP.REG.BRTH.MA.ZS","","","","","","","","","","","","","","","","","","","","","","","","","","","","","","","","","","","","","","","","","","","","","","","","","","","","","","","","","","","","100","","","","","",
"United States","USA","Population, female (% of total population)","SP.POP.TOTL.FE.ZS","50.9075434916062","50.9488279396501","50.9931986774596","51.0397680232447","51.0867897290778","51.1351677216553","51.1858286563618","51.2361445380205","51.2851290106573","51.3310682224781","51.3755179711057","51.393218984961","51.38540611133","51.3803493364256","51.3752098131536","51.3705118268482","51.3656745830515","51.3595834062418","51.3525176585135","51.3441634058674","51.3316820721847","51.3021412279737","51.2578846722031","51.2089672331993","51.1580827437964","51.1089087622716","51.0643291580197","51.0235149034866","50.9823280815196","50.9426847513223","50.8809538075126","50.8138006112821","50.7624653696397","50.7103261430005","50.6603956134294","50.6112779949862","50.5612268677032","50.5096341925737","50.454504576304","50.3966081677337","50.3370422682904","50.2947750682911","50.2713507494489","50.2483324888128","50.2262616468326","50.2053027698341","50.1853245782719","50.1670321830175","50.149698003576","50.1340297287881","50.1203130081872","50.0846611591552","50.0289481410604","49.9763324106204","49.9267849764798","49.8797540203541","49.8339724614686","49.7905723230691","49.7521388168989","49.7180861440727","49.7077435692635","49.7189315469768","49.7348084288347","49.7525187498981","49.7573314937605",
"United States","USA","Researchers in R&D (per million people)","SP.POP.SCIE.RD.P6","","","","","","","","","","","","","","","","","","","","","","","","","","","","","","","","","","","","","3126.53057","3237.46993","3413.24357","3478.63413","3487.83262","3529.26596","3576.98706","3779.03771","3637.14002","3560.28174","3596.55336","3543.24508","3668.58989","3790.4393","3550.08505","3659.09511","3642.58414","3725.75931","3824.01193","3858.04036","3809.11997","3931.60035","4226.79136","4265.92083","4464.09495","4825.1804","","","",
"United States","USA","Age dependency ratio (% of working-age population)","SP.POP.DPND","66.9354046625049","67.6083747305395","67.5087467326172","67.1817554792835","66.8777012267588","66.5610424794393","65.9985287814559","65.1173811063162","64.0797693239846","62.997596875772","61.9946613779737","60.85114524364","59.4065751976991","57.8329917214712","56.2992571440269","54.8818005160446","53.544071606248","52.403894493565","51.5006827178822","50.7891686161789","50.3205679983998","50.0520528903637","49.9439250729823","49.9232284077432","49.8830003733776","49.7654113331785","49.7054297393338","49.8926857604386","50.2833103997195","50.77464898173","51.238482086274","51.6541373756373","51.9977277550372","52.1602619489498","52.1445550097576","51.9691102485906","51.6754019155487","51.2932387708189","50.8653430749568","50.4451370434482","50.0358331385231","49.6385027806598","49.2523674393258","48.87487974038","48.4979199966309","48.0956829396105","47.8032811357291","47.7735820707482","47.9187424830396","48.0979715941135","48.2461171051273","48.5112483606419","48.9935347408379","49.5000916066393","49.9593733626838","50.3802792773562","50.7885326899222","51.2357568878998","51.6943264101797","52.1637515215282","52.5896816378799","52.9517089793606","53.377633599054","53.908799692093","54.4480428025866",
"United States","USA","Population ages 75-79, male (% of male population)","SP.POP.7579.MA.5Y","1.46949068463275","1.50098978938582","1.51834285489293","1.5355716902588","1.54829203632828","1.54861434084157","1.5461149310228","1.55341862566727","1.56294876436344","1.5692052227275","1.57814794212941","1.5770102740461","1.55803492698237","1.53869596026167","1.53176156374133","1.54649817923145","1.56295046610582","1.57317816780854","1.59025174445351","1.61128121226104","1.63157107321556","1.65638274999625","1.69107761106076","1.72602558227739","1.75896397099265","1.78702644803865","1.81412310520036","1.84154267574848","1.86503471216886","1.88804582714484","1.90538050101093","1.91599315744786","1.93097043328555","1.9544729499613","1.98439283009366","2.01836070750826","2.05617114841994","2.09087136782298","2.11324002729833","2.12409431870471","2.12632011247145","2.11685894365978","2.10844585270065","2.10386219726077","2.09999146095979","2.10247871125412","2.10271741493178","2.0922435074498","2.07547746663931","2.06474806788066","2.06262526896441","2.06866767337676","2.08817509596609","2.11988215259215","2.14444724652851","2.15947068497782","2.19552016933993","2.27519765248106","2.38495036348696","2.50018913310965","2.60403011999823","2.73482069856461","2.90773795962396","3.06869494264339","3.20786402530472",
"United States","USA","Population ages 65 and above (% of total population)","SP.POP.65UP.TO.ZS","8.8314218831382","8.93224971447274","9.01040436507793","9.07360013080243","9.14223296309337","9.25782474300751","9.36924392145345","9.44857741006029","9.53132472693188","9.61605351913425","9.71854682194377","9.81103982652484","9.89782741890136","10.0054067654897","10.1276349029002","10.2712959413858","10.4237459940516","10.5816791989412","10.7467464742601","10.9165153838118","11.0762818567785","11.2072875633608","11.3305189780435","11.4594683538017","11.5919296386846","11.7199544962563","11.8530289796768","11.9901802513702","12.1090634775138","12.2178715566084","12.3050798148742","12.3519332841069","12.3867401310392","12.4064404858196","12.4074406532205","12.4053596836067","12.3882659963334","12.3542498411949","12.3014879807447","12.2408686816707","12.1858169904893","12.1410204340048","12.113268087791","12.103110972241","12.1109989202413","12.1307281353119","12.1840000918956","12.310107950036","12.4866608131465","12.6710930384686","12.8447616637143","13.0663304653738","13.3766080380696","13.7011927174869","14.0089266008532","14.3102247136795","14.6147285118987","14.9391233929999","15.2914866245804","15.6728852475003","16.0719119439363","16.4737700238047","16.9196203896458","17.4318194823539","17.9287302134033",
"United States","USA","Population ages 65 and above, female (% of female population)","SP.POP.65UP.FE.ZS","9.5776478023753","9.7243299931466","9.84934525048209","9.96647102680248","10.0858032283106","10.253279166005","10.4191481179492","10.5514298878478","10.6888554441814","10.825832418414","10.9771779540936","11.1246796329997","11.2763323474004","11.4490908062421","11.6314284268082","11.8318576476949","12.0369826901013","12.2487544870614","12.468230808049","12.6867494066843","12.8944491701855","13.0693323987025","13.2314300896361","13.4000274558957","13.5697685845298","13.7282745654427","13.8915020408996","14.0593845265741","14.2036937425716","14.3322034391514","14.4401673808675","14.5005937829319","14.5348986261373","14.5470063434205","14.5322120439677","14.5074010249879","14.4676841647833","14.4118338181896","14.3313777767263","14.2379475591001","14.1468609680802","14.0603501361627","13.9858240275061","13.9302607327923","13.9054615805678","13.9025285385261","13.928696698828","14.0225347065643","14.1651619075597","14.3145384830924","14.4552954734596","14.6480237691616","14.9341847970107","15.2412985211735","15.536318541355","15.8276429861595","16.1261768238838","16.4497022810785","16.8045870750637","17.1889048313581","17.5989235402946","18.0215024146039","18.4852950292039","19.0095255930302","19.5148293314764",
"United States","USA","Population ages 60-64, male (% of male population)","SP.POP.6064.MA.5Y","3.87258671018698","3.87037956926758","3.84941498789068","3.8491214087961","3.85851400675852","3.84967971925704","3.84970068953695","3.88678328828988","3.92646029048777","3.95564403203018","3.97414710259963","3.99868001564115","4.02978076736717","4.05992239913597","4.09626231164299","4.12438427843388","4.13835600387373","4.15404862159838","4.17887624977056","4.20832616076353","4.24640871251318","4.29226830274987","4.3249823619375","4.3338554526908","4.32469408842944","4.29846351835117","4.24611673377091","4.19255047159741","4.14048871822378","4.07909564857868","4.01915709167835","3.95580859075383","3.87644757692797","3.79124080190535","3.72178453570455","3.66717295992386","3.63373388906394","3.63108237072293","3.65250595225384","3.66481299594663","3.6628281684755","3.70282987163079","3.81996228319779","3.98487212255486","4.15942213781445","4.31610115549639","4.50929679422693","4.74319531947307","4.93298130841564","5.09823038460933","5.27719780305833","5.3950983340963","5.42978343893062","5.48026629323608","5.57624302580702","5.68603904052667","5.78927428904431","5.88960634062058","5.98404511547617","6.05919897683632","6.12994855963505","6.19875317246772","6.23505708834354","6.2378072303739","6.20928417414616",
"United States","USA","Population ages 50-54, male (% of male population)","SP.POP.5054.MA.5Y","5.38447455646297","5.37961346018902","5.37557850527223","5.36998450642905","5.37464173999533","5.36998722625751","5.35050846175692","5.33873159619892","5.34025674261094","5.34522076037208","5.36013579626348","5.39761754604437","5.43472968560783","5.44923169305443","5.44467993071328","5.41784631652584","5.354289595592","5.2852496790313","5.21649131433546","5.13255879844768","5.05447066094209","4.97243671085783","4.86341182354958","4.74782923648444","4.65257594289124","4.57427550834703","4.52351981772021","4.5117631738553","4.53013254371852","4.5385662891125","4.52631395705729","4.55418806235859","4.66712353064306","4.84010086823351","5.02855261845412","5.19767820569686","5.41134000952355","5.67353320872893","5.8815789954104","6.06062905844203","6.25710510846244","6.38870620174932","6.42904498260155","6.48725862454426","6.59911698474111","6.72576646098019","6.840581245596","6.94629495514418","7.04022779077562","7.10856757556725","7.16215706880816","7.21105023672493","7.22246085053087","7.18520854613027","7.11778444917923","7.00713853737566","6.84483876047028","6.66370678008733","6.4939637461258","6.35601880784565","6.29959756980523","6.2954563341445","6.2622192337843","6.19678195113916","6.10655992672424",
"United States","USA","Population ages 40-44, male (% of male population)","SP.POP.4044.MA.5Y","6.49588368610677","6.50153346121653","6.5006397884381","6.47142406931421","6.42307683009801","6.35599500756692","6.25409795031835","6.15449029580246","6.0609881096365","5.94907345029452","5.84058760909126","5.73153369892888","5.60194601173072","5.47190295302165","5.36722072601995","5.28159864930526","5.22645120634232","5.21340245340567","5.23394875414236","5.24265911845454","5.23189842767089","5.27495963466239","5.42023891911189","5.63618210608763","5.86923707023425","6.0779670172482","6.33676715125306","6.64969610836114","6.89814417505695","7.11241920034097","7.33905873885785","7.46926606458574","7.47903767445017","7.51289584818973","7.61525120031347","7.73903690871202","7.8538106935166","7.96238068596262","8.05615354207352","8.11781653663955","8.1598040599136","8.19826375430578","8.19760168735684","8.13876771205458","8.04316344842839","7.89549872482378","7.68435752013481","7.44658369730589","7.21860800536573","7.02685702121749","6.9214069585941","6.87889943206504","6.81361573625333","6.71116583930938","6.59026819910466","6.43936440094111","6.29693389776909","6.25139142807046","6.29147973347672","6.36548731220563","6.47474625447329","6.60093210229305","6.70660952480561","6.78673682301333","6.83069789411879",
"United States","USA","Population ages 30-34, male (% of male population)","SP.POP.3034.MA.5Y","6.67189201910042","6.50564329027048","6.31551526002875","6.12547033132418","5.96813942640908","5.83941385576894","5.7540205337553","5.72227689081308","5.73159342373864","5.72529045448646","5.69252381486328","5.73260671784144","5.90729558888235","6.16849832947554","6.44840145988676","6.69840828706758","7.00234712037562","7.36167796413535","7.64457020999799","7.88710331022906","8.15397625252181","8.32581693557082","8.36146575513428","8.42258708837156","8.55741568736886","8.71047664286988","8.84525363419693","8.9634182607343","9.05834814793296","9.10904855713058","9.14052262298834","9.16198950545965","9.12627725627264","9.03151374288643","8.90274024341169","8.72107976924104","8.47500681520127","8.20593892492644","7.95102739586968","7.73787099784668","7.62270302503564","7.56578151549604","7.4703289970175","7.33131206394071","7.16923035497869","6.97119804798897","6.77955840162323","6.69355880538076","6.70226974087355","6.74954283278014","6.8306173922534","6.93599996999744","7.02977268077864","7.09588925557029","7.13334680620541","7.14696689208544","7.15190854349223","7.15373526710964","7.17312308686778","7.2188420080988","7.28143342517929","7.34057699054216","7.36530698809102","7.33806952765934","7.25079532143788",
"United States","USA","Population ages 20-24, male (% of male population)","SP.POP.2024.MA.5Y","6.14382125803199","6.1383896770916","6.27235272159328","6.49944625161497","6.74795797416855","6.97045140687124","7.2652703718573","7.63378842442518","7.9269004069262","8.18175365119961","8.46713135143991","8.66320859639203","8.73170017107532","8.83452925636679","9.01504757589439","9.21121879362433","9.38539868477383","9.53599351288304","9.65489718578446","9.72143176321058","9.75503109608539","9.78238666576298","9.75708843711855","9.6640768837366","9.52991802113213","9.32800714119512","9.04213765954541","8.71944745947738","8.40456048942439","8.1256446994602","7.97203338192656","7.9060055432823","7.8011902246161","7.65379890180507","7.4839865349736","7.27643898714554","7.07909191834931","7.0023578339404","7.0337522014002","7.10769271131204","7.21694157621359","7.32945903352344","7.40612966313261","7.45057511151627","7.46111367474453","7.44538971299168","7.41854571042869","7.38552648402249","7.37406293309276","7.39606771037455","7.44396071838032","7.49251495411464","7.50863255242873","7.47648480518549","7.39009881113982","7.24949608196645","7.09126376994821","6.95350991436603","6.84778443676017","6.78175236692959","6.75068657184279","6.73962125590897","6.72307369936727","6.69866327495774","6.73123924746568",
"United States","USA","Population ages 15-64, male (% of male population)","SP.POP.1564.MA.ZS","59.8074901972383","59.5685495014993","59.6162637563858","59.7494434823216","59.871542227413","60.0044928194983","60.2317702592584","60.5785138461775","60.990842795375","61.4299095704942","61.8331956179269","62.3007994161995","62.9258356361018","63.6278388627535","64.3298308916077","64.9975292426908","65.6377506871297","66.2013612932202","66.6671988167099","67.0450503732276","67.3131356828062","67.489204456537","67.5908440023897","67.6580280942966","67.7354129044527","67.8442017924159","67.9265124455237","67.8934055609134","67.7606276575719","67.5770788048605","67.4118416708783","67.2572023432486","67.1130122414636","67.0426073173405","67.044643235903","67.1125032305147","67.2350632276308","67.3996189753357","67.5803453714159","67.7540062028654","67.921429907559","68.0772019140148","68.2205620219392","68.3613794722655","68.5150947366849","68.6910283101734","68.8109589418147","68.8039357221336","68.7150240225802","68.6075272245874","68.5144237571887","68.3781103914904","68.1551494637855","67.9278925020094","67.7264713798634","67.5452363833615","67.372855075629","67.1882972402473","67.0036917718621","66.8157948253175","66.6539299668749","66.5274320164314","66.3708305353134","66.1664979886764","65.9566544753017",
"United States","USA","Population ages 15-19, male (% of male population)","SP.POP.1519.MA.5Y","7.51515960954544","7.80121495724231","8.16067689595988","8.43950316310867","8.68163636977446","8.96686975509882","9.14931208783817","9.17777147945022","9.23926815004559","9.38455697864032","9.54163218709252","9.69069435469351","9.84763137957591","9.98580443067755","10.0734738601391","10.1268171937307","10.1625964617592","10.1250727115665","9.99905690426788","9.81602930792174","9.5556860472451","9.23013571540354","8.89116298741683","8.5689113878422","8.29462468164286","8.13227247860292","8.0400014803096","7.89998819561677","7.70259966481812","7.47143645523802","7.21994822681932","7.00349533558435","6.91989720458828","6.95409278699431","7.03113237192466","7.14611281270465","7.27595630221013","7.37807328961539","7.44936404465339","7.4881617987442","7.49946325234389","7.48780658957267","7.45831154126814","7.4494453510492","7.47069710737062","7.51345298723931","7.55266237532897","7.5581053046759","7.51644269218972","7.4225985020093","7.27901601128961","7.11147700402536","6.95437790083743","6.83122743232544","6.75015180931252","6.71473125521195","6.70818341621217","6.70590781098902","6.7080236364823","6.71179364950851","6.70035065235711","6.70274995252922","6.73429825355065","6.75122465064842","6.75713818409676",
"United States","USA","Population ages 05-09, male (% of male population)","SP.POP.0509.MA.5Y","10.6769204250688","10.7672871406732","10.8445623741846","10.9046740469622","10.9196120490212","10.914991391979","10.9116230391485","10.8455148488289","10.6961303081171","10.4915395934935","10.205438310364","9.82296947791593","9.41011003575131","9.02434814591194","8.69338115285735","8.49384872574589","8.38525489587084","8.23388755496645","8.02680806846352","7.79385772023173","7.515264271617","7.24291399250579","7.11024998165572","7.10667982552164","7.1559892573176","7.2512301538792","7.36692090375414","7.45529269738169","7.50648952601585","7.51975746767205","7.49146733964787","7.4617257477614","7.44807508322172","7.45878852867662","7.50473178175892","7.57250904011881","7.63505477420485","7.66039418260575","7.62928112008498","7.53462023227973","7.37579642069441","7.19085113640793","7.02489721727132","6.89561382129057","6.81047847280789","6.77403465271857","6.76369235467172","6.75085051027425","6.74092594610731","6.73203977597897","6.71359764506109","6.71210298603681","6.74617124829864","6.7756941994456","6.77194708223807","6.72928721337308","6.64208223897937","6.52291677160893","6.40088184560011","6.30486315531031","6.24218386184209","6.19472450745646","6.13166967959401","6.04095078421106","5.93071791295734",
"United States","USA","Population ages 0-14, male (% of male population)","SP.POP.0014.MA.ZS","32.1349039220736","32.3219244763969","32.246277639496","32.107751060868","31.9717249528448","31.7793872079333","31.4999000584977","31.1316749797251","30.6964359810467","30.2299893764678","29.7780984893853","29.2771064253399","28.6334104333292","27.8924130166236","27.1313885150653","26.3796983069606","25.6423408874314","24.977230045793","24.4032618982776","23.9064770289934","23.528248606421","23.265131943114","23.0776615239408","22.9192308322644","22.7442888456849","22.5352660191235","22.3476034162785","22.2721032721416","22.3088931020492","22.4006394531469","22.4947520115781","22.610625344071","22.7149365151682","22.7532145593629","22.7295663241393","22.6362118373304","22.5032998791989","22.3460916894537","22.1852987402848","22.0341396233065","21.8804147002864","21.723872394055","21.5591615129767","21.3808995283876","21.1846835474516","20.964654163216","20.7627190897353","20.6098626429763","20.4868971655287","20.3736596798006","20.2591178107904","20.1426178512918","20.0276238648676","19.9095632503514","19.7875273787143","19.6546761432373","19.5138602584889","19.3705567603191","19.2029944940661","19.0103398781814","18.7834222676323","18.5292268698632","18.2587031834713","17.9638474555023","17.6853929380869",
"United States","USA","Population ages 00-04, male (% of male population)","SP.POP.0004.MA.5Y","11.8085965098273","11.7567448736174","11.6255964682625","11.4086789831529","11.1434834658592","10.8102739926945","10.3981933965454","9.97138527434544","9.58219616869166","9.26718945384176","9.08327709193399","8.95583723021701","8.77075159023815","8.53762992938835","8.28461534267509","7.98980766568438","7.71035906752146","7.58557873448095","7.5963479313171","7.66201549390676","7.76691679119959","7.88331842198874","7.96815292250473","8.00792099878494","8.00633478105074","7.97386783296709","7.93629143509885","7.90225633923851","7.89560565929492","7.93471926971758","7.95720548371416","7.96883226846242","7.97998662281498","7.93309633901228","7.82463787060031","7.65275610365893","7.45739766435277","7.2817420558781","7.13734696737356","7.03396455269103","6.97347111542925","6.94942327128402","6.93974955241168","6.93185420752819","6.92172513534969","6.89748218889939","6.88655518385075","6.90833239461549","6.92061084914584","6.89610086328459","6.82877796682339","6.72036102520844","6.58489267954582","6.44605032542639","6.33458329013933","6.25950188461957","6.20121535768024","6.13469672410694","6.05101877583724","5.94765850001493","5.81680628474578","5.68799176659092","5.59741596718536","5.52497612829071","5.46850590372507",
"United States","USA","Women who were first married by age 15 (% of women ages 20-24)","SP.M15.2024.FE.ZS","","","","","","","","","","","","","","","","","","","","","","","","","","","","","","","","","","","","","","","","","","","","","","","","","","","","","","","","","","","","","","","","","",
"United States","USA","Survival to age 65, female (% of cohort)","SP.DYN.TO65.FE.ZS","78.217351","78.842304","78.614493","78.398526","78.678819","78.905771","79.084443","79.448876","79.030193","79.485345","79.621836","80.063825","80.355632","80.577302","81.269686","81.938968","82.264434","82.665173","82.900822","83.483615","83.412445","83.701062","84.067376","84.134416","84.267374","84.335492","84.471199","84.583587","84.553999","84.859","85.145083","85.266684","85.551791","85.388443","85.542187","85.594196","85.861594","86.122082","86.393867","86.408461","86.515621","86.546664","86.659299","86.699123","87.053591","87.099775","87.271537","87.546887","87.649289","87.754436","88.066423","88.028523","88.081335","88.042553","87.888605","87.757762","87.548253","87.558712","87.740089","87.818219","86.083526","84.585182","86.451241","88.080396","",
"United States","USA","Life expectancy at birth, female (years)","SP.DYN.LE00.FE.IN","73.1","73.6","73.5","73.4","73.7","73.8","73.9","74.3","74.1","74.4","74.7","75","75.1","75.3","75.9","76.6","76.8","77.2","77.3","77.8","77.4","77.8","78.1","78.1","78.2","78.2","78.2","78.3","78.3","78.5","78.8","78.9","79.1","78.8","79","78.9","79.1","79.4","79.5","79.4","79.3","79.5","79.6","79.7","80.1","80.1","80.3","80.6","80.6","80.9","81","81.1","81.2","81.2","81.3","81.2","81.1","81.1","81.2","81.4","79.9","79.3","80.2","81.1","",
"United States","USA","Contraceptive prevalence, any method (% of married women ages 15-49)","SP.DYN.CONU.ZS","","","","","","66.5","","","","","67.5999999999999","","","69.5999999999999","","79","67.7","","","","","","69.7","","","","","","74.3","","70.7","","","","","76.4","","","","","","","72.8342714694516","","","","","","77.1078369349927","","76.422420421344","","","","","72.7002750253318","","75.9371810574748","","73.9","","","","","",
"United States","USA","Mortality rate, adult, male (per 1,000 male adults)","SP.DYN.AMRT.MA","233.293","226.703","229.823","233.559","232.277","233.011","236.639","234.856","240.987","239.492","236.992","232.152","232.026","228.488","219.819","212.742","206.648","202.603","199","195.119","194.955","190.25","183.148","179.711","177.94","178.088","177.915","176.195","176.244","174.804","172.059","170.606","168.459","170.257","169.025","166.964","158.008","149.441","145.506","144.774","143.926","144.307","144.378","143.909","140.559","141.969","141.119","138.605","136.811","134.966","131.884","132.138","131.345","131.259","131.878","134.303","138.505","139.215","137.524","136.829","162.969","180.549","159.272","146.888","",
"United States","USA","Public and publicly guaranteed debt service (% of GNI)","DT.TDS.DPPG.GN.ZS","","","","","","","","","","","","","","","","","","","","","","","","","","","","","","","","","","","","","","","","","","","","","","","","","","","","","","","","","","","","","","","","","",
"United States","USA","Total debt service (% of GNI)","DT.TDS.DECT.GN.ZS","","","","","","","","","","","","","","","","","","","","","","","","","","","","","","","","","","","","","","","","","","","","","","","","","","","","","","","","","","","","","","","","","",
"United States","USA","Net ODA received per capita (current US$)","DT.ODA.ODAT.PC.ZS","","","","","","","","","","","","","","","","","","","","","","","","","","","","","","","","","","","","","","","","","","","","","","","","","","","","","","","","","","","","","","","","","",
"United States","USA","Net ODA received (% of gross capital formation)","DT.ODA.ODAT.GI.ZS","","","","","","","","","","","","","","","","","","","","","","","","","","","","","","","","","","","","","","","","","","","","","","","","","","","","","","","","","","","","","","","","","",
"United States","USA","Net official development assistance and official aid received (constant 2023 US$)","DT.ODA.ALLD.KD","","","","","","","","","","","","","","","","","","","","","","","","","","","","","","","","","","","","","","","","","","","","","","","","","","","","","","","","","","","","","","","","","",
"United States","USA","Net official flows from UN agencies, WFP (current US$)","DT.NFL.WFPG.CD","","","","","","","","","","","","","","","","","","","","","","","","","","","","","","","","","","","","","","","","","","","","","","","","","","","","","","","","","","","","","","","","","",
"United States","USA","Net official flows from UN agencies, UNRWA (current US$)","DT.NFL.UNRW.CD","","","","","","","","","","","","","","","","","","","","","","","","","","","","","","","","","","","","","","","","","","","","","","","","","","","","","","","","","","","","","","","","","",
"United States","USA","Net official flows from UN agencies, UNFPA (current US$)","DT.NFL.UNFP.CD","","","","","","","","","","","","","","","","","","","","","","","","","","","","","","","","","","","","","","","","","","","","","","","","","","","","","","","","","","","","","","","","","",
"United States","USA","Net official flows from UN agencies, UNCOVID (current US$)","DT.NFL.UNCV.CD","","","","","","","","","","","","","","","","","","","","","","","","","","","","","","","","","","","","","","","","","","","","","","","","","","","","","","","","","","","","","","","","","",
"United States","USA","Net official flows from UN agencies, UNCDF (current US$)","DT.NFL.UNCD.CD","","","","","","","","","","","","","","","","","","","","","","","","","","","","","","","","","","","","","","","","","","","","","","","","","","","","","","","","","","","","","","","","","",
"United States","USA","Net financial flows, RDB nonconcessional (NFL, current US$)","DT.NFL.RDBN.CD","","","","","","","","","","","","","","","","","","","","","","","","","","","","","","","","","","","","","","","","","","","","","","","","","","","","","","","","","","","","","","","","","",
"United States","USA","PNG, commercial banks and other creditors (NFL, current US$)","DT.NFL.PNGC.CD","","","","","","","","","","","","","","","","","","","","","","","","","","","","","","","","","","","","","","","","","","","","","","","","","","","","","","","","","","","","","","","","","",
"United States","USA","PPG, bonds (NFL, current US$)","DT.NFL.PBND.CD","","","","","","","","","","","","","","","","","","","","","","","","","","","","","","","","","","","","","","","","","","","","","","","","","","","","","","","","","","","","","","","","","",
"United States","USA","Net financial flows, multilateral (NFL, current US$)","DT.NFL.MLAT.CD","","","","","","","","","","","","","","","","","","","","","","","","","","","","","","","","","","","","","","","","","","","","","","","","","","","","","","","","","","","","","","","","","",
"United States","USA","Net financial flows, IMF concessional (NFL, current US$)","DT.NFL.IMFC.CD","","","","","","","","","","","","","","","","","","","","","","","","","","","","","","","","","","","","","","","","","","","","","","","","","","","","","","","","","","","","","","","","","",
"United States","USA","Intentional homicides, male (per 100,000 male)","VC.IHR.PSRC.MA.P5","","","","","","","","","","","","","","","","","","","","","","","","","","","","","","","14.6894059323589","15.2743259334687","14.4987306100366","14.6453784417567","13.9794776731944","12.5104747790964","11.3107847157728","10.3860963236972","9.3800467361896","8.48570527092572","8.49577785157004","10.3136805872282","8.73366235880862","8.89753171672951","8.64341410163389","8.95108269311695","9.17603909797701","8.94175279735257","8.47208833662333","7.72726965995642","7.35447918073976","7.27039108070795","7.29179060239076","6.9628047269207","6.78649423693483","7.67750529663117","8.29383394248005","8.15349056425393","7.53128084229697","7.7021584126352","10.0875422412531","10.5135264832207","10.1775038632006","8.94438578556032","",
"United States","USA","Battle-related deaths (number of people)","VC.BTL.DETH","","","","","","","","","","","","","","","","","","","","","","","","","","","","","","","","","","","","","","","","","","233","","","","","","","","","","","","","","","","","","","","","","","",
"United States","USA","Voice and Accountability: Percentile Rank","VA.PER.RNK","","","","","","","","","","","","","","","","","","","","","","","","","","","","","","","","","","","","","91","","91.0447769165039","","89.0547256469727","","92.0398025512695","91.0447769165039","89.9038467407227","89.9038467407227","86.538459777832","85.5769195556641","86.538459777832","84.8341217041016","85.7819900512695","86.3849792480469","87.7934265136719","84.0375595092773","81.7733993530273","84.2364501953125","84.2364501953125","81.2807846069336","80.0970840454102","77.2946853637695","72.9468612670898","74.3961334228516","73.9130401611328","75.4901962280273","",
"United States","USA","Transport services (% of commercial service exports)","TX.VAL.TRAN.ZS.WT","","","","","","","","","","","38.1496881496881","36.9771863117871","36.7153912295787","38.7073863636364","39.8939304655274","36.5905469994689","36.7375231053604","36.4812419146184","36.21138816524","38.1116495237616","37.3655208606665","34.0286831812256","30.4228121927237","31.7594043887147","29.5957890555169","30.0663065219788","28.2290581857994","28.6888356538033","28.9965397923875","27.2632493483927","27.956508787608","25.8867621469683","23.8159162238588","22.9610303163575","22.3464083304696","22.6159398226025","21.3970981867099","20.4884488448845","19.1088046705422","17.1626300143081","17.1224127366574","16.6635247714271","16.3871929474195","16.1754467393827","16.3640573504294","16.0859393728972","15.8530697138895","14.9208930418316","14.9965689487949","13.1106550844756","13.5666758463848","13.3077877210971","13.315748014861","12.9020419631747","12.2990794134719","11.2684101233658","10.6947857394138","10.5613241530477","11.0114637206887","10.3893836812092","8.01543059648516","8.39933559746561","9.79462333686465","9.59462783830165","9.11242962174669",
"United States","USA","Computer, communications and other services (% of commercial service exports)","TX.VAL.OTHR.ZS.WT","","","","","","","","","","","36.7983367983368","38.0228136882129","37.6612209802236","35.8664772727273","35.3565114908662","37.3340414232608","35.8133086876155","36.1793876670979","36.21138816524","31.1034454566323","30.8580425085279","28.2703172533681","35.3982300884956","35.9913793103448","32.2276293574337","32.161025624872","31.2384843387006","30.6479922202984","30.7408915123143","31.4769765421373","31.0470658325886","32.5391513853567","33.3125757434511","33.1609007541944","36.139575730798","35.8981935799462","36.6672614880601","37.5445544554455","39.5873356453182","39.0254209016302","37.9801084928358","40.8012557913588","42.978089070212","43.4872516045902","42.8218744737665","43.0236947757966","44.0055464078343","44.68537316451","44.6707532594986","47.2033391775582","45.2701058036547","45.3014205735247","45.1377298641564","44.6029324907822","44.7337514036639","45.4849489401","46.5696204683693","46.9732089452742","46.8717513248977","48.5231533141197","58.0453462051806","58.1442749348989","54.3852357605835","51.897338519494","51.9869907742878",
"United States","USA","Merchandise exports by the reporting economy, residual (% of total merchandise exports)","TX.VAL.MRCH.RS.ZS","2.88946644243999","2.64725016263824","2.33257359002958","2.36777646738637","2.4730323611666","2.4004171971103","2.1012363475079","1.93348546926482","1.96362938668809","1.93648970214163","1.83227557038328","1.8545312301174","1.93816335948316","1.53517147701923","1.87816161620443","2.19858308960174","2.42686436949944","2.75387039118178","2.74640950206407","2.31539236566331","2.18915500826547","2.44886394300826","2.57849699027597","1.47012991359313","1.63222675148646","1.66973001594382","1.50424118431336","1.47211801903655","1.49769900303153","0.870861189024005","0.824427877882897","1.15168167185041","1.25272776570045","1.01295782539709","0.808665885958022","0.816517107328229","0.779509417996448","0.962940455085003","0.960845795428286","0.802535308030037","0.726854693836118","0.779350335271598","0.642856895018257","0.39316342035007","0.587042633239231","0.710758469558435","0.87150680660394","0.880162579175368","0.973597558471284","0.888652411161344","0.837378460613294","0.837287882349175","1.13529840741057","0.8379849122584","0.688607497192833","0.553756694215537","0.362298530078094","0.267063009541424","0.365133224217936","0.0792181734773066","0.0791102059545247","0.0919045870179169","0.10626464964658","0.124009678991315","",
"United States","USA","Merchandise exports to low- and middle-income economies in Latin America & the Caribbean (% of total merchandise exports)","TX.VAL.MRCH.R3.ZS","13.8867655302451","13.4464294650453","12.6473012947966","11.5667241222898","11.9816220535358","11.1584888875255","11.7051061706492","10.8544822007537","11.2613395849697","10.5932551079019","11.2423021492423","11.0331647681483","11.274698997357","11.4024749995913","13.0406403445009","12.7408237997036","11.3822382855261","11.0146130824693","11.5309265779735","12.5116237213906","14.2235523939264","14.265835537086","11.6820083184671","9.85662651358435","10.5990582954006","11.5799023330245","11.3941121481005","11.1263139659089","11.2463017366211","11.6161113176982","11.9451170298628","12.9825821777742","14.6178064214133","14.6457874292883","16.1888435919771","14.528628150277","15.606631971742","17.0238691187947","18.3968876595785","18.4486985390746","19.6858405086555","19.8181593577637","19.612441115546","18.9405467015173","19.1414545992495","18.9260418784396","18.8875474214748","18.2068914930705","18.994756197621","19.4237336541734","20.5313953692047","21.4657981083844","22.0096737589323","22.4968723022129","22.9708449815381","22.9297797974949","22.8074656013217","23.0815408424333","23.2943682702549","23.0605987962271","21.730330959861","23.3997745889839","23.8136713718737","23.4115953284258","",
"United States","USA","Merchandise exports to high-income economies (% of total merchandise exports)","TX.VAL.MRCH.HI.ZS","69.8669928145544","70.2497122554171","69.4874157412347","70.0217726571714","70.039952057531","72.0194180713837","71.9070521705383","73.6447516391879","74.4446376429252","76.463991685129","76.0476439929606","75.9120664709237","76.61597516466","76.43801577972","72.715530303833","70.5051124824552","73.3684951227542","74.422850115595","73.6316395569613","75.103268052279","72.1921780291434","71.5452803713098","73.193496975418","76.9857787390161","76.3196865753446","76.3025947272408","78.020167655127","78.7954248575297","78.3936449771333","78.8766428577838","78.9162380427048","77.4428581402618","74.9783172429807","74.4893473248716","73.8067721496333","74.8266713205491","73.747658635223","72.305439028709","71.818009790467","72.5782383837411","70.9332503245559","70.0827529303274","69.6383340831837","69.5919884161064","68.8742057638632","68.6477466029543","67.4851444626301","67.2270499301013","65.9122042158553","64.3576002776968","62.48235333761","61.7013190970324","61.4202883601107","60.4949689282249","60.3814394805445","61.0450463650371","61.0314385616635","60.4289193585874","60.7252425929779","61.7480357895318","60.9556133805241","59.1871840116825","60.145174115002","61.0074287563671","",
"United States","USA","Manufactures exports (% of merchandise exports)","TX.VAL.MANF.ZS.UN","","","62.9126622509305","61.2911428770419","61.8557474464887","61.9737081097107","62.0351378239225","64.9229906956001","67.6561980813266","69.2467462793064","66.6956691172375","68.5574962159667","67.5973690424994","62.1850953772855","63.8642580051731","65.6501729684243","67.1620361881669","67.2950818077173","66.7243465896148","66.0060111529252","65.5455342332679","67.2907747941275","66.9404688079719","67.1310983030659","67.2599773600832","69.9060613657017","71.9834309711838","70.1902624261512","","68.8338831328478","74.0477577051374","75.841567353322","76.3092114891056","76.6448361500997","77.9732341747994","77.1321288965062","77.7788420635358","80.4499885131812","81.9358316107263","82.819868633866","82.3673615352238","81.6713505049246","81.5341182079117","80.2980440972116","74.4088619671752","73.1628361992086","78.7160112066687","76.9365692836053","73.1451140948404","66.1708400172959","65.4495860086988","62.1334410159857","62.0211232401721","61.1842460654034","61.4220021445613","63.7146529670619","63.2604946594473","61.3709365092424","58.9112087207058","59.1142323221412","60.1797719851552","57.5274298542755","53.4684413105369","56.4597327749381","55.6527057342541",
"United States","USA","Food exports (% of merchandise exports)","TX.VAL.FOOD.ZS.UN","","","20.6845977204806","21.3708998124771","21.3934532594607","21.0831048593304","21.2681657125","18.8716334478146","16.8940317129741","15.0168597935526","15.9994792612271","16.2803477363861","17.8240862861024","23.6048800999182","21.0775766513623","19.6703409770165","19.2129229332525","18.7144735536295","19.9627183190804","18.8683337468923","18.2458627853766","18.4830660193139","17.1086103687453","17.8171131037861","16.8106615242088","13.4873058651409","12.597779829208","11.6597359877688","","11.7199820155573","11.0821420329684","10.4281647974271","10.8677935311035","10.4464052529352","10.1439524784013","10.5276676539551","10.6782011659578","9.01745167527805","8.33791082630046","7.87646859626434","7.31272072171339","7.90885942705402","8.18039838753732","8.66070771774829","7.95665354430981","7.46826036430362","7.19308934376929","8.12927872785193","9.3721160435617","10.1065095316706","9.68903076995625","9.78386977328413","9.92027838542104","10.0077784230892","10.3016018654451","9.96602627105949","10.5981891528546","10.0991842432711","9.40119945637513","9.32976891748616","11.4910564449548","11.1491430134237","10.2695349977485","9.54645463140735","9.45041427880191",
"United States","USA","Medium and high-tech exports (% manufactured exports)","TX.MNF.TECH.ZS.UN","","","","","","","","","","","","","","","","","","","","","","","","","","","","","","","72.5056394235046","72.9741820714649","73.0242884826394","73.2756129699005","73.3010316293647","72.4158313947647","73.6141400375644","74.6344521445232","75.750539682494","76.0614419558418","75.5174158461501","75.3843108535948","74.9780208176441","74.2020883831389","71.6277576553266","70.3949723498798","72.2286638887011","71.5893525887486","68.9611343124506","66.4230414796233","64.7454478093485","62.1976553784006","62.5332638786654","61.741481046469","62.3570697914254","65.2874472337768","65.7437305439928","63.5664067191096","62.3073495760536","63.6021035569004","65.0999820247469","62.5981326700322","59.625192041947","","",
"United States","USA","Commercial service imports (current US$)","TM.VAL.SERV.CD.WT","","","","","","","","","","","9060000000","10000000000","11480000000","13610000000","15650000000","16420000000","18780000000","20450000000","23250000000","26680000000","28890000000","32020000000","37130000000","39590000000","52870000000","57180000000","64963000000","74221000000","81431000000","85610000000","98570000000","100380000000","103847000000","109794000000","120768000000","129227000000","139309000000","151976000000","166161000000","182531000000","206413000000","206716000000","214126000000","228723000000","264309000000","284768000000","321977000000","357204000000","391770000000","376081000000","404490000000","426896000000","441750000000","440395000000","466849000000","476779000000","491587000000","533021000000","543441000000","577010000000","447604000000","546942000000","686489000000","736278000000","815272000000",
"United States","USA","Merchandise imports by the reporting economy (current US$)","TM.VAL.MRCH.WL.CD","15283100000","14834800000","16572700000","17400900000","19151100000","21840800000","26561100000","27564300000","33927000000","36988900000","41214300000","47132300000","57457400000","71452700000","105232200000","101781700000","129009100000","156541800000","181649700000","216977300000","250902800000","267015000000","249294200000","263881700000","334171600000","355762600000","380642100000","417400800000","452586100000","485847115000","509490700000","502546200000","546052000000","596858700000","681888700000","764006800000","809845100000","897936400000","944216400000","1048033400000","1237412700000","1179547800000","1201902900000","1304519600000","1524817500000","1731349000000","1917935500000","2016450000000","2165059000000","1602987300000","1966979400000","2206422079737","2275255771107","2267791462878","2347155144534","2241055248643","2188659867146","2339459145683","2536016380002","2491585365814","2331408100176","2828784867418","3242384402505","3083938008546","",
"United States","USA","Merchandise imports from low- and middle-income economies in Middle East & North Africa (% of total merchandise imports)","TM.VAL.MRCH.R4.ZS","0.935674045187168","1.06506322970313","0.88700091113699","0.816049744553443","0.887677470223643","0.89282443866525","0.986404930518691","0.674785864324507","0.769298788575471","0.792129530751117","0.542772775468709","0.871376953808747","1.17391319481912","1.68279155301339","4.23625088138422","5.25349841867448","6.34009538861987","8.05216242562689","7.32112411966549","8.0827810098107","6.96867472184448","4.30335374417168","1.88444015143553","2.07198907692349","1.46816785148708","1.09795127424861","0.8665357825632","1.23598229806939","0.903651261052869","1.0520177731219","1.40870088502106","0.626569258706961","0.466219334422363","0.489563107650102","0.418968667467286","0.388792351062844","0.426896452173385","0.468596662302586","0.474901728036073","0.724662019359307","0.91840014249086","0.985988020154842","0.781527359656092","1.00449238171661","1.40588627819395","1.57836461626166","1.93260409435041","1.96734855810955","2.46402061098566","1.70431169354866","1.78564656040628","1.70992089965385","1.66065567699303","1.1209044231845","0.986153312443071","0.559213908072482","0.645083330029288","0.906512523851256","0.971231104744701","0.745664539811193","0.417234067783571","0.570435350805897","0.736270425016738","0.687729012231331","",
"United States","USA","Merchandise imports from low- and middle-income economies outside region (% of total merchandise imports)","TM.VAL.MRCH.OR.ZS","28.8436246573012","27.6458058079651","25.9661974210599","25.6659138320432","25.6235934228321","22.9162851177613","21.8183734860379","20.1253070094289","18.5141627612226","17.0513316157009","16.728174444307","15.6648413084021","15.8085816622402","17.8522295168692","24.2456206370294","25.8282186286926","26.8057834679879","28.6742582492344","26.8509664480591","29.4184230331929","30.3671381905662","26.8772166357695","24.6779106774245","24.2234304235572","21.6093468146306","19.8235002779944","17.4947542586592","18.6412675778293","19.0867328890569","21.1992737674278","22.5180557760917","22.9129779510819","24.772860460176","25.9609686513743","27.054429850502","28.2998659174238","29.9389228878461","31.211765109422","32.1413290427915","32.6598560694726","33.8166724812183","34.69051444969","36.4067180468572","37.8215168250443","39.3168231608045","41.0437699158286","42.9143211541785","43.7070346400853","44.2598792919731","46.9435409750283","48.1948209523699","47.1170360491914","46.9295892946791","47.0449534778231","46.9940983132154","48.8498335433672","49.5234115422146","50.2426774815442","49.8523030556294","48.229702280476","48.8750174920461","49.3605786511963","49.4824150108625","47.3614680942188","",
"United States","USA","Ores and metals imports (% of merchandise imports)","TM.VAL.MMTL.ZS.UN","","","12.5849637208641","11.4347794129153","11.1011842449062","11.3006463964821","11.171902791451","10.4631963905866","9.6675251581885","7.89778476755945","7.71431335668941","6.30158170913412","5.84902798373243","5.93157788864468","6.14891346896816","5.14575702875831","5.09619140608088","4.52638032194764","4.66477630869354","4.68664944732169","4.7253087609228","4.23156173001588","3.34870944951217","3.8408291622342","3.43936039209837","2.81141557197451","2.85254877110249","2.62607846617125","","3.37254808486665","3.03743607989082","2.68235865483253","2.42476526533043","2.23748783549855","2.41817797057324","2.67063508250585","2.41330842718019","2.40695730224854","2.38050412492117","2.17674241315469","2.21289639368369","2.11297340796418","1.82414810217169","1.69819215401018","2.01120036309122","2.1742253997004","2.76808863888625","2.82111705547305","2.60666494245609","2.0174533009425","2.30693559458749","2.60321297945396","2.2527572598535","2.16305708093907","2.13806997178848","1.96344002749197","1.89888098741772","2.24159097346472","2.26191253163312","2.16891298882362","2.3213900751845","2.86799506175714","2.62817793529542","2.26858992092028","2.08333136635697",
"United States","USA","Fuel imports (% of merchandise imports)","TM.VAL.FUEL.ZS.UN","","","11.2540966235365","11.066751961182","10.731841223005","10.4012048421429","8.85303822604746","8.3908813090519","7.63612711346717","7.75199925953663","7.69614374067085","8.15302560741966","8.63700348152716","11.7644829797523","25.1259832664004","27.2475068019664","27.8571293508301","29.8932414834829","24.5260386422481","29.2897426386137","32.8449424440842","31.0680691408775","26.6462297017899","22.3901787828562","18.650535040191","15.5229955807173","10.4277996696584","11.0658247588346","","11.3779060665485","13.2826591949444","11.4464283426344","10.5984692954486","9.82187561152718","8.7220016964432","8.17103004284548","9.42517233087528","9.19186222125275","6.58147473368347","7.48412629027739","11.1144488011398","10.6865431218885","10.0472724397322","12.3571725414803","14.2378875853075","17.3735175973441","17.9812057121992","18.4545483032894","23.1826052620886","17.4222606341818","18.4975473928173","20.4396737768053","18.5282193325666","16.7292236756319","14.8499413396301","8.66499174677285","7.25649021798253","8.47860299060236","9.24830831010608","8.17781897202692","5.40205322460483","7.62835925904237","9.56553567648077","8.41226616291469","7.47933820850955",
"United States","USA","Tariff rate, most favored nation, weighted mean, primary products (%)","TM.TAX.TCOM.WM.FN.ZS","","","","","","","","","","","","","","","","","","","","","","","","","","","","","","3.44","3.63","3.67","3.63","3.56","","3.95","4","2.34","4.07","8.32","5.13","4.58","3.9","3.71","3.63","3.74","3.7","3.71","3.64","3.96","3.95","4.07","4.14","3.98","3.76","3.86","3.88","8.59","8.24","134.84","3.31","2.89","2.49","","",
"United States","USA","Bound rate, simple mean, primary products (%)","TM.TAX.TCOM.BR.ZS","","","","","","","","","","","","","","","","","","","","","","","","","","","","","","","","","","","","4.08","4.08","4.08","4.08","4.08","4.08","4.08","3.69","3.58","3.46","3.37","3.33","3.3","3.18","3.14","3.14","3.14","3.02","2.99","2.99","4.2","4.2","4.23","4.23","4.23","4.23","4.23","","","",
"United States","USA","Tariff rate, most favored nation, simple mean, all products (%)","TM.TAX.MRCH.SM.FN.ZS","","","","","","","","","","","","","","","","","","","","","","","","","","","","","","5.75","5.73","5.72","5.74","5.76","","5.34","5.09","4.99","4.51","4.19","4.15","4.09","4","3.86","3.73","3.69","3.68","3.63","3.68","3.7","3.71","3.72","3.57","3.55","3.54","3.56","3.57","3.97","4.2","10.17","3.52","3.59","3.53","","",
"United States","USA","Tariff rate, most favored nation, weighted mean, manufactured products (%)","TM.TAX.MANF.WM.FN.ZS","","","","","","","","","","","","","","","","","","","","","","","","","","","","","","4.78","4.88","4.93","5.01","4.9","","4.32","4.13","4","3.55","3.29","3.15","3.28","3.25","3.13","2.89","2.81","2.76","2.12","2.57","2.62","2.61","2.56","2.55","2.61","2.61","2.64","2.64","2.39","2.56","3.23","2.44","2.51","2.55","","",
"United States","USA","Bound rate, simple mean, manufactured products (%)","TM.TAX.MANF.BR.ZS","","","","","","","","","","","","","","","","","","","","","","","","","","","","","","","","","","","","3.39","3.39","3.39","3.39","3.39","3.39","3.39","3.75","3.74","3.72","3.7","3.7","3.7","3.71","3.75","3.76","3.75","3.66","3.65","3.63","3.45","3.45","3.46","3.46","3.46","3.46","3.46","","","",
"United States","USA","International tourism, expenditures (% of total imports)","ST.INT.XPND.MP.ZS","","","","","","","","","","","","","","","","","","","","","","","","","","","","","","","","","","","","6.8526152243417","6.85147379358623","6.89985202546735","7.13381903061275","6.26940423618921","5.8851024781589","5.97388890463802","5.64147001516249","5.35990149767356","5.24707215588486","4.91493459054413","4.73184576238011","4.761256272106","4.65019422811499","5.79215694364014","5.2130544640444","4.84071409483732","4.98193526985317","4.79430836661557","4.87484373718089","5.21976981186401","5.42737249957266","5.43677775594797","5.66347157245911","5.97677499094229","1.73249352137459","","","","",
"United States","USA","International tourism, expenditures for passenger transport items (current US$)","ST.INT.TRNX.CD","","","","","","","","","","","","","","","","","","","","","","","","","","","","","","","","","","","","14663000000","15805000000","18140000000","19972000000","18396000000","21316000000","21660000000","20345000000","20464000000","23011000000","24583000000","27029000000","30323000000","34817000000","32613000000","38666000000","43983000000","47827000000","41205000000","43980000000","42003000000","38484000000","40358000000","50678000000","52794000000","13031000000","","","","",
"United States","USA","International tourism, number of departures","ST.INT.DPRT","","","","","","","","","","","","","","","","","","","","","","","","","","","","","","","","","","","","74031000","76803000","78481000","82758000","84540000","87973000","84755000","80883000","75880000","79655000","79215000","148511000","140364000","136148000","129954000","121574000","114089000","116329000","118968000","121699000","130364000","141526000","148045000","158445406.25","170930093.75","60549898.4375","","","","",
"United States","USA","Urban population","SP.URB.TOTL","126433396","129402204","132299340","135114579","137881740","140445472","142829546","145040588","147008224","148799059","150703488","152699431","154405391","155934337","157404197","158998028","160550939","162214795","163995217","165884822","167579811","169377945","171207916","173044299","174864359","176783128","178829305","180877244","183002006","185241012","187887615","191109479","194679586","198317707","201924381","205560506","209190745","212905801","216486182","219917893","223117358","226004952","228794635","231440378","234232801","236992959","239811834","242537262","245166541","247518724","249667531","251641209","253620571","255474236","257398928","259289014","261096864","262599422","263745045","264611859","265253727","265704637","267322405","269686007","272513180",
"United States","USA","Rural population","SP.RUR.TOTL","54237604","54288796","54238660","54127421","54007260","53857528","53730454","53671412","53697776","53877941","54348512","54961569","55490609","55974663","56449803","56974972","57484061","58024205","58589783","59170178","59645189","60088055","60456084","60747701","60960641","61140872","61303695","61411756","61496994","61577988","61735385","61871521","61834414","61601293","61201619","60717494","60203255","59751199","59367818","59122107","59045053","58964003","58830558","58667555","58572497","58523640","58568078","58693945","58927425","59252805","59710696","60198252","60718528","61252046","61858632","62526107","63256476","64009187","64784532","65614368","66323993","66395123","66694916","67120224","67597808",
"United States","USA","Completeness of birth registration, rural (%)","SP.REG.BRTH.RU.ZS","","","","","","","","","","","","","","","","","","","","","","","","","","","","","","","","","","","","","","","","","","","","","","","","","","","","","","","","","","","","","","","","","",
"United States","USA","Population, male","SP.POP.TOTL.MA.IN","88695832","90102588","91416307","92653322","93859070","94945835","95949135","96899632","97773669","98640731","99705473","100937328","102040088","103029416","103986059","105026564","106039851","107125167","108281999","109502393","110586585","111745029","112917934","114069531","115181451","116323640","117510694","118664636","119847718","121082775","122612437","124431739","126301170","128113227","129825327","131511301","133185088","134938947","136673231","138413305","140130199","141644460","143032123","144333534","145740143","147151596","148636985","150112450","151591760","152974599","154316891","155655724","157078554","158438102","159862524","161294530","162715186","163988313","165079086","166044067","166757917","166983308","167894446","169236648","170880836",
"United States","USA","Technicians in R&D (per million people)","SP.POP.TECH.RD.P6","","","","","","","","","","","","","","","","","","","","","","","","","","","","","","","","","","","","","","","","","","","","","","","","","","","","","","","","","","","","","","","","","",
"United States","USA","Age dependency ratio, old (% of working-age population)","SP.POP.DPND.OL","14.7427696451078","14.9711987347931","15.0932153425972","15.1694036662243","15.2563479320732","15.419929222508","15.5528071925399","15.6012434524047","15.6389759472135","15.6739363185792","15.7435273079017","15.7811696004728","15.7777878295872","15.7918325915771","15.829417867161","15.9083681021902","16.005044310248","16.1268909631678","16.2813945236776","16.4609229189532","16.6499295764096","16.8167648214624","16.9894245727119","17.1804048251666","17.3743318988695","17.5524383516584","17.7446279953188","17.9724033119361","18.1979013836392","18.421452784448","18.6100156974836","18.7322176665282","18.8275637177324","18.8776723146371","18.8772452721545","18.85231492932","18.7899520724332","18.691144716405","18.5586822344828","18.4157916799817","18.2830920355624","18.1676411697448","18.079339479754","18.0184918687108","17.9845813057707","17.9650845675822","18.0083520321117","18.1910875918401","18.4701116102864","18.7656318387163","19.0418604669438","19.4049702529798","19.9302811207122","20.4832955299099","21.0076984289538","21.5197559000692","22.0373346516862","22.5932962845748","23.1963174833129","23.8484503417279","24.5240791836459","25.1969129173767","25.9509134829008","26.8291040414794","27.6905727029501",
"United States","USA","Population ages 80 and above, female (% of female population)","SP.POP.80UP.FE.5Y","1.56804239923797","1.63217724491173","1.69514102831112","1.75242736709416","1.81814337076876","1.89762331358817","1.9719424947379","2.04058562282113","2.10891400309622","2.17554968699796","2.24937659618875","2.31331724223949","2.37066838622381","2.43422676716485","2.49996738355447","2.57934362933763","2.65656280581888","2.72720975733616","2.80326017436197","2.88174986123357","2.9714858754062","3.05442793767153","3.12828811167352","3.20525869394809","3.28159458123679","3.36021921848697","3.43670987706358","3.5167038126569","3.59627710946943","3.67352106794892","3.75305667703778","3.82411984351757","3.89473510598992","3.95963818534761","4.0141492874797","4.067280962411","4.10928282104516","4.14549421362411","4.18581238708428","4.22110879418523","4.24578031488935","4.27787270898445","4.31619270116181","4.34850119481354","4.38337401653135","4.41661523045571","4.43874439300361","4.46059632201448","4.47522910862365","4.48563010406958","4.49757675225664","4.48412145697024","4.45091005390112","4.41459707957671","4.38727243025362","4.37112662437741","4.35674668337105","4.34832312300425","4.35387068922069","4.37821384805665","4.40397896932996","4.44245248152318","4.54403290430428","4.70343680071322","4.85789490183345",
"United States","USA","Population ages 70-74, female (% of female population)","SP.POP.7074.FE.5Y","2.70080482789407","2.71468136132824","2.74719199801543","2.78537571157466","2.81645495345488","2.85530522281753","2.88858099516602","2.89704270497611","2.89700623583389","2.89666947231377","2.92239450778642","2.95697764027586","2.97942661535846","3.01124455906425","3.05276031745598","3.08395576575117","3.12161127946468","3.18717880240944","3.25477722579598","3.31372805724706","3.36003133002948","3.39403761873255","3.42212548777995","3.4453531679382","3.46818710933143","3.49308425549595","3.51041021602565","3.51882681980237","3.53596874093025","3.56254625785768","3.58027737250867","3.60956733636259","3.64557287994163","3.65812334704552","3.65465238483955","3.64709863033528","3.61197171611455","3.55828430276572","3.50207305203478","3.43625054651857","3.36819784456556","3.30755392419124","3.24733776331622","3.1821289052327","3.13416954477613","3.10611366095246","3.08596274414687","3.07872927177549","3.09775390525359","3.13200159793225","3.17123253087618","3.23289737942013","3.34332051829998","3.48525993783321","3.6088039917179","3.701496591644","3.84012174550293","4.03178738909039","4.20102911572481","4.35885725252716","4.53527819240698","4.66306434105868","4.72659626306999","4.80966768616206","4.92153764917727",
"United States","USA","Population ages 65 and above, male","SP.POP.65UP.MA.IN","7146761","7306893","7438964","7544580","7655834","7800864","7933391","8032797","8127653","8226737","8363999","8501037","8612953","8736635","8879141","9056202","9246578","9449949","9669084","9908294","10128200","10331569","10536931","10748477","10965618","11190953","11428954","11670063","11901453","12135257","12375771","12607638","12847420","13072902","13275666","13481598","13666970","13837030","13987625","14134565","14290695","14446213","14618278","14805331","15011558","15221828","15497371","15891207","16368998","16855985","17324322","17868144","18562329","19270104","19960437","20645841","21337306","22041909","22769876","23534862","24284368","24952885","25806159","26857271","27952606",
"United States","USA","Population ages 65-69, female (% of female population)","SP.POP.6569.FE.5Y","3.50570027970267","3.52720633873349","3.51749821311507","3.49615433463257","3.47870836715048","3.49969915156278","3.5330543574195","3.54821372413002","3.57192687258096","3.60376181289718","3.6153962244837","3.63494524497599","3.69645994534672","3.76457947827214","3.82510340085737","3.87531098079533","3.9194207105149","3.96097304491691","3.99796425932967","4.03567166493979","4.07354583391288","4.09491878958149","4.09895642310718","4.11150224867246","4.13467655377324","4.15375391553743","4.19480083848254","4.24672010224829","4.27048396272378","4.27271714926104","4.26139566079489","4.21010387915239","4.13545007452075","4.05958962892243","3.9749208919552","3.88900023747558","3.81182751655852","3.73437317792013","3.65094900542435","3.58594474807932","3.54205318615425","3.50965032649648","3.49590073492646","3.51284958837074","3.54614164461936","3.58357021336803","3.64940470244794","3.77223929798531","3.92996120766945","4.06880265232404","4.17465900079923","4.33002193563243","4.54100237765361","4.72387085412262","4.892621638421","5.07438647950569","5.19552185357631","5.23963639988093","5.29572580044088","5.3881692878733","5.51047345500233","5.63861530662647","5.75184037061107","5.85559832945113","5.93118597252548",
"United States","USA","Population ages 55-59, female (% of female population)","SP.POP.5559.FE.5Y","4.74106166825831","4.71724396602235","4.75051642606378","4.79008370167296","4.81693882605345","4.8339082588607","4.84885216792896","4.86690298928346","4.88589464805723","4.91090615442573","4.93696935610319","4.95517928482565","4.968855702098","4.99661644590776","5.03707850977949","5.07247613746816","5.13464595482319","5.20748781402398","5.24379685722005","5.25206815632874","5.2481981921338","5.1959035445815","5.1086987342643","5.01650237762948","4.90868513389108","4.79581160623076","4.69366184911639","4.59177623942584","4.48372475160312","4.398177404043","4.33206301301455","4.27227370064889","4.23097533828404","4.2277183675681","4.24699197446073","4.27342439305461","4.33689427225201","4.47101836585014","4.64710668852099","4.80004160615947","4.91254491311806","5.08774386346189","5.33274311733099","5.54333910223113","5.73839697538324","5.95135045766811","6.09248177637583","6.13959671778129","6.19881952992931","6.30098014843104","6.42822366328187","6.55589003208168","6.66071942569568","6.74146944607325","6.79314496078736","6.81347756842405","6.81703115803632","6.79759326292669","6.74595122891669","6.6781457367533","6.58912458248039","6.45462860247786","6.29552747514247","6.14502718906824","6.0139455149754",
"United States","USA","Population ages 45-49, female (% of female population)","SP.POP.4549.FE.5Y","6.0087646906418","5.99033490042971","5.95688647176569","5.9396336047527","5.93924377729727","5.93703602061635","5.97193595182111","6.02472912397137","6.03894962201865","6.02333637304795","5.99332103090675","5.91861523144271","5.82099735457213","5.72232378169943","5.60423702646693","5.47777971779303","5.36185813729178","5.24411578299876","5.11973659349042","5.02160045028298","4.95095769026836","4.88914859312011","4.84342949302439","4.83954945962892","4.86086069486242","4.89034362044322","4.96265431934129","5.1167816151164","5.32003554042102","5.49610332101685","5.62024173100313","5.80130877558819","6.04984661250195","6.26087305373767","6.45914676773089","6.68123946743368","6.82572434150674","6.86673492355633","6.92090503251557","7.02368890561537","7.15485162175612","7.29377682081495","7.41538761521096","7.50820193630248","7.56648083750669","7.58772482318883","7.58730038559226","7.5565709480057","7.48571119751607","7.39518685400905","7.26811500166088","7.08447166125395","6.87821651904411","6.67993348177599","6.51174256201464","6.42030384328761","6.38339259989189","6.32404747158777","6.23478093425165","6.12907412332807","6.00278331048876","5.88738036825552","5.85580430876596","5.90186618359804","5.97260879828488",
"United States","USA","Population ages 35-39, female (% of female population)","SP.POP.3539.FE.5Y","7.01126435428325","6.87657914121588","6.70879044884148","6.54357726637564","6.36154961783364","6.17868480588728","6.01822659541759","5.86425789906316","5.70926440013783","5.58682687006501","5.49606346719365","5.41823433744109","5.36531215151413","5.36453342822631","5.39243546841856","5.4285813870104","5.51168188069197","5.6835611478409","5.9081310141631","6.10098259449698","6.23975543551717","6.45017931107927","6.73831825899394","6.98219618654749","7.20948977729086","7.46107872749697","7.62337896190346","7.66690093524376","7.72298318936949","7.82969373875659","7.96109200414386","8.08863243557768","8.18842290836595","8.26128499326845","8.30294902010932","8.30854885442355","8.29563181339744","8.25411385193451","8.16793333300841","8.05883073652611","7.90728304661956","7.6928107827645","7.45604554375353","7.22681504447477","7.02925814322753","6.91605742389377","6.86134437175877","6.77801624400233","6.65968500853696","6.52322166090539","6.35714092557162","6.20445194532283","6.15139060985178","6.18392404327359","6.25125311010503","6.34744609266598","6.45418462965769","6.54219051831496","6.60548444577756","6.64265566774431","6.66154256181257","6.67372974181869","6.67644972675148","6.6897079700603","6.71693238955622",
"United States","USA","Population ages 25-29, female (% of female population)","SP.POP.2529.FE.5Y","6.10909229392553","5.98056817038778","5.88676377860877","5.8539765480908","5.85539851533626","5.8704149224623","5.94367380304112","6.11929651843842","6.35499216686642","6.55264858463486","6.68891837542493","6.91287694507582","7.23471520241692","7.51242154996948","7.76899163714337","8.04814476169653","8.22539718911936","8.26721633693144","8.32116018643144","8.4305260346965","8.57267406107875","8.71860162084424","8.83294570025556","8.91289814859754","8.95317508811288","8.94768048357297","8.91558967188779","8.84659306815675","8.72555982093463","8.57354575577312","8.3805513961651","8.12312522842785","7.83904131731445","7.57138933355031","7.34550321340887","7.21767657522405","7.15967823729818","7.07472109548199","6.95284675786517","6.81072495700806","6.63433718265915","6.4621159207193","6.39143114789438","6.41485435297574","6.47513945738186","6.56645621096238","6.66645043839587","6.74086120296832","6.78637740136804","6.80342998526724","6.80012617118595","6.79532982218794","6.79008323106569","6.80248503157749","6.8424779311056","6.90051884694401","6.95939885268443","6.99173877893864","6.9789288457413","6.91773034854805","6.80167889066784","6.66114937460855","6.52973326125963","6.4184312840646","6.34638935714251",
"United States","USA","Population ages 15-64, total","SP.POP.1564.TO","108228090","109595359","111360155","113195366","114987801","116655730","118410688","120345901","122322210","124343551","126579480","129101350","131673364","134261536","136823427","139443756","142001575","144510086","146920130","149251437","151160285","152924265","154500424","155941145","157339391","158864452","160403667","161641643","162692051","163700596","165052569","166814440","168761734","170819238","172944736","175218503","177612188","180217571","182847826","185476251","188063348","190438256","192710641","194866947","197178046","199544371","201876379","203846454","205581768","207140939","208692297","209976998","210974992","211856915","212896035","214000880","215104779","215959913","216573411","217020298","217300224","217127198","217774465","218834941","220210617",
"United States","USA","Population ages 15-64, female","SP.POP.1564.FE.IN","55181339","55922554","56861169","57835521","58792929","59683963","60618825","61645544","62689225","63748639","64928400","66216587","67463786","68706145","69929371","71179084","72399402","73591768","74731554","75835502","76720987","77508434","78178239","78763950","79320760","79945607","80582751","81076181","81482485","81876394","82397267","83125133","83997214","84928790","85903809","86957977","88065110","89269235","90483585","91695692","92884913","94010671","95133322","96198552","97324049","98464426","99597845","100563181","101415453","102188850","102962968","103542555","103917869","104233252","104626789","105054108","105478913","105778958","105964329","106076635","106149519","106037491","106341527","106856978","107503334",
"United States","USA","Population ages 10-14, female (% of female population)","SP.POP.1014.FE.5Y","9.12050200631507","9.25120008809044","9.22697215039934","9.23157910110252","9.3122623655011","9.44220005529252","9.58408914779307","9.69373776832852","9.76447042826091","9.78472747424387","9.74520175458633","9.6817962774977","9.59243717065958","9.45105361793346","9.27575843995922","9.03938787811992","8.71601631987036","8.35502988561712","8.00242892726756","7.6919366599036","7.49225994725406","7.38172271111054","7.24608855923043","7.06791016384792","6.8671290075523","6.62565384302478","6.39317829193767","6.2840816442545","6.28768113219416","6.33770781416406","6.44300073030856","6.57522546866426","6.68094560764824","6.75695973519158","6.80024721581169","6.81820884966726","6.8269196639828","6.83010034356434","6.85457639732209","6.91086878210481","6.98526896449004","7.04779808306611","7.06929910690271","7.03968039646997","6.95414573140043","6.81382151372785","6.65193457321626","6.50769825539442","6.39889445978796","6.3302999645717","6.3074592732512","6.31276567765116","6.3167923532354","6.32220697215446","6.32805241597645","6.32433780767467","6.33594198483754","6.38329027031004","6.42738788589759","6.43965375916541","6.41044026540406","6.3353414263708","6.22261504728949","6.09699941673415","5.99310537485593",
"United States","USA","Population ages 0-14, total","SP.POP.0014.TO","56487092","57687902","58370017","58875572","59358259","59659039","59733126","59590642","59253849","58843920","58544445","58185947","57447492","56445106","55372221","54346018","53306010","52423929","51744224","51235400","50896633","50824820","50914843","51059534","51148941","51174963","51266298","51596469","52200410","52962375","53854122","54918516","55978544","56853066","57534061","58026753","58408567","58754702","59072027","59406829","59715268","59932560","60073742","60128901","60165605","60123913","60148924","60302866","60541016","60759284","60947034","61116489","61316197","61474089","61636968","61761774","61845201","61856233","61719110","61449951","60986617","60263211","59728393","59259836","58922790",
"United States","USA","Population ages 0-14, female","SP.POP.0014.FE.IN","27984772","28565012","28891660","29126674","29349896","29485834","29509245","29424164","29240818","29024838","28854051","28634418","28229935","27707716","27159359","26640328","26114910","25667030","25319885","25057235","24877547","24827192","24856024","24915675","24951739","24961122","25005475","25167358","25463711","25839059","26272758","26783721","27289313","27703189","28025327","28257576","28437527","28601122","28750662","28908648","29054199","29161898","29237215","29269093","29291017","29274090","29287844","29364896","29484568","29592759","29683793","29763351","29857095","29929754","30004127","30059857","30093187","30090784","30018982","29884409","29663773","29322495","29073045","28858423","28701842",
"United States","USA","Women who were first married by age 18 (% of women ages 20-24)","SP.M18.2024.FE.ZS","","","","","","","","","","","","","","","","","","","","","","","","","","","","","","","","","","","","","","","","","","","","","","","","","","","","","","","","","","","","","","","","","",
"United States","USA","Survival to age 65, male (% of cohort)","SP.DYN.TO65.MA.ZS","63.763318","64.605857","64.250702","63.734076","63.900074","63.874156","63.632838","64.072047","63.332195","63.841303","64.231803","65.02277","65.030676","65.577269","66.741128","67.737085","68.440906","69.112768","69.564958","70.34525","70.519523","71.223979","72.030283","72.440896","72.67514","72.706468","72.91003","73.17942","73.257736","73.632331","74.106984","74.414147","74.883314","74.731364","74.984171","75.346237","76.294626","77.361726","77.888799","78.132135","78.377807","78.507907","78.537802","78.674616","79.213754","79.110897","79.406502","79.752684","79.962585","80.290213","80.706209","80.710977","80.727099","80.665755","80.553647","80.253749","79.848681","79.780004","79.934087","80.09489","76.799622","74.754549","77.489598","80.452428","",
"United States","USA","Life expectancy at birth, total (years)","SP.DYN.LE00.IN","69.7707317073171","70.2707317073171","70.119512195122","69.9170731707317","70.1658536585366","70.2146341463415","70.2121951219512","70.5609756097561","69.9512195121951","70.5073170731708","70.8073170731707","71.1073170731707","71.1560975609756","71.3560975609756","71.9560975609756","72.6048780487805","72.8560975609756","73.2560975609756","73.3560975609756","73.8048780487805","73.609756097561","74.009756097561","74.3609756097561","74.4634146341463","74.5634146341464","74.5634146341464","74.6146341463415","74.7658536585366","74.7658536585366","75.0170731707317","75.2146341463415","75.3658536585366","75.6170731707317","75.419512195122","75.619512195122","75.6219512195122","76.0268292682927","76.4292682926829","76.5804878048781","76.5829268292683","76.6365853658537","76.8365853658537","76.9365853658537","77.0365853658537","77.4878048780488","77.4878048780488","77.6878048780488","77.9878048780488","78.0390243902439","78.390243902439","78.5414634146342","78.6414634146341","78.7414634146342","78.7414634146342","78.8414634146341","78.690243902439","78.5390243902439","78.5390243902439","78.6390243902439","78.7878048780488","76.9804878048781","76.3292682926829","77.4341463414634","78.3853658536585","",
"United States","USA","Mortality rate, infant, female (per 1,000 live births)","SP.DYN.IMRT.FE.IN","22.4","22.1","21.6","21.2","20.8","20.3","19.8","19.2","18.6","18","17.4","16.7","15.9","15.3","14.6","14","13.4","12.7","12.2","11.6","11.2","10.7","10.3","10","9.7","9.3","9.1","9","8.8","8.6","8.3","8","7.8","7.5","7.3","7.1","6.9","6.7","6.6","6.5","6.4","6.3","6.2","6.1","6.1","6.1","6","5.9","5.9","5.7","5.6","5.6","5.5","5.4","5.3","5.2","5.2","5.1","5","5","5","5","5","5","",
"United States","USA","Birth rate, crude (per 1,000 people)","SP.DYN.CBRT.IN","23.7","23.3","22.4","21.7","21.1","19.4","18.4","17.8","17.6","17.9","18.4","17.2","15.6","14.8","14.8","14.6","14.6","15.1","15","15.6","15.9","15.8","15.9","15.6","15.6","15.8","15.6","15.7","16","16.4","16.7","16.2","15.8","15.4","15","14.6","14.4","14.2","14.3","14.2","14.4","14.1","14","14.1","14","14","14.3","14.3","14","13.5","13","12.7","12.6","12.4","12.5","12.4","12.2","11.8","11.6","11.4","10.9","11","11","10.7","",
"United States","USA","Vitamin A supplementation coverage rate (% of children ages 6-59 months)","SN.ITK.VITA.ZS","","","","","","","","","","","","","","","","","","","","","","","","","","","","","","","","","","","","","","","","","","","","","","","","","","","","","","","","","","","","","","","","","",
"United States","USA","Prevalence of undernourishment (% of population)","SN.ITK.DEFC.ZS","","","","","","","","","","","","","","","","","","","","","","","","","","","","","","","","","","","","","","","","","","2.5","2.5","2.5","2.5","2.5","2.5","2.5","2.5","2.5","2.5","2.5","2.5","2.5","2.5","2.5","2.5","2.5","2.5","2.5","2.5","2.5","2.5","2.5","",
"United States","USA","Methane (CH4) emissions from Fugitive Emissions (Energy) (Mt CO2e)","EN.GHG.CH4.FE.MT.CE.AR5","","","","","","","","","","","401.0579","386.9181","396.7476","394.6482","379.71","371.6613","371.528","366.1983","362.9092","390.6865","397.0292","387.0794","384.1935","358.2916","371.6573","371.4516","367.1716","371.1575","375.6921","379.382","378.2022","369.2043","366.0954","362.8097","365.8724","360.7068","363.5044","375.5435","372.5179","368.687","367.7369","376.4593","368.1658","371.4409","377.2212","374.249","384.4868","387.697","396.8624","377.6659","376.3823","394.3525","387.7638","387.9751","401.7974","391.4382","362.5037","378.8327","397.1883","419.24","381.7525","388.4047","400.4942","415.8765","418.8684",
"United States","USA","Total greenhouse gas emissions excluding LULUCF (Mt CO2e)","EN.GHG.ALL.MT.CE.AR5","","","","","","","","","","","5788.2114","5661.1298","5930.4813","6128.5708","5948.9742","5730.1665","6043.9505","6199.7839","6193.9774","6259.7558","6027.2338","5949.3773","5681.1132","5651.2482","5882.1852","5892.8164","5846.3343","6007.3421","6238.1451","6296.0128","6216.3265","6161.4166","6258.6455","6380.3569","6490.8882","6558.6972","6728.0765","7010.4522","7055.1206","7060.1696","7219.8245","7157.7928","6992.3986","7058.6437","7157.7987","7160.639","7041.3086","7129.1818","6941.7305","6487.701","6754.1864","6546.87","6311.6935","6448.6367","6488.4768","6364.0037","6237.738","6183.6445","6370.4476","6248.2429","5703.9154","6000.5067","6074.2362","5890.9864","5912.6177",
"United States","USA","Disaster risk reduction progress score (1-5 scale; 5=best)","EN.CLC.DRSK.XQ","","","","","","","","","","","","","","","","","","","","","","","","","","","","","","","","","","","","","","","","","","","","","","","","","","","","3.5","","","","","","","","","","","","","",
"United States","USA","PM2.5 pollution, population exposed to levels exceeding WHO Interim Target-2 value (% of total)","EN.ATM.PM25.MC.T2.ZS","","","","","","","","","","","","","","","","","","","","","","","","","","","","","","","0.0351253970467647","","","","","0.0351416365854895","","","","","0.177794617086424","","","","","0.181172484534808","","","","","0.185266269991002","0.186573943942614","0.186740677478547","0.170335533363852","0.120884702416346","0.104533778950666","0.0545427047125235","0.0545981931093675","","","","","","","",
"United States","USA","Electric power consumption (kWh per capita)","EG.USE.ELEC.KH.PC","","","","","","","","","","","","","","","","","","","","","","","","","","","","","","","11713.3317042099","12134.1721315039","12014.9582478929","12261.5237824091","12455.1621656545","12659.607628118","12854.2989079193","12889.8322801175","13154.7630268185","13281.8699827982","13671.0520240061","13046.6141478464","13296.1822993023","13307.4920085002","13388.5897105591","13704.5770481407","13583.2669593387","13657.4528282523","13663.4279681827","12913.7146883015","13392.6910118339","13235.0087662575","12945.1570388321","12972.2199687868","12962.1425409629","12828.8160828838","12806.1977101885","12604.1625559233","13054.4045353944","12678.2540503665","12393.4382563461","12556.0915792291","12968.1628097364","12551.2256333524","",
"United States","USA","Alternative and nuclear energy (% of total energy use)","EG.USE.COMM.CL.ZS","","","","","","","","","","","","","","","","","","","","","","","","","","","","","","","10.3","10.81","10.58","10.43","10.55","10.96","10.93","10.12","10.48","10.9","10.77","10.66","10.79","10.62","10.69","10.62","10.9","10.82","11.2","11.84","11.74","12.04","11.97","12.12","12.16","12.32","12.85","13.21","13.04","13.14","14.3","13.64","13.72","14.02","",
"United States","USA","Renewable energy consumption (% of total final energy consumption)","EG.FEC.RNEW.ZS","","","","","","","","","","","","","","","","","","","","","","","","","","","","","","","4.2","4.5","4.8","4.3","4.1","4.7","4.8","4.5","4.5","5.7","5.4","4.7","4.8","5.3","5.5","5.8","6.4","6.3","6.8","7.3","7.4","8.4","8.5","8.9","9","8.9","9.3","9.7","9.9","10.2","11","10.9","","","",
"United States","USA","Electricity production from oil sources (% of total)","EG.ELC.PETR.ZS","","","","","","","","","","","","","","","","","","","","","","","","","","","","","","","4.05916073995665","3.87927981830614","3.23626473629406","3.71880936188176","3.46967771096911","2.43400963788422","2.63096059800567","2.92933931322152","3.84021465666655","3.48226743276105","2.92355626554069","3.3517906857075","2.61996682398942","3.35675947947995","3.33158796375252","3.29012324980067","1.82804206907921","1.79629554275662","1.32263159183941","1.20445106089348","1.09824754535301","0.908709879817348","0.770743894878643","0.855894673264333","0.918746346798465","0.89959623910076","0.804227079909987","0.756130745693151","0.963474298149812","0.814935242362971","0.878160150026655","0.825775440284035","0.945684535726552","0.743553284990878","",
"United States","USA","Electricity production from hydroelectric sources (% of total)","EG.ELC.HYRO.ZS","","","","","","","","","","","","","","","","","","","","","","","","","","","","","","","8.97775786586864","9.43742673634854","8.35229097547362","8.88405525198752","8.18708281571413","9.43174896164667","10.2447578502386","9.70014560292158","8.40832593436504","7.74320990948599","6.90868507084347","5.55526378629175","7.2018355417761","7.48999697189744","7.13543173704674","6.93759826824343","7.38668875852132","6.33459935662016","6.45554375070537","7.12499238935919","6.53962721797539","7.92192047615993","6.95200738347947","6.73683247448954","6.48624276588338","6.28026440536473","6.75868652705043","7.58473022292687","7.11499071471761","7.07165236716032","7.23495044533588","6.26551543474305","6.20787886553448","6.03900381332988","",
"United States","USA","Access to electricity, urban (% of urban population)","EG.ELC.ACCS.UR.ZS","","","","","","","","","","","","","","","","","","","","","","","","","","","","","","","100","100","100","100","100","100","100","100","100","100","100","100","100","100","100","100","100","100","100","100","100","100","100","100","100","100","100","100","100","100","100","100","100","100","",
"United States","USA","Access to clean fuels and technologies for cooking, urban (% of urban population)","EG.CFT.ACCS.UR.ZS","","","","","","","","","","","","","","","","","","","","","","","","","","","","","","","","","","","","","","","","","100","100","100","100","100","100","100","100","100","100","100","100","100","100","100","100","100","100","100","100","100","100","100","100","",
"United States","USA","Public and publicly guaranteed debt service (% of exports of goods, services and primary income)","DT.TDS.DPPG.XP.ZS","","","","","","","","","","","","","","","","","","","","","","","","","","","","","","","","","","","","","","","","","","","","","","","","","","","","","","","","","","","","","","","","","",
"United States","USA","IMF repurchases and charges (TDS, current US$)","DT.TDS.DIMF.CD","","","","","","","","","","","","","","","","","","","","","","","","","","","","","","","","","","","","","","","","","","","","","","","","","","","","","","","","","","","","","","","","","",
"United States","USA","Net ODA received (% of central government expense)","DT.ODA.ODAT.XP.ZS","","","","","","","","","","","","","","","","","","","","","","","","","","","","","","","","","","","","","","","","","","","","","","","","","","","","","","","","","","","","","","","","","",
"United States","USA","Net ODA received (% of GNI)","DT.ODA.ODAT.GN.ZS","","","","","","","","","","","","","","","","","","","","","","","","","","","","","","","","","","","","","","","","","","","","","","","","","","","","","","","","","","","","","","","","","",
"United States","USA","Net official aid received (current US$)","DT.ODA.OATL.CD","","","","","","","","","","","","","","","","","","","","","","","","","","","","","","","","","","","","","","","","","","","","","","","","","","","","","","","","","","","","","","","","","",
"United States","USA","Net official flows from UN agencies, WHO (current US$)","DT.NFL.WHOL.CD","","","","","","","","","","","","","","","","","","","","","","","","","","","","","","","","","","","","","","","","","","","","","","","","","","","","","","","","","","","","","","","","","",
"United States","USA","Net official flows from UN agencies, UNTA (current US$)","DT.NFL.UNTA.CD","","","","","","","","","","","","","","","","","","","","","","","","","","","","","","","","","","","","","","","","","","","","","","","","","","","","","","","","","","","","","","","","","",
"United States","USA","Net official flows from UN agencies, UNIDIR (current US$)","DT.NFL.UNID.CD","","","","","","","","","","","","","","","","","","","","","","","","","","","","","","","","","","","","","","","","","","","","","","","","","","","","","","","","","","","","","","","","","",
"United States","USA","Net official flows from UN agencies, UNDP (current US$)","DT.NFL.UNDP.CD","","","","","","","","","","","","","","","","","","","","","","","","","","","","","","","","","","","","","","","","","","","","","","","","","","","","","","","","","","","","","","","","","",
"United States","USA","Other people in need of international protection by country or territory of origin","SM.POP.OPIP.EO","","","","","","","","","","","","","","","","","","","","","","","","","","","","","","","","","","","","","","","","","","","","","","","","","","","","","","","","","","","","","","","","","",
"United States","USA","Forcibly displaced people","SM.POP.FDIP","","","","","","","","","","","","","","","","","","","","","","","","","","","","","","","","","","","","","","","","","","","","","","","","","","","270781","276452","280952","347970","455029","559375","712827","929854","1032234","1189323","1338842","1642360","2161851","3010669","3619495",
"United States","USA","Children in employment, wage workers, male (% of male children in employment, ages 7-14)","SL.WAG.0714.MA.ZS","","","","","","","","","","","","","","","","","","","","","","","","","","","","","","","","","","","","","","","","","","","","","","","","","","","","","","","","","","","","","","","","","",
"United States","USA","Unemployment, male (% of male labor force) (modeled ILO estimate)","SL.UEM.TOTL.MA.ZS","","","","","","","","","","","","","","","","","","","","","","","","","","","","","","","","7.151","7.898","7.165","6.174","5.633","5.435","4.938","4.419","4.118","3.903","4.796","5.926","6.263","5.639","5.073","4.619","4.723","6.091","10.264","10.496","9.363","8.219","7.629","6.259","5.366","4.937","4.394","3.945","3.72","7.807","5.463","3.68","3.795","4.112",
"United States","USA","Share of youth not in education, employment or training, total (% of youth population)","SL.UEM.NEET.ZS","","","","","","","","","","","","","","","","","","","","","","","","","","","","","","","","","","","15.289","15.035","14.37","13.383","12.66","12.47","12.391","12.937","13.434","13.611","13.139","13.147","12.456","12.291","13.031","15.034","15.231","14.415","13.908","14.382","13.388","12.442","12.017","10.972","10.922","10.409","13.892","12.204","11.244","11.191","11.597",
"United States","USA","Share of youth not in education, employment or training, female (% of female youth population)","SL.UEM.NEET.FE.ZS","","","","","","","","","","","","","","","","","","","","","","","","","","","","","","","","","","","18.716","18.645","17.512","16.08","15.239","15.069","15.094","15.31","15.652","15.462","15.331","15.254","14.812","14.335","14.44","15.598","15.574","15.345","14.823","15.216","14.48","13.335","12.812","11.761","11.543","10.934","14.194","12.621","11.723","11.391","11.994",
"United States","USA","Unemployment with intermediate education, female (% of female labor force with intermediate education)","SL.UEM.INTM.FE.ZS","","","","","","","","","","","","","","","","","","","","","","","","","","","","","","","","","","","6.946","6.485","6.31","6.021","5.501","5.156","4.861","5.467","6.754","6.835","6.534","6.319","5.836","5.723","6.894","10.129","11.025","10.91","10.128","9.207","7.927","6.996","6.405","5.733","5.192","4.822","11.095","7.053","5.122","4.737","5.438",
"United States","USA","Unemployment with advanced education (% of total labor force with advanced education)","SL.UEM.ADVN.ZS","","","","","","","","","","","","","","","","","","","","","","","","","","","","","","","","","","","3.004","2.845","2.667","2.295","2.063","2.116","1.934","2.563","3.328","3.456","3.099","2.711","2.427","2.42","3.013","5.337","5.474","5.136","4.741","4.322","3.691","3.032","2.908","2.686","2.45","2.38","5.591","3.576","2.321","2.373","2.608",
"United States","USA","Unemployment, youth total (% of total labor force ages 15-24) (national estimate)","SL.UEM.1524.NE.ZS","11.2","13","11.3","12.2","11.5","10.1","8.6","8.7","8.7","8.4","11","12.7","12.1","10.5","11.9","16.1","14.7","13.6","12.3","11.8","13.9","14.9","17.8","17.2","13.9","13.6","13.3","12.2","11","10.9","11.2","13.4","14.2","13.4","12.539","12.188","12.109","11.442","10.441","9.898","9.338","10.558","11.996","12.428","11.847","11.309","10.508","10.543","12.846","17.601","18.424","17.309","16.211","15.546","13.397","11.624","10.427","9.237","8.613","8.392","14.92","9.73","8.129","7.938","8.929",
"United States","USA","Unemployment, youth female (% of female labor force ages 15-24) (national estimate)","SL.UEM.1524.FE.NE.ZS","10.8","12.7","11.5","12.4","12","10.9","9.7","9.7","9.7","9.1","11","12.6","12.3","11.2","12.4","15.5","14.6","14","12.9","12.2","13","14","16.2","15.8","13.3","13","12.8","11.7","10.6","10.4","10.7","12.5","13.1","12.3","11.799","11.771","11.428","10.929","9.757","9.462","8.922","9.612","11.103","11.419","10.975","10.131","9.695","9.432","11.183","14.886","15.835","15.73","14.661","13.925","12.173","10.402","9.34","8.088","7.671","7.342","14.836","8.9","7.466","7.095","8.126",
"United States","USA","Part time employment, male (% of total male employment)","SL.TLF.PART.MA.ZS","","","","","","","","","","","","","","","","","","","","","","","","","","","","","","","","","","","22.8","22.16","22.2","21.3","22.62","20.65","19.44","20.65","20.35","20.69","20.74","20.34","20.21","19.89","21.12","25.29","23.32","22.97","22.23","21.48","21.62","22.14","20.99","21.15","20.13","19.67","23.19","20.57","21","20.65","21.47",
"United States","USA","Labor force with intermediate education, female (% of female working-age population with intermediate education)","SL.TLF.INTM.FE.ZS","","","","","","","","","","","","","","","","","","","","","","","","","","","","","","","","","","","58.078","58.002","58.178","58.476","58.136","58.189","57.89","57.64","57.197","56.666","56.004","55.888","55.74","55.167","54.927","54.112","53.446","52.675","51.819","51.056","50.628","50.236","50.251","50.232","49.885","50.114","48.232","48.15","48.933","49.463","49.463",
"United States","USA","Labor force participation rate, male (% of male population ages 15+) (national estimate)","SL.TLF.CACT.MA.NE.ZS","83.3","82.9","82","81.4","81","80.7","80.4","80.4","80.1","79.8","79.7","79.1","78.9","78.8","78.7","77.9","77.5","77.7","77.9","77.8","77.4","77","76.6","76.4","76.4","76.3","76.3","76.2","76.2","76.4","76.4","75.8","75.8","75.4","75.123","75.05","75.032","75.086","74.889","74.72","74.81","74.443","74.102","73.508","73.326","73.323","73.464","73.223","72.953","71.952","71.184","70.475","70.159","69.728","69.214","69.05","69.189","69.069","69.055","69.154","67.664","67.599","67.97","68.118","67.951",
"United States","USA","Labor force participation rate, female (% of female population ages 15+) (national estimate)","SL.TLF.CACT.FE.NE.ZS","37.7","38.1","37.9","38.3","38.7","39.3","40.3","41.1","41.6","42.7","43.3","43.4","43.9","44.7","45.7","46.3","47.3","48.4","50","50.9","51.5","52.1","52.6","52.9","53.6","54.5","55.3","56","56.6","57.4","57.5","57.4","57.8","57.9","58.862","59.048","59.343","59.898","59.847","60.034","59.942","59.787","59.622","59.505","59.164","59.255","59.363","59.308","59.471","59.194","58.623","58.104","57.684","57.206","56.974","56.677","56.801","57.035","57.078","57.428","56.201","56.091","56.788","57.332","57.495",
"United States","USA","Labor force with advanced education (% of total working-age population with advanced education)","SL.TLF.ADVN.ZS","","","","","","","","","","","","","","","","","","","","","","","","","","","","","","","","","","","81.128","80.86","80.534","80.491","80.254","79.748","79.31","78.87","78.49","78.087","77.87","77.896","77.781","77.73","77.725","77.33","76.51","76.005","75.587","74.971","74.352","73.844","73.56","73.25","73.175","73.125","71.64","71.375","71.78","71.866","71.592",
"United States","USA","Labor force participation rate, male (% of male population ages 15-64) (modeled ILO estimate)","SL.TLF.ACTI.MA.ZS","","","","","","","","","","","","","","","","","","","","","","","","","","","","","","","83.955","83.52","83.573","83.257","82.701","82.724","82.745","82.736","82.631","82.403","82.277","81.761","81.288","80.481","80.244","80.121","80.228","79.979","79.725","78.658","77.929","77.417","77.498","77.364","77.193","77.209","77.517","77.683","77.912","78.175","76.896","77.249","77.698","78.202","78.259",
"United States","USA","Labor force participation rate for ages 15-24, male (%) (modeled ILO estimate)","SL.TLF.ACTI.1524.MA.ZS","","","","","","","","","","","","","","","","","","","","","","","","","","","","","","","65.273","64","64.091","63.818","63.955","63.983","62.726","62.223","62.142","61.843","62.351","60.939","59.535","58.056","57.805","57.224","57.564","55.941","55.469","53.15","51.592","51.459","51.395","51.449","51.283","51.073","51.383","51.499","50.819","51.454","49.634","51.368","51.352","51.435","51.248",
"United States","USA","Children in employment, total (% of children ages 7-14)","SL.TLF.0714.ZS","","","","","","","","","","","","","","","","","","","","","","","","","","","","","","","","","","","","","","","","","","","","","","","","","","","","","","","","","","","","","","","","","",
"United States","USA","Average working hours of children, working only, male, ages 7-14 (hours per week)","SL.TLF.0714.WK.MA.TM","","","","","","","","","","","","","","","","","","","","","","","","","","","","","","","","","","","","","","","","","","","","","","","","","","","","","","","","","","","","","","","","","",
"United States","USA","Average working hours of children, study and work, ages 7-14 (hours per week)","SL.TLF.0714.SW.TM","","","","","","","","","","","","","","","","","","","","","","","","","","","","","","","","","","","","","","","","","","","","","","","","","","","","","","","","","","","","","","","","","",
"United States","USA","Average working hours of children, study and work, female, ages 7-14 (hours per week)","SL.TLF.0714.SW.FE.TM","","","","","","","","","","","","","","","","","","","","","","","","","","","","","","","","","","","","","","","","","","","","","","","","","","","","","","","","","","","","","","","","","",
"United States","USA","Employment in services, male (% of male employment) (modeled ILO estimate)","SL.SRV.EMPL.MA.ZS","","","","","","","","","","","","","","","","","","","","","","","","","","","","","","","","62.4650815777114","63.1902648441649","63.6938714699097","63.6476454339036","63.4693751001815","63.7270165265435","63.6895865563161","63.9887539794139","64.6955753232783","64.7475258328768","65.000409898226","65.1979756340241","65.24792542227","65.2230442804699","65.3971032960207","65.1033325131853","65.5565105369648","66.2407330846749","67.8386392669862","68.2697753748887","68.4952531762406","68.7293659376912","68.4484756107605","68.4026374036069","68.5383338876824","68.6047687506657","68.6607699894544","68.5697932201036","68.5957643663601","69.3785442819035","69.7341019226001","69.7054148664438","69.6275025577041","69.9217539717782",
"United States","USA","Child employment in services, female (% of female economically active children ages 7-14)","SL.SRV.0714.FE.ZS","","","","","","","","","","","","","","","","","","","","","","","","","","","","","","","","","","","","","","","","","","","","","","","","","","","","","","","","","","","","","","","","","",
"United States","USA","Child employment in manufacturing (% of economically active children ages 7-14)","SL.MNF.0714.ZS","","","","","","","","","","","","","","","","","","","","","","","","","","","","","","","","","","","","","","","","","","","","","","","","","","","","","","","","","","","","","","","","","",
"United States","USA","Employment in industry, male (% of male employment) (modeled ILO estimate)","SL.IND.EMPL.MA.ZS","","","","","","","","","","","","","","","","","","","","","","","","","","","","","","","","33.2665702952699","32.575659088026","32.2861566774985","32.265892585511","32.489929317997","32.2660128758758","32.4193143497153","32.1867213357603","31.6916104229969","31.931149815886","31.8985800292462","31.9223006685804","32.0835459972578","32.1712106727683","32.1068692239204","32.4331126635206","32.0842054518758","31.331910886098","29.6796326870573","29.1122647646965","28.8863231458468","28.7897805568173","29.118294928171","29.1079390618361","28.8119692607575","28.7555707938026","28.7070329106808","28.9264944027125","28.9432281115678","28.2900686974873","28.0514920999842","28.1540628995006","28.3140164880271","28.0278233390413",
"United States","USA","Contributing family workers, male (% of male employment) (modeled ILO estimate)","SL.FAM.WORK.MA.ZS","","","","","","","","","","","","","","","","","","","","","","","","","","","","","","","","0.119349309262676","0.120275954732603","0.124035223017505","0.103047957703623","0.0827579908757464","0.112598410069053","0.0962218644739181","0.0831567836464716","0.0717442500596668","0.0817533281191501","0.0728271073296479","0.0715563608578127","0.0642318607882883","0.0706292164369413","0.0757125888317659","0.0639039556618607","0.0620118527452641","0.0740438205271898","0.0805547043265314","0.085325163536782","0.0748334937665121","0.0914998279617762","0.087945512802797","0.0788374268770372","0.0770934598067461","0.0801216028793571","0.0751698386757812","0.0842910797750805","0.0783998298506463","0.0787827185438045","0.0815020236945721","0.0788571711084297","0.0760665515814837","0.0839861503924587",
"United States","USA","Children in employment, unpaid family workers, female (% of female children in employment, ages 7-14)","SL.FAM.0714.FE.ZS","","","","","","","","","","","","","","","","","","","","","","","","","","","","","","","","","","","","","","","","","","","","","","","","","","","","","","","","","","","","","","","","","",
"United States","USA","Vulnerable employment, total (% of total employment) (modeled ILO estimate)","SL.EMP.VULN.ZS","","","","","","","","","","","","","","","","","","","","","","","","","","","","","","","","4.75422456029331","4.66415773962441","4.78405398974345","4.77416360126776","4.71167487708139","4.73121347143798","4.69367143387487","4.54621854029418","4.40967910627149","4.36890669699113","4.34815620378764","4.31130371223034","4.44578958506753","4.45408259671141","4.38411289340762","4.32202395887688","4.19449703914943","4.07416655287361","4.15705280173176","4.15926584168371","4.07259887669515","4.07535743103086","4.0277050197679","3.98332916779183","4.01903097374602","4.02570619192093","3.98095082402989","4.02366659006327","3.93462654039839","3.95644039443845","4.02475791685968","3.86455082663516","3.75894143719088","3.85135079514778",
"United States","USA","Employment to population ratio, 15+, total (%) (national estimate)","SL.EMP.TOTL.SP.NE.ZS","56.1","55.4","55.5","55.4","55.7","56.2","56.9","57.3","57.5","58","57.4","56.6","57","57.8","57.8","56.1","56.8","57.9","59.3","59.9","59.2","59","57.8","57.9","59.5","60.1","60.7","61.5","62.3","63","62.8","61.7","61.5","61.7","62.579","62.948","63.222","63.844","64.06","64.253","64.396","63.663","62.732","62.276","62.345","62.689","63.12","62.987","62.177","59.32","58.472","58.372","58.561","58.584","59.007","59.343","59.729","60.114","60.422","60.784","56.772","58.361","59.965","60.326","60.075",
"United States","USA","Employment to population ratio, 15+, female (%) (national estimate)","SL.EMP.TOTL.SP.FE.NE.ZS","35.5","35.4","35.6","35.8","36.3","37.1","38.3","39","39.6","40.7","40.8","40.4","41","42","42.6","42","43.2","44.5","46.4","47.5","47.7","48","47.7","48","49.5","50.4","51.4","52.5","53.4","54.3","54.3","53.7","53.8","54.1","55.299","55.699","56.097","56.859","57.082","57.43","57.485","57.005","56.275","56.134","55.97","56.235","56.616","56.638","56.247","54.418","53.568","53.186","53.131","53.158","53.521","53.742","54.081","54.578","54.888","55.356","51.511","53.166","54.736","55.352","55.243",
"United States","USA","Self-employed, female (% of female employment) (modeled ILO estimate)","SL.EMP.SELF.FE.ZS","","","","","","","","","","","","","","","","","","","","","","","","","","","","","","","","5.08331809735724","4.90943659648647","4.98230230514532","4.93435027217439","4.81281516157021","4.77680965579482","4.71022675521156","4.49594462742677","4.33722028046024","4.29825933497137","4.27925790768616","4.2274004919116","4.40924452168026","4.427204912011","4.36629228292811","4.35249316470239","4.24772079140624","4.11658356565424","4.21742540372143","4.20945678036299","4.09333890465396","4.05695300828464","3.98387489824793","3.91119642275097","3.92787399488599","3.90649235889814","3.85898214934056","3.88631850368411","3.79052004862652","3.6944715571859","3.98097735484631","3.88287641235132","3.76929311061011","3.86591936944415",
"United States","USA","Employment to population ratio, ages 15-24, total (%) (modeled ILO estimate)","SL.EMP.1524.SP.ZS","","","","","","","","","","","","","","","","","","","","","","","","","","","","","","","","52.041","51.642","52.13","53.004","53.143","52.592","52.969","53.695","53.705","54.346","52.573","50.719","49.1","49.086","49.091","49.415","48.378","46.661","42.668","40.974","41.362","41.838","42.291","43.33","44.206","44.948","45.792","45.891","46.56","41.725","45.598","46.445","47.077","46.278",
"United States","USA","Employment to population ratio, ages 15-24, female (%) (modeled ILO estimate)","SL.EMP.1524.SP.FE.ZS","","","","","","","","","","","","","","","","","","","","","","","","","","","","","","","","49.096","48.868","49.401","50.297","50.113","50.246","50.962","51.979","51.785","52.196","50.988","49.382","47.738","47.512","47.896","47.542","47.133","45.669","42.794","41.025","40.849","41.298","41.869","42.797","43.835","44.348","45.361","45.782","46.476","41.218","45.182","45.986","47.232","46.271",
"United States","USA","Employment in agriculture, female (% of female employment) (modeled ILO estimate)","SL.AGR.EMPL.FE.ZS","","","","","","","","","","","","","","","","","","","","","","","","","","","","","","","","1.26811286476614","1.24430524789871","1.16012589421128","1.51330126559246","1.53398406847685","1.48966127684896","1.4181732478364","1.35385524047603","1.36730015976227","1.26654195321286","1.18739178246444","1.10818329721639","1.03465710298075","0.967894280073958","0.957836177659292","0.936827248368355","0.849717025729317","0.866926677145058","0.85702889370199","0.955112884467409","0.983882229534464","0.986676705422542","0.880742898557755","0.897824212908896","0.980392758013009","0.990341812285253","0.971997192642586","0.987364067444686","0.974052313523973","1.03291246381634","0.994607923075903","0.993214754035065","0.987728628519609","0.996342435818904",
"United States","USA","Prosperity gap (average shortfall from a prosperity standard of $28/day)","SI.SPR.PGAP","","","","2","1.9","1.7","1.6","1.6","1.5","1.3","1.5","1.4","1.4","1.4","1.4","1.2","1.2","1.1","1.1","1.1","1.1","1.1","1.2","1.2","1.1","1.1","1.1","1","1","1","1","1","1.1","1.1","1.1","1.1","1.2","1.2","1.2","1.2","1.2","1.3","1.2","1.4","1.4","1.4","1.4","1.4","1.5","1.3","1.5","1.5","1.5","1.5","1.6","1.5","1.4","1.5","1.4","1.3","0.8","0.8","1.6","1.4","",
"United States","USA","Survey mean consumption or income per capita, bottom 40% of population (2021 PPP $ per day)","SI.SPR.PC40","","","","","","","","","","","","","","","","","","","","","","","","","","","","","","","","","","","","","","","","","","","","","","","","","","","","","","","","","","","33.6","","","","","35.16","",
"United States","USA","Poverty headcount ratio at $8.30 a day (2021 PPP) (% of population)","SI.POV.UMIC","","","","5.2","5","4.2","4.5","3.7","3.2","2.7","3.2","3","2.7","2.7","2.7","2.7","2.2","2.2","2.5","1.7","1.7","1.7","2.2","2.2","2","2","2","1.7","1.7","1.5","1.5","1.7","2","2","1.7","1.7","1.5","1.7","1.7","1.5","1.7","2","2","2","2","2","2","2","2","2","2.2","2.2","2.2","2","2.2","2.2","2","2.2","2","1.7","1.5","1","2.2","2","",
"United States","USA","Multidimensional poverty headcount ratio (UNDP) (% of population)","SI.POV.MPUN","","","","","","","","","","","","","","","","","","","","","","","","","","","","","","","","","","","","","","","","","","","","","","","","","","","","","","","","","","","","","","","","","",
"United States","USA","Poverty gap at $3.00 a day (2021 PPP) (%)","SI.POV.GAPS","","","","1","1","0.8","0.7","0.7","0.6","0.4","0.7","0.6","0.6","0.6","0.6","0.5","0.5","0.4","0.4","0.5","0.4","0.4","0.5","0.5","0.4","0.4","0.4","0.4","0.3","0.3","0.3","0.4","0.4","0.4","0.5","0.5","0.5","0.6","0.6","0.5","0.6","0.7","0.6","0.8","0.8","0.8","0.8","0.8","0.8","0.7","0.8","0.8","0.8","0.8","1","0.9","0.9","1","0.8","0.8","0.3","0.2","1","0.9","",
"United States","USA","Proportion of people living below 50 percent of median income (%)","SI.DST.50MD","","","","15.5","15.7","16","16.7","16.2","15.7","15.7","16.2","16.2","17","16.2","15.7","16.5","16.2","15.7","15.7","15.5","16","16.5","17.7","18.7","18.2","18.2","18.2","18.2","18.2","18","18.2","18.7","18.7","19","18.2","17.7","18","17.7","18","17.7","17.5","17.7","18.2","18","17.7","17.7","18","18.5","18.2","17.5","17.7","18","18.2","18","17","17.2","18","18.5","18.2","18.7","17","15.5","18.2","18.7","",
"United States","USA","Income share held by third 20%","SI.DST.03RD.20","","","","16.6","16.3","16.5","16.5","16.5","16.6","16.6","16.6","16.5","16.7","16.8","16.9","16.9","16.9","16.8","17.1","17","17","16.8","16.7","16.6","16.6","16.5","16.5","16.6","16.4","16.3","16.3","16.4","16.3","15.8","15.8","15.7","15.6","15.6","15.8","15.7","15.6","15.6","15.7","15.6","15.6","15.4","15.3","15.5","15.5","15.4","15.6","15.4","15.4","15.4","15","15.1","15.2","15.3","15.2","15.1","15.5","15.3","15.2","15.2","",
"United States","USA","UHC service coverage sub-index on infectious diseases","SH_UHC_SCI_ID","","","","","","","","","","","","","","","","","","","","","","","","","","","","","","","","","","","","","","","","","100","100","100","100","100","100","100","100","100","100","100","100","100","100","100","100","100","100","100","100","100","100","99","99","",
"United States","USA","Proportion of population facing large (but non-impoverishing) out-of-pocket health expenditure (%)","SH_UHC_FH40_LARGE","","","","","","","","","","","","","","","","","","","","","","","","","","","","","","","","","","","","","2.39","2.25","2.38","2.44","2.38","2.35","2.3","2.05","2.06","2.11","1.74","1.65","1.67","1.72","1.76","1.84","1.8","1.67","1.73","1.67","1.52","1.47","1.66","1.63","1.35","1.54","1.59","1.49","",
"United States","USA","Domestic private health expenditure per capita, PPP (current international $)","SH.XPD.PVTD.PP.CD","","","","","","","","","","","","","","","","","","","","","","","","","","","","","","","","","","","","","","","","","2530.02029363073","2680.04443272852","2919.66314964908","3154.18878112441","3313.85819314089","3505.11825316871","3652.42312394924","3838.67870283309","3867.20567319446","3914.6686149512","3999.50199765134","4077.13760361429","4226.3772661314","4246.64186310589","4328.61092215986","4471.47737350436","4646.70101428711","4786.72169256554","4926.95899741506","5068.21409148809","5017.447927546","5381.40800032653","5641.7402610013","6203.90207115122","",
"United States","USA","Out-of-pocket expenditure per capita (current US$)","SH.XPD.OOPC.PC.CD","","","","","","","","","","","","","","","","","","","","","","","","","","","","","","","","","","","","","","","","","687.62210681","706.62308143","763.34289016","811.11592945","848.45071613","894.39054319","930.43797974","972.67462449","983.90866255","963.096231","969.15858421","987.55324878","1019.1807003","1033.25911611","1053.45567937","1081.45353932","1108.60945876","1114.74975147","1152.51307122","1193.09588039","1172.95683437","1296.14914713","1380.55195882","1472.24798847","",
"United States","USA","Domestic general government health expenditure (% of general government expenditure)","SH.XPD.GHED.GE.ZS","","","","","","","","","","","","","","","","","","","","","","","","","","","","","","","","","","","","","","","","","16.16093826","16.76017952","17.22017479","17.5054512","17.92694855","17.94141579","18.57419968","18.49819565","18.201231","18.22518158","18.43406487","18.92724228","19.64053917","20.36149597","21.47860718","22.3181076","22.4877243","22.58487129","22.58873749","22.48074913","22.29912567","21.24764442","23.77053261","23.01913452","",
"United States","USA","External health expenditure per capita (current US$)","SH.XPD.EHEX.PC.CD","","","","","","","","","","","","","","","","","","","","","","","","","","","","","","","","","","","","","","","","","0","0","0","0","0","0","0","0","0","0","0","0","0","0","0","0","0","0","0","0","0","0","0","0","",
"United States","USA","Current health expenditure (% of GDP)","SH.XPD.CHEX.GD.ZS","","","","","","","","","","","","","","","","","","","","","","","","","","","","","","","","","","","","","","","","","12.49002075","13.16817093","13.99535275","14.50557518","14.55123138","14.57946205","14.70878792","14.91832542","15.20723629","16.20067596","16.19722366","16.14000511","16.11975479","15.95227051","16.1415844","16.40155411","16.69203949","16.63827515","16.51312637","16.54486084","18.51597404","17.35207748","16.52875137","16.69414902","",
"United States","USA","Tuberculosis treatment success rate (% of new cases)","SH.TBS.CURE.ZS","","","","","","","","","","","","","","","","","","","","","","","","","","","","","","","","","","","","","","","","","83","83","83","83","84","83","84","85","86","62","66","80","84","83","85","83","80","77","79","75","74","76","72","","",
"United States","USA","Prevalence of wasting, weight for height (% of children under 5)","SH.STA.WAST.ZS","","","","","","","","","","","","","","","","","","","","","","","","","","","","","","","","0.5","","","","","","","","","0.5","","0.3","","0.7","","0.9","","0.6","","0.1","","0.3","","0.3","","0.4","","0.1","","","","0.1","","",
"United States","USA","Mortality caused by road traffic injury (per 100,000 population)","SH.STA.TRAF.P5","","","","","","","","","","","","","","","","","","","","","","","","","","","","","","","","","","","","","","","","","15.7","15.7","16.2","16","15.8","15.7","15.6","14.9","13.4","12.1","11.7","11.6","11.9","11.4","11.3","12.1","12.9","12.8","12.6","12.7","","","","","",
"United States","USA","PPG, private creditors (NFL, US$)","DT.NFL.PRVT.CD","","","","","","","","","","","","","","","","","","","","","","","","","","","","","","","","","","","","","","","","","","","","","","","","","","","","","","","","","","","","","","","","","",
"United States","USA","Commercial banks and other lending (PPG + PNG) (NFL, current US$)","DT.NFL.PCBO.CD","","","","","","","","","","","","","","","","","","","","","","","","","","","","","","","","","","","","","","","","","","","","","","","","","","","","","","","","","","","","","","","","","",
"United States","USA","IFC, private nonguaranteed (NFL, US$)","DT.NFL.NIFC.CD","","","","","","","","","","","","","","","","","","","","","","","","","","","","","","","","","","","","","","","","","","","","","","","","","","","","","","","","","","","","","","","","","",
"United States","USA","Net financial flows, IBRD (NFL, current US$)","DT.NFL.MIBR.CD","","","","","","","","","","","","","","","","","","","","","","","","","","","","","","","","","","","","","","","","","","","","","","","","","","","","","","","","","","","","","","","","","",
"United States","USA","Net official flows from UN agencies, IFAD (current US$)","DT.NFL.IFAD.CD","","","","","","","","","","","","","","","","","","","","","","","","","","","","","","","","","","","","","","","","","","","","","","","","","","","","","","","","","","","","","","","","","",
"United States","USA","Net official flows from UN agencies, CERF (current US$)","DT.NFL.CERF.CD","","","","","","","","","","","","","","","","","","","","","","","","","","","","","","","","","","","","","","","","","","","","","","","","","","","","","","","","","","","","","","","","","",
"United States","USA","Present value of external debt (% of exports of goods, services and primary income)","DT.DOD.PVLX.EX.ZS","","","","","","","","","","","","","","","","","","","","","","","","","","","","","","","","","","","","","","","","","","","","","","","","","","","","","","","","","","","","","","","","","",
"United States","USA","PPG, IBRD (DOD, current US$)","DT.DOD.MIBR.CD","","","","","","","","","","","","","","","","","","","","","","","","","","","","","","","","","","","","","","","","","","","","","","","","","","","","","","","","","","","","","","","","","",
"United States","USA","External debt stocks, short-term (DOD, current US$)","DT.DOD.DSTC.CD","","","","","","","","","","","","","","","","","","","","","","","","","","","","","","","","","","","","","","","","","","","","","","","","","","","","","","","","","","","","","","","","","",
"United States","USA","Use of IMF credit (DOD, current US$)","DT.DOD.DIMF.CD","","","","","","","","","","","","","","","","","","","","","","","","","","","","","","","","","","","","","","","","","","","","","","","","","","","","","","","","","","","","","","","","","",
"United States","USA","Net ODA provided, total (% of GNI)","DC.ODA.TOTL.GN.ZS","0.539666","0.572474","0.582865","0.597015","0.560295","0.577767","0.500813","0.40786","0.436321","0.356543","0.316305","0.287274","0.332035","0.199187","0.254545","0.266812","0.251979","0.242476","0.260355","0.19268","0.269162","0.193691","0.265159","0.243109","0.236841","0.235782","0.226689","0.202448","0.209045","0.149591","0.209414","0.199769","0.196104","0.154314","0.143404","0.101789","0.122773","0.085334","0.100411","0.098345","0.100266","0.112506","0.12669","0.148618","0.169052","0.226033","0.177468","0.156453","0.183458","0.205776","0.202632","0.203574","0.185609","0.181737","0.185688","0.167526","0.1861","0.176803","","","","","","","",
"United States","USA","Net bilateral aid flows from DAC donors, United States (current US$)","DC.DAC.USAL.CD","","","","","","","","","","","","","","","","","","","","","","","","","","","","","","","","","","","","","","","","","","","","","","","","","","","","","","","","","","","","","","","","","",
"United States","USA","Net bilateral aid flows from DAC donors, Slovak Republic (current US$)","DC.DAC.SVKL.CD","","","","","","","","","","","","","","","","","","","","","","","","","","","","","","","","","","","","","","","","","","","","","","","","","","","","","","","","","","","","","","","","","",
"United States","USA","Net bilateral aid flows from DAC donors, Norway (current US$)","DC.DAC.NORL.CD","","","","","","","","","","","","","","","","","","","","","","","","","","","","","","","","","","","","","","","","","","","","","","","","","","","","","","","","","","","","","","","","","",
"United States","USA","Net bilateral aid flows from DAC donors, Korea, Rep. (current US$)","DC.DAC.KORL.CD","","","","","","","","","","","","","","","","","","","","","","","","","","","","","","","","","","","","","","","","","","","","","","","","","","","","","","","","","","","","","","","","","",
"United States","USA","Consumption of iodized salt (% of households)","SN.ITK.SALT.ZS","","","","","","","","","","","","","","","","","","","","","","","","","","","","","","","","","","","","","","","","","","","","","","","","","","","","","","","","","","","","","","","","","",
"United States","USA","International migrant stock, total","SM.POP.TOTL","","","","","","","","","","","","","","","","","","","","","","","","","","","","","","","23266147","","","","","28525723","","","","","34806848","","","","","39545828","","","","","43947211","","","","","47942986","","","","","50471028","","","","52375047",
"United States","USA","Refugees under the mandate of the UNHCR by country or territory of asylum","SM.POP.RHCR.EA","500000","500000","500000","500000","500000","510000","500000","480000","498000","500000","500000","530000","530000","530000","530000","530000","500000","684700","734000","734000","403684","537375","620257","655532","626909","492806","398633","365726","377769","411496","464887","513885","579938","623056","631046","623279","607005","563813","533951","521134","508209","515851","485173","452536","420788","379330","843434","281154","279468","275393","264505","264752","262006","263653","267214","273198","272963","287135","313242","341715","340846","339179","363059","409202","435333",
"United States","USA","Internally displaced people (IDP) by country or territory of asylum / origin","SM.POP.IDPC","","","","","","","","","","","","","","","","","","","","","","","","","","","","","","","","","","","","","","","","","","","","","","","","","","","","","","","","","","","","","","","","","",
"United States","USA","Children in employment, wage workers (% of children in employment, ages 7-14)","SL.WAG.0714.ZS","","","","","","","","","","","","","","","","","","","","","","","","","","","","","","","","","","","","","","","","","","","","","","","","","","","","","","","","","","","","","","","","","",
"United States","USA","Unemployment, total (% of total labor force) (national estimate)","SL.UEM.TOTL.NE.ZS","5.5","6.7","5.5","5.7","5.2","4.5","3.8","3.8","3.6","3.5","4.9","5.9","5.6","4.9","5.6","8.5","7.7","7.1","6.1","5.8","7.1","7.6","9.7","9.6","7.5","7.2","7","6.2","5.5","5.3","5.6","6.8","7.5","6.9","6.119","5.65","5.451","5","4.511","4.219","3.992","4.731","5.783","5.989","5.529","5.084","4.623","4.622","5.784","9.254","9.633","8.949","8.069","7.375","6.168","5.28","4.869","4.355","3.896","3.669","8.055","5.349","3.65","3.638","4.022",
"United States","USA","Unemployment, female (% of female labor force) (national estimate)","SL.UEM.TOTL.FE.NE.ZS","5.9","7.2","6.2","6.5","6.2","5.5","4.8","5.2","4.8","4.7","5.9","6.9","6.6","6","6.7","9.3","8.6","8.2","7.2","6.8","7.4","7.9","9.4","9.2","7.6","7.4","7.1","6.2","5.6","5.4","5.5","6.4","7","6.6","6.053","5.671","5.47","5.074","4.62","4.338","4.098","4.654","5.613","5.665","5.398","5.096","4.627","4.502","5.422","8.069","8.621","8.463","7.893","7.076","6.06","5.178","4.789","4.309","3.838","3.61","8.345","5.215","3.614","3.454","3.917",
"United States","USA","Share of youth not in education, employment or training, male (% of male youth population)  (modeled ILO estimate)","SL.UEM.NEET.MA.ME.ZS","","","","","","","","","","","","","","","","","","","","","","","","","","","","","","","","","","","","","","","","","","","","","","11.123","10.194","10.332","11.679","14.493","14.903","13.531","13.03","13.582","12.34","11.584","11.253","10.215","10.325","9.904","13.602","11.802","10.781","10.999","11.215",
"United States","USA","Unemployment with intermediate education, male (% of male labor force with intermediate education)","SL.UEM.INTM.MA.ZS","","","","","","","","","","","","","","","","","","","","","","","","","","","","","","","","","","","7.32","6.619","6.523","5.975","5.42","4.872","4.732","5.769","7.106","7.579","6.924","6.379","5.823","6.04","7.852","13.06","13.389","12.106","10.651","10.063","8.223","7.159","6.524","5.791","5.156","4.854","9.971","7.094","4.836","5.003","5.446",
"United States","USA","Unemployment with basic education, female (% of female labor force with basic education)","SL.UEM.BASC.FE.ZS","","","","","","","","","","","","","","","","","","","","","","","","","","","","","","","","","","","14.353","13.755","13.796","12.349","11.308","11.297","10.582","11.722","12.087","12.281","12.706","11.646","10.018","9.257","11.615","15.151","15.755","15.624","14.826","13.084","11.553","8.985","9.69","8.024","7.078","6.852","13.986","9.765","6.417","6.838","7.998",
"United States","USA","Unemployment, youth total (% of total labor force ages 15-24) (modeled ILO estimate)","SL.UEM.1524.ZS","","","","","","","","","","","","","","","","","","","","","","","","","","","","","","","","13.508","14.308","13.426","12.554","12.186","12.094","11.43","10.424","9.891","9.278","10.492","11.935","12.362","11.791","11.24","10.43","10.472","12.76","17.517","18.361","17.272","16.211","15.558","13.411","11.634","10.432","9.238","8.607","8.375","14.891","9.704","8.105","7.953","8.92",
"United States","USA","Unemployment, youth female (% of female labor force ages 15-24) (modeled ILO estimate)","SL.UEM.1524.FE.ZS","","","","","","","","","","","","","","","","","","","","","","","","","","","","","","","","12.471","13.019","12.353","11.82","11.781","11.416","10.917","9.731","9.451","8.864","9.541","11.031","11.34","10.909","10.056","9.617","9.353","11.085","14.766","15.735","15.657","14.611","13.881","12.139","10.365","9.303","8.05","7.632","7.294","14.794","8.85","7.428","7.086","8.091",
"United States","USA","Part time employment, total (% of total employment)","SL.TLF.PART.ZS","","","","","","","","","","","","","","","","","","","","","","","","","","","","","","","","","","","30.78","30.25","30.22","29.2","30.6","28.29","26.92","28.05","27.77","28.09","28.2","27.66","27.43","27.1","27.79","31.85","29.87","29.56","28.79","27.97","28.33","28.76","27.42","27.56","26.31","25.74","28.83","26.1","26.47","26.28","27.01",
"United States","USA","Labor force with intermediate education, male (% of male working-age population with intermediate education)","SL.TLF.INTM.MA.ZS","","","","","","","","","","","","","","","","","","","","","","","","","","","","","","","","","","","75.022","74.816","74.77","74.628","74.065","73.698","73.585","72.747","72.213","71.552","71.042","71.008","70.974","70.404","70.031","68.722","67.732","66.755","66.196","65.634","64.991","64.705","64.893","64.85","64.628","64.606","62.638","62.757","63.075","63.15","63.044",
"United States","USA","Labor force participation rate, male (% of male population ages 15+) (modeled ILO estimate)","SL.TLF.CACT.MA.ZS","","","","","","","","","","","","","","","","","","","","","","","","","","","","","","","75.145","74.641","74.693","74.32","74.006","74.008","74.042","74.087","73.927","73.827","73.85","73.42","73.024","72.403","72.237","72.226","72.348","72.053","71.814","70.806","70.065","69.573","69.532","69.181","68.754","68.638","68.794","68.715","68.715","68.821","67.396","67.359","67.55","67.553","67.353",
"United States","USA","Labor force participation rate, female (% of female population ages 15+) (modeled ILO estimate)","SL.TLF.CACT.FE.ZS","","","","","","","","","","","","","","","","","","","","","","","","","","","","","","","55.998","55.877","56.299","56.403","57.345","57.576","57.856","58.4","58.386","58.551","58.682","58.521","58.351","58.224","57.944","58.04","58.161","58.086","58.293","58.054","57.516","56.998","56.778","56.362","56.197","55.938","56.095","56.395","56.471","56.868","55.704","55.632","56.029","56.602","56.561",
"United States","USA","Labor force with basic education, female (% of female working-age population with basic education)","SL.TLF.BASC.FE.ZS","","","","","","","","","","","","","","","","","","","","","","","","","","","","","","","","","","","24.357","25.115","25.248","25.965","26.589","27.169","28.297","28.468","28.427","28.712","28.49","28.205","28.577","29.08","28.803","29.708","29.298","28.91","29.169","28.261","28.598","28.752","29.301","29.85","29.879","30.099","28.861","29.839","29.505","31.338","31.782",
"United States","USA","Labor force participation rate, total (% of total population ages 15-64) (modeled ILO estimate)","SL.TLF.ACTI.ZS","","","","","","","","","","","","","","","","","","","","","","","","","","","","","","","75.265","75.04","75.381","75.327","75.499","75.67","75.859","76.159","76.061","75.966","75.89","75.467","75.055","74.453","74.096","74.034","74.14","73.904","73.884","73.218","72.558","72.03","72.006","71.751","71.655","71.583","71.925","72.301","72.562","73.017","71.872","72.233","72.838","73.572","73.711",
"United States","USA","Labor force participation rate for ages 15-24, total (%) (national estimate)","SL.TLF.ACTI.1524.NE.ZS","56.4","56.3","55.8","55.2","55.3","55.8","57.1","57.7","57.7","58.9","59.8","59.9","61.8","63.7","64.9","64.6","65.3","66.7","68.2","68.6","68.1","67.7","67.2","67.1","67.7","68.3","68.6","68.4","68.4","68.6","67.3","66","66.1","66.1","66.547","66.438","65.705","65.71","65.872","65.477","65.806","64.527","63.285","61.557","61.144","60.78","60.617","59.389","58.777","56.859","55.166","54.969","54.881","55.05","55.008","54.996","55.165","55.466","55.216","55.876","53.907","55.519","55.57","56.251","55.88",
"United States","USA","Labor force participation rate for ages 15-24, female (%) (national estimate)","SL.TLF.ACTI.1524.FE.NE.ZS","42.8","43.4","43.3","42.9","43.3","44","46.5","47.6","48.5","50.4","51.3","51.1","53","54.9","56.6","57.2","58","59.6","61.7","62.5","61.9","61.9","62","61.9","62.8","63.7","64.3","64.6","64.5","64.4","62.9","61.7","61.8","62","62.742","62.485","62.393","62.928","63.341","62.909","63","62.002","61.055","59.229","58.663","58.575","57.861","57.196","56.498","55.228","53.554","53.276","53.201","53.48","53.581","53.794","53.787","54.266","54.521","55.146","53.212","54.526","54.644","55.918","55.379",
"United States","USA","Children in employment, work only, male (% of male children in employment, ages 7-14)","SL.TLF.0714.WK.MA.ZS","","","","","","","","","","","","","","","","","","","","","","","","","","","","","","","","","","","","","","","","","","","","","","","","","","","","","","","","","","","","","","","","","",
"United States","USA","Children in employment, study and work (% of children in employment, ages 7-14)","SL.TLF.0714.SW.ZS","","","","","","","","","","","","","","","","","","","","","","","","","","","","","","","","","","","","","","","","","","","","","","","","","","","","","","","","","","","","","","","","","",
"United States","USA","Children in employment, study and work, female (% of female children in employment, ages 7-14)","SL.TLF.0714.SW.FE.ZS","","","","","","","","","","","","","","","","","","","","","","","","","","","","","","","","","","","","","","","","","","","","","","","","","","","","","","","","","","","","","","","","","",
"United States","USA","Employment in services (% of total employment) (modeled ILO estimate)","SL.SRV.EMPL.ZS","","","","","","","","","","","","","","","","","","","","","","","","","","","","","","","","72.6896761917364","73.2412565660658","73.8339825426755","73.7549165240116","73.724263953029","73.885491655808","73.9313866892598","74.2136867716116","74.7506529023359","74.9337628689955","75.2925454391064","75.5747928988054","75.785718093051","75.8851332377365","76.066494367741","75.9946618722503","76.3029810018474","76.9321577342298","78.3806586965558","78.6583650732479","78.5679642618167","78.6183249587623","78.4672386465152","78.3945970965234","78.4249562193854","78.5031793161537","78.5619258229225","78.4780350193183","78.4587894445038","78.8351929532077","79.1539306226998","79.1026785021045","79.0947316958393","79.3873005029237",
"United States","USA","Child employment in services, male (% of male economically active children ages 7-14)","SL.SRV.0714.MA.ZS","","","","","","","","","","","","","","","","","","","","","","","","","","","","","","","","","","","","","","","","","","","","","","","","","","","","","","","","","","","","","","","","","",
"United States","USA","Children in employment, self-employed, female (% of female children in employment, ages 7-14)","SL.SLF.0714.FE.ZS","","","","","","","","","","","","","","","","","","","","","","","","","","","","","","","","","","","","","","","","","","","","","","","","","","","","","","","","","","","","","","","","","",
"United States","USA","Employment in industry (% of total employment) (modeled ILO estimate)","SL.IND.EMPL.ZS","","","","","","","","","","","","","","","","","","","","","","","","","","","","","","","","24.3734633619148","23.8557759293555","23.4201428306095","23.3134581689564","23.3599589520439","23.2383477288001","23.2914365488552","23.0736932374096","22.6476588774035","22.6696814582688","22.4697538277737","22.3459708523018","22.2872763085885","22.2493042173759","22.131757184111","22.2306233143871","22.0203748051062","21.3502704279058","19.8872717103055","19.4896699994272","19.5605716592392","19.5790234623623","19.8032434024193","19.8362096579529","19.678506704267","19.6004288978866","19.5555626898736","19.7028367872634","19.7528962033625","19.4184044990188","19.183666430817","19.2767779678998","19.3356581942933","19.0437070998445",
"United States","USA","Contributing family workers, total (% of total employment) (modeled ILO estimate)","SL.FAM.WORK.ZS","","","","","","","","","","","","","","","","","","","","","","","","","","","","","","","","0.207919529485315","0.20686525509112","0.185124927600371","0.153282886190341","0.131331051797801","0.151863369494065","0.139548544170185","0.114337349423136","0.107859618862496","0.109978641976009","0.105518117940478","0.0999998232941717","0.0999998885830695","0.0999996527789834","0.0999996823311383","0.0999996904138761","0.0999996732517225","0.100000141092022","0.0999997200013384","0.100000201589484","0.100000000687763","0.100000030386115","0.0999999132796419","0.0999998324357914","0.0999998404439241","0.0999999981039779","0.0999998435746927","0.100000063537488","0.0999999423254023","0.100000114812159","0.100000197432538","0.0999998490857579","0.100000286439006","0.100000038862636",
"United States","USA","Children in employment, unpaid family workers, male (% of male children in employment, ages 7-14)","SL.FAM.0714.MA.ZS","","","","","","","","","","","","","","","","","","","","","","","","","","","","","","","","","","","","","","","","","","","","","","","","","","","","","","","","","","","","","","","","","",
"United States","USA","Wage and salaried workers, female (% of female employment) (modeled ILO estimate)","SL.EMP.WORK.FE.ZS","","","","","","","","","","","","","","","","","","","","","","","","","","","","","","","","94.9166800502445","95.0905615699642","95.0176994988275","95.0656497278256","95.1871865547449","95.2231903442052","95.2897715965299","95.5040504988448","95.662781319146","95.701735935102","95.7207420923139","95.7725979312162","95.5907586056697","95.5727919899292","95.6337061936551","95.6475068352976","95.7522806862006","95.8834149642859","95.7825776003985","95.790543219637","95.9066626003491","95.9430455040515","96.0161280450623","96.0888064701715","96.0721274310984","96.0935062386634","96.1410219745978","96.1136787899113","96.2094799513735","96.3055270270257","96.0190212817656","96.1171262303826","96.2307055958351","96.1340793413329",
"United States","USA","Employment to population ratio, 15+, total (%) (modeled ILO estimate)","SL.EMP.TOTL.SP.ZS","","","","","","","","","","","","","","","","","","","","","","","","","","","","","","","","60.58","60.358","60.64","61.468","61.897","62.189","62.781","63.033","63.27","63.506","62.746","61.793","61.314","61.407","61.742","62.162","61.99","61.226","58.412","57.592","57.574","58.017","58.108","58.595","58.979","59.391","59.824","60.153","60.543","56.598","58.211","59.538","59.821","59.467",
"United States","USA","Employment to population ratio, 15+, female (%) (modeled ILO estimate)","SL.EMP.TOTL.SP.FE.ZS","","","","","","","","","","","","","","","","","","","","","","","","","","","","","","","","52.326","52.359","52.698","53.875","54.31","54.692","55.436","55.687","56.009","56.275","55.799","55.078","54.93","54.817","55.082","55.47","55.472","55.138","53.384","52.569","52.18","52.299","52.379","52.793","53.043","53.411","53.966","54.304","54.816","51.05","52.733","54.005","54.649","54.347",
"United States","USA","Self-employed, male (% of male employment) (modeled ILO estimate)","SL.EMP.SELF.MA.ZS","","","","","","","","","","","","","","","","","","","","","","","","","","","","","","","","13.121821666364","12.7085387496374","12.8720022157771","12.7592427135485","12.4176933147304","12.2451293921101","12.0115695369213","11.5809185259743","11.1910089275109","11.0517041801241","10.9275765564181","10.7609299097984","11.0099007086113","10.9858734797593","10.838762213657","10.7257044650058","10.4903910781879","10.2597592105702","10.3881815388023","10.2972310230293","9.93974069771379","9.81407741916673","9.57831409609889","9.35841216816984","9.32894752621537","9.23623195912143","9.03916885643694","9.06822660110867","8.81438886361685","8.44840066252333","8.73456579374265","8.27347634958995","8.02541895670364","8.13790441786899",
"United States","USA","Employers, female (% of female employment) (modeled ILO estimate)","SL.EMP.MPYR.FE.ZS","","","","","","","","","","","","","","","","","","","","","","","","","","","","","","","","1.81658033564346","1.73841015281754","1.75461430989164","1.73736236317141","1.68091949038967","1.64299878571245","1.60711305309664","1.54123863891256","1.48921899002591","1.48077921000482","1.46412556935891","1.43962284748465","1.48553347305916","1.49405638001037","1.48665064905629","1.49347995745992","1.47721973491733","1.44843378502098","1.46465116654934","1.45420744829408","1.39896505154154","1.37767043655064","1.33837320270255","1.29700706055329","1.28584006772285","1.26295895219671","1.23503842053383","1.23523959075861","1.19799042637632","1.08975924418872","1.214901499232","1.24043454209119","1.20093495033888","1.21521123731071",
"United States","USA","Employment to population ratio, ages 15-24, male (%) (national estimate)","SL.EMP.1524.SP.MA.NE.ZS","63.4","61.4","62.1","60.8","61.1","62.4","63.7","63.9","63","63.4","61.7","60.7","62.8","65.7","65.3","60.4","62.1","64.2","66.1","66.5","63.5","62.2","58.7","59.2","62.3","62.7","63","63.2","64.1","64.7","63.5","60.3","59.7","60.1","61.065","61.543","60.22","60.297","60.794","61.022","61.922","59.373","57.093","55.333","55.549","55.15","56.206","54.425","52.254","46.698","44.932","45.994","46.558","46.943","48.209","49.003","50.052","50.802","50.58","51.276","46.407","50.559","51.537","51.624","50.902",
"United States","USA","Employment in agriculture, male (% of male employment) (modeled ILO estimate)","SL.AGR.EMPL.MA.ZS","","","","","","","","","","","","","","","","","","","","","","","","","","","","","","","","4.26835551716098","4.23408048219979","4.01997330202481","4.08645059737387","4.04069558182151","4.00696784510194","3.89109909396866","3.82452468482588","3.6128234256686","3.32132306093846","3.10100877906543","2.87972369739552","2.66854027482243","2.60574504676182","2.49601494756071","2.46355482329414","2.35928401115938","2.42734498944548","2.48171775142658","2.61795986041483","2.61842367791262","2.48085597845995","2.43322702074749","2.48941397010072","2.64969919610921","2.6396512518391","2.63218804530386","2.50371237718387","2.46100861918689","2.33138469896385","2.21439583474204","2.14052223405559","2.05848095426876","2.05042268918046",
"United States","USA","Child employment in agriculture, female (% of female economically active children ages 7-14)","SL.AGR.0714.FE.ZS","","","","","","","","","","","","","","","","","","","","","","","","","","","","","","","","","","","","","","","","","","","","","","","","","","","","","","","","","","","","","","","","","",
"United States","USA","Annualized average growth rate in per capita real survey mean consumption or income, bottom 40% of population (%)","SI.SPR.PC40.ZG","","","","","","","","","","","","","","","","","","","","","","","","","","","","","","","","","","","","","","","","","","","","","","","","","","","","","","","","","","","","","","","","0.91","",
"United States","USA","Poverty gap at $8.30 a day (2021 PPP) (%)","SI.POV.UMIC.GP","","","","2.4","2.3","1.9","2","1.7","1.5","1.2","1.6","1.4","1.3","1.2","1.3","1.2","1","1","1","0.9","0.8","0.8","1","1.1","0.9","0.9","0.9","0.8","0.7","0.7","0.8","0.8","0.9","0.9","0.9","0.9","0.9","1","1","0.9","0.9","1.1","1.1","1.2","1.3","1.2","1.2","1.2","1.3","1.1","1.3","1.3","1.3","1.3","1.5","1.4","1.3","1.5","1.3","1.2","0.7","0.6","1.5","1.4","",
"United States","USA","Multidimensional poverty headcount ratio (World Bank) (% of population)","SI.POV.MPWB","","","","","","","","","","","","","","","","","","","","","","","","","","","","","","","","","","","","","","","","","","","","","","","","","","","1.3","1.2","1.3","1.2","1.5","1.3","1.3","1.3","1.2","1.1","0.5","0.6","1.4","1.3","",
"United States","USA","Gini index","SI.POV.GINI","","","","36.7","37.4","36.8","37.1","36.9","36.3","36","36.6","36.9","36.7","36.1","35.5","35.6","35.6","35.5","34.8","34.8","34.7","35.5","36.7","37.3","37.3","37.6","37.6","37.2","37.7","38.2","38.3","38","38.4","40.4","40","39.9","40.3","40.5","40","40","40.1","40.6","40.4","40.8","40.5","41.3","41.7","41.1","41.1","40.8","40.2","41.2","41.2","40.9","41.7","41.5","41.3","41.4","41.8","41.9","40","39.7","41.7","41.8","",
"United States","USA","Income share held by lowest 10%","SI.DST.FRST.10","","","","1.9","1.9","2","1.9","2","2.1","2.2","2","2.1","2","2","2.1","2.1","2.1","2.2","2.2","2.3","2.4","2.3","2.1","2","2","2","2","2","2","2","2","2","2","1.9","1.9","2","2","2","1.9","2","2","1.9","1.9","1.8","1.9","1.8","1.8","1.8","1.8","1.9","1.9","1.8","1.8","1.9","1.8","1.9","1.8","1.8","1.8","1.8","2.1","2.3","1.8","1.8","",
"United States","USA","Income share held by fourth 20%","SI.DST.04TH.20","","","","23.2","23","23.2","23.3","23.3","23.3","23.3","23.3","23.2","23.4","23.4","23.5","23.5","23.5","23.4","23.6","23.5","23.6","23.6","23.7","23.8","23.7","23.6","23.7","23.8","23.6","23.3","23.4","23.4","23.4","22.9","22.7","22.7","22.6","22.5","22.6","22.6","22.4","22.3","22.6","22.7","22.6","22.4","22.3","22.6","22.7","22.5","23","22.8","22.8","22.8","22.5","22.6","22.7","22.8","22.6","22.6","22.7","22.2","22.6","22.7","",
"United States","USA","UHC service coverage sub-index on non-communicable diseases","SH_UHC_SCI_NCD","","","","","","","","","","","","","","","","","","","","","","","","","","","","","","","","","","","","","","","","","49","50","52","54","56","57","59","60","61","63","64","65","66","67","68","69","69","70","71","71","72","73","73","74","",
"United States","USA","Net official flows from UN agencies, UNCTAD (current US$)","DT.NFL.UNCTAD.CD","","","","","","","","","","","","","","","","","","","","","","","","","","","","","","","","","","","","","","","","","","","","","","","","","","","","","","","","","","","","","","","","","",
"United States","USA","Net official flows from UN agencies, UNAIDS (current US$)","DT.NFL.UNAI.CD","","","","","","","","","","","","","","","","","","","","","","","","","","","","","","","","","","","","","","","","","","","","","","","","","","","","","","","","","","","","","","","","","",
"United States","USA","Net financial flows, RDB concessional (NFL, current US$)","DT.NFL.RDBC.CD","","","","","","","","","","","","","","","","","","","","","","","","","","","","","","","","","","","","","","","","","","","","","","","","","","","","","","","","","","","","","","","","","",
"United States","USA","PNG, bonds (NFL, current US$)","DT.NFL.PNGB.CD","","","","","","","","","","","","","","","","","","","","","","","","","","","","","","","","","","","","","","","","","","","","","","","","","","","","","","","","","","","","","","","","","",
"United States","USA","PPG, official creditors (NFL, US$)","DT.NFL.OFFT.CD","","","","","","","","","","","","","","","","","","","","","","","","","","","","","","","","","","","","","","","","","","","","","","","","","","","","","","","","","","","","","","","","","",
"United States","USA","Net financial flows, IDA (NFL, current US$)","DT.NFL.MIDA.CD","","","","","","","","","","","","","","","","","","","","","","","","","","","","","","","","","","","","","","","","","","","","","","","","","","","","","","","","","","","","","","","","","",
"United States","USA","Net official flows from UN agencies, ILO (current US$)","DT.NFL.ILOG.CD","","","","","","","","","","","","","","","","","","","","","","","","","","","","","","","","","","","","","","","","","","","","","","","","","","","","","","","","","","","","","","","","","",
"United States","USA","Net flows on external debt, private nonguaranteed (PNG) (NFL, current US$)","DT.NFL.DPNG.CD","","","","","","","","","","","","","","","","","","","","","","","","","","","","","","","","","","","","","","","","","","","","","","","","","","","","","","","","","","","","","","","","","",
"United States","USA","Present value of external debt (% of GNI)","DT.DOD.PVLX.GN.ZS","","","","","","","","","","","","","","","","","","","","","","","","","","","","","","","","","","","","","","","","","","","","","","","","","","","","","","","","","","","","","","","","","",
"United States","USA","PPG, IDA (DOD, current US$)","DT.DOD.MIDA.CD","","","","","","","","","","","","","","","","","","","","","","","","","","","","","","","","","","","","","","","","","","","","","","","","","","","","","","","","","","","","","","","","","",
"United States","USA","Short-term debt (% of total reserves)","DT.DOD.DSTC.IR.ZS","","","","","","","","","","","","","","","","","","","","","","","","","","","","","","","","","","","","","","","","","","","","","","","","","","","","","","","","","","","","","","","","","",
"United States","USA","External debt stocks, long-term (DOD, current US$)","DT.DOD.DLXF.CD","","","","","","","","","","","","","","","","","","","","","","","","","","","","","","","","","","","","","","","","","","","","","","","","","","","","","","","","","","","","","","","","","",
"United States","USA","Net ODA provided, total (constant 2023 US$)","DC.ODA.TOTL.KD","21777389439","23627576734","25589512651","27306494214","27058083604","29676565495","27411770025","22986328574","25668766555","21526164236","19096216587","17939737423","21871289253","13909626505","17654053786","18301177145","18177385468","18377918489","20768714157","15860882587","22168039892","16404574601","21916462366","20779244556","21619200968","22621220379","22554327063","20975819517","22541739506","16420861394","23492017714","22460298103","22831475380","19281879053","18513247994","13456857802","16820462292","12128604043","15320932592","15724920042","16737900911","18793841636","21519107920","25912758101","30468873495","41881148694","34225103941","30851000877","36727750150","39808900752","40456387143","41389342289","40220896746","40340385363","41969023689","38932038109","42841393306","42467956037","40387364435","38783378569","41078224284","52748853265","62499544815","64461910000","61717271365",
"United States","USA","Net ODA provided, to the least developed countries (current US$)","DC.ODA.TLDC.CD","144520000","206000000","263000000","235000000","227000000","284710000","241780000","229370000","174900000","175000000","167000000","222000000","293000000","454000000","598000000","660000000","314000000","336000000","461000000","532000000","691000000","699000000","782000000","866000000","987000000","1419000000","1055000000","975000000","889000000","865000000","1091000000","1009000000","1155000000","1423000000","1963000000","1261000000","599000000","727000000","628310000","1033070000","1042360000","985280000","2078040000","4229130000","3423820000","4645300000","5303690000","4797440000","7000340000","8009010000","8916790000","10060370000","9122570000","8837740000","8632790000","9115761882","9323416370","10004264370","9629248860","9653661261","10290284009","12278829150","11689327008","13494455365","",
"United States","USA","Net bilateral aid flows from DAC donors, Slovenia (current US$)","DC.DAC.SVNL.CD","","","","","","","","","","","","","","","","","","","","","","","","","","","","","","","","","","","","","","","","","","","","","","","","","","","","","","","","","","","","","","","","","",
"United States","USA","Net bilateral aid flows from DAC donors, New Zealand (current US$)","DC.DAC.NZLL.CD","","","","","","","","","","","","","","","","","","","","","","","","","","","","","","","","","","","","","","","","","","","","","","","","","","","","","","","","","","","","","","","","","",
"United States","USA","Net bilateral aid flows from DAC donors, Lithuania (current US$)","DC.DAC.LTUL.CD","","","","","","","","","","","","","","","","","","","","","","","","","","","","","","","","","","","","","","","","","","","","","","","","","","","","","","","","","","","","","","","","","",
"United States","USA","Prevalence of severe food insecurity in the population (%)","SN.ITK.SVFI.ZS","","","","","","","","","","","","","","","","","","","","","","","","","","","","","","","","","","","","","","","","","","","","","","","","","","","","","","","","1.1","1","0.9","0.8","0.8","0.7","0.7","0.8","1","",
"United States","USA","International migrant stock (% of population)","SM.POP.TOTL.ZS","","","","","","","","","","","","","","","","","","","","","","","","","","","","","","","9.2","","","","","10.6","","","","","12.4","","","","","13.4","","","","","14.1","","","","","14.7","","","","","14.9","","","","15.2",
"United States","USA","Refugees under the mandate of the UNHCR by country or territory of origin","SM.POP.RHCR.EO","","","","","","","","","","","","","","","","","","","","","","","","","","","","","","","","8","8","10","364","243","141","75","50","38","173","220","383","394","451","676","1353","2164","2126","2367","3019","3775","4454","4755","4980","4824","302","310","332","297","349","426","1327","1229","4004",
"United States","USA","Net migration","SM.POP.NETM","422708","580333","625617","639495","618635","644902","637692","585410","594514","523740","744902","833549","833543","783163","706978","655078","635590","577060","556521","503559","595916","583070","600149","662840","622793","598777","493082","480815","460778","400998","1084720","1202426","1304880","1228478","1179309","1173016","1141648","1116922","1225134","1156311","1248392","1312455","1336518","1331376","1313467","1369224","1347750","1371353","1416841","1387306","1594453","1624033","1632007","1663885","1672598","1722127","1889129","1864738","1764961","1774500","329769","674787","1319009","1322668","1286132",
"United States","USA","Asylum-seekers by country or territory of asylum","SM.POP.ASYS.EA","","","","","","","","","","","","","","","","","","","","","","","","","","","","","","","","","","","","","","","","","386303","395849","395358","350860","263675","169706","124194","83855","69188","63758","6276","11700","18946","84317","187815","286177","439864","642719","718992","847608","997996","1303181","1798792","2601467","3184162",
"United States","USA","Unemployment, total (% of total labor force) (modeled ILO estimate)","SL.UEM.TOTL.ZS","","","","","","","","","","","","","","","","","","","","","","","","","","","","","","","","6.8","7.5","6.9","6.119","5.65","5.451","5","4.511","4.219","3.992","4.731","5.783","5.989","5.529","5.084","4.623","4.622","5.784","9.254","9.633","8.949","8.069","7.375","6.168","5.28","4.869","4.355","3.896","3.669","8.055","5.349","3.65","3.638","4.022",
"United States","USA","Unemployment, female (% of female labor force) (modeled ILO estimate)","SL.UEM.TOTL.FE.ZS","","","","","","","","","","","","","","","","","","","","","","","","","","","","","","","","6.356","6.999","6.568","6.052","5.671","5.47","5.075","4.623","4.342","4.101","4.651","5.609","5.658","5.396","5.097","4.627","4.499","5.414","8.046","8.601","8.453","7.888","7.067","6.057","5.175","4.786","4.307","3.836","3.608","8.356","5.21","3.613","3.45","3.914",
"United States","USA","Share of youth not in education, employment or training, male (% of male youth population)","SL.UEM.NEET.MA.ZS","","","","","","","","","","","","","","","","","","","","","","","","","","","","","","","","","","","11.863","11.433","11.245","10.733","10.127","9.889","9.712","10.581","11.242","11.779","10.982","11.076","10.146","10.291","11.646","14.479","14.894","13.515","13.008","13.562","12.314","11.561","11.233","10.195","10.309","9.89","13.593","11.791","10.768","10.995","11.206",
"United States","USA","Unemployment with intermediate education (% of total labor force with intermediate education)","SL.UEM.INTM.ZS","","","","","","","","","","","","","","","","","","","","","","","","","","","","","","","","","","","7.145","6.556","6.423","5.996","5.457","5.006","4.792","5.627","6.941","7.232","6.743","6.352","5.829","5.895","7.416","11.731","12.323","11.569","10.416","9.68","8.091","7.087","6.471","5.766","5.172","4.84","10.457","7.076","4.96","4.888","5.442",
"United States","USA","Unemployment with basic education, male (% of male labor force with basic education)","SL.UEM.BASC.MA.ZS","","","","","","","","","","","","","","","","","","","","","","","","","","","","","","","","","","","11.637","11.091","10.066","9.275","8.554","8.179","7.619","8.544","9.055","9.284","8.437","7.392","7.186","7.308","9.886","14.695","15.027","12.537","11.597","9.644","7.415","7.118","6.313","5.738","5.219","4.59","10.523","7.15","5.047","4.942","5.711",
"United States","USA","Unemployment with advanced education, female (% of female labor force with advanced education)","SL.UEM.ADVN.FE.ZS","","","","","","","","","","","","","","","","","","","","","","","","","","","","","","","","","","","3.174","3.042","2.859","2.462","2.283","2.148","2.094","2.587","3.174","3.25","3.06","2.794","2.517","2.499","3.097","5.028","5.256","5.17","4.986","4.45","3.821","3.149","2.959","2.793","2.483","2.411","5.96","3.579","2.317","2.323","2.614",
"United States","USA","Unemployment, youth male (% of male labor force ages 15-24) (national estimate)","SL.UEM.1524.MA.NE.ZS","11.5","13.3","11.2","12.1","11.1","9.5","7.7","7.9","7.8","7.8","11.1","12.8","11.9","9.9","11.5","16.6","14.8","13.3","11.7","11.4","14.6","15.7","19.1","18.4","14.4","14.1","13.7","12.6","11.4","11.4","11.6","14.3","15.3","14.3","13.199","12.558","12.722","11.905","11.063","10.298","9.716","11.427","12.82","13.355","12.639","12.386","11.236","11.554","14.359","20.127","20.827","18.745","17.647","17.053","14.541","12.776","11.445","10.321","9.519","9.405","15.001","10.524","8.763","8.758","9.704",
"United States","USA","Labor force, female (% of total labor force)","SL.TLF.TOTL.FE.ZS","","","","","","","","","","","","","","","","","","","","","","","","","","","","","","","44.1327891407493","44.1690681685807","44.282313467814","44.3927674897826","44.8477487268697","44.8859440121232","44.9302197202883","45.0802842673872","45.057108503011","45.0859136686121","45.0576382459775","45.0762626365876","45.1021437378559","45.2250133465162","45.128880250771","45.1411315113288","45.120895131862","45.1640685845004","45.3082478404308","45.5346063755898","45.5454244196848","45.4512346159875","45.3005278534996","45.1784570377838","45.1985755443416","45.0678000682997","45.0251666922372","45.1335932280448","45.1192820388124","45.2120599159437","45.1999449656485","45.1871645471148","45.3040253318552","45.5675714150187","45.6225347890106",
"United States","USA","Labor force with intermediate education (% of total working-age population with intermediate education)","SL.TLF.INTM.ZS","","","","","","","","","","","","","","","","","","","","","","","","","","","","","","","","","","","65.994","65.852","65.959","66.074","65.644","65.486","65.277","64.783","64.313","63.747","63.183","63.145","63.083","62.518","62.241","61.229","60.447","59.604","58.854","58.194","57.708","57.368","57.477","57.478","57.218","57.359","55.474","55.481","56.076","56.415","56.369",
"United States","USA","Labor force participation rate, total (% of total population ages 15+) (national estimate)","SL.TLF.CACT.NE.ZS","59.4","59.3","58.8","58.7","58.7","58.9","59.2","59.6","59.6","60.1","60.4","60.2","60.4","60.8","61.3","61.2","61.6","62.3","63.2","63.7","63.8","63.9","64","64","64.4","64.8","65.3","65.6","65.9","66.5","66.5","66.2","66.4","66.3","66.658","66.718","66.868","67.204","67.086","67.083","67.074","66.824","66.582","66.244","65.994","66.047","66.179","66.04","65.994","65.37","64.706","64.109","63.701","63.249","62.885","62.651","62.786","62.851","62.871","63.1","61.746","61.659","62.236","62.604","62.593",
"United States","USA","Ratio of female to male labor force participation rate (%) (national estimate)","SL.TLF.CACT.FM.NE.ZS","45.2581032412965","45.9589867310012","46.219512195122","47.051597051597","47.7777777777778","48.6988847583643","50.1243781094527","51.1194029850746","51.9350811485643","53.5087719298246","54.3287327478043","54.8672566371681","55.6400506970849","56.7258883248731","58.0686149936468","59.4351732991014","61.0322580645161","62.2908622908623","64.1848523748395","65.4241645244216","66.5374677002584","67.6623376623377","68.668407310705","69.2408376963351","70.1570680628272","71.4285714285714","72.4770642201835","73.490813648294","74.2782152230971","75.130890052356","75.261780104712","75.7255936675462","76.2532981530343","76.790450928382","78.3541658346978","78.6782145236509","79.0902548246082","79.7725275017979","79.9142731242239","80.3452890792291","80.1256516508488","80.3124538237309","80.4593668187093","80.9503727485444","80.6862504432261","80.8136601066514","80.8055646302951","80.996408232386","81.5196085150713","82.2687347120302","82.3541807147674","82.4462575381341","82.2189597913311","82.0416475447453","82.3157164735458","82.0811006517017","82.0954197921635","82.5768434464087","82.6558540293969","83.0436417271597","83.0589382832821","82.9760795278037","83.5486243931146","84.1657124401773","84.6124413180086",
"United States","USA","Labor force with basic education, male (% of male working-age population with basic education)","SL.TLF.BASC.MA.ZS","","","","","","","","","","","","","","","","","","","","","","","","","","","","","","","","","","","47.123","47.596","48.337","49.501","49.179","49.066","51.913","51.876","52.455","52.698","53.608","53.72","55.073","55.074","54.478","53.581","53.695","52.365","52.372","52.804","52.684","52.885","52.814","52.687","53.795","54.257","52.83","52.989","54.869","56.103","56.056",
"United States","USA","Labor force with advanced education, female (% of female working-age population with advanced education)","SL.TLF.ADVN.FE.ZS","","","","","","","","","","","","","","","","","","","","","","","","","","","","","","","","","","","75.657","75.514","75.534","75.637","75.265","74.735","74.227","73.41","73.152","73.253","73.019","73.162","73.101","73.09","73.477","73.35","72.444","71.883","71.49","70.956","70.385","69.72","69.405","69.31","69.363","69.372","67.825","67.602","68.16","68.333","68.246",
"United States","USA","Labor force participation rate for ages 15-24, total (%) (modeled ILO estimate)","SL.TLF.ACTI.1524.ZS","","","","","","","","","","","","","","","","","","","","","","","","","","","","","","","61.347","60.169","60.264","60.215","60.614","60.517","59.828","59.804","59.944","59.601","59.904","58.736","57.593","56.026","55.647","55.308","55.169","54.037","53.486","51.73","50.189","49.998","49.932","50.083","50.041","50.026","50.183","50.453","50.213","50.816","49.025","50.498","50.541","51.144","50.81",
"United States","USA","Labor force participation rate for ages 15-24, female (%) (modeled ILO estimate)","SL.TLF.ACTI.1524.FE.ZS","","","","","","","","","","","","","","","","","","","","","","","","","","","","","","","57.182","56.091","56.182","56.364","57.038","56.805","56.721","57.207","57.582","57.19","57.273","56.366","55.505","53.845","53.33","53.25","52.6","51.996","51.362","50.207","48.686","48.433","48.365","48.618","48.71","48.903","48.897","49.332","49.565","50.133","48.374","49.569","49.676","50.835","50.345",
"United States","USA","Average working hours of children, working only, ages 7-14 (hours per week)","SL.TLF.0714.WK.TM","","","","","","","","","","","","","","","","","","","","","","","","","","","","","","","","","","","","","","","","","","","","","","","","","","","","","","","","","","","","","","","","","",
"United States","USA","Average working hours of children, working only, female, ages 7-14 (hours per week)","SL.TLF.0714.WK.FE.TM","","","","","","","","","","","","","","","","","","","","","","","","","","","","","","","","","","","","","","","","","","","","","","","","","","","","","","","","","","","","","","","","","",
"United States","USA","Average working hours of children, study and work, male, ages 7-14 (hours per week)","SL.TLF.0714.SW.MA.TM","","","","","","","","","","","","","","","","","","","","","","","","","","","","","","","","","","","","","","","","","","","","","","","","","","","","","","","","","","","","","","","","","",
"United States","USA","Children in employment, female (% of female children ages 7-14)","SL.TLF.0714.FE.ZS","","","","","","","","","","","","","","","","","","","","","","","","","","","","","","","","","","","","","","","","","","","","","","","","","","","","","","","","","","","","","","","","","",
"United States","USA","Child employment in services (% of economically active children ages 7-14)","SL.SRV.0714.ZS","","","","","","","","","","","","","","","","","","","","","","","","","","","","","","","","","","","","","","","","","","","","","","","","","","","","","","","","","","","","","","","","","",
"United States","USA","Children in employment, self-employed, male (% of male children in employment, ages 7-14)","SL.SLF.0714.MA.ZS","","","","","","","","","","","","","","","","","","","","","","","","","","","","","","","","","","","","","","","","","","","","","","","","","","","","","","","","","","","","","","","","","",
"United States","USA","Child employment in manufacturing, female (% of female economically active children ages 7-14)","SL.MNF.0714.FE.ZS","","","","","","","","","","","","","","","","","","","","","","","","","","","","","","","","","","","","","","","","","","","","","","","","","","","","","","","","","","","","","","","","","",
"United States","USA","GDP per person employed (constant 2021 PPP $)","SL.GDP.PCAP.EM.KD","","","","","","","","","","","","","","","","","","","","","","","","","","","","","","","","92226.4112223463","94644.53193571","95590.4919895656","96896.9971339889","97546.7646951955","99446.0311320971","101486.043688418","104208.956941677","107377.611310531","109932.251061803","111034.529494008","113396.808933308","116237.533111269","119148.824713745","121196.232573808","122255.200071888","123651.003100458","123985.504587741","125344.453011453","129284.288220084","130147.263454206","130909.115508954","132306.492107158","133281.603731104","135038.955151866","135265.257758258","136420.185572236","138621.235992433","140253.575221907","145799.895376767","149654.666813837","148654.120404472","150436.445055838","153543.964207",
"United States","USA","Children in employment, unpaid family workers (% of children in employment, ages 7-14)","SL.FAM.0714.ZS","","","","","","","","","","","","","","","","","","","","","","","","","","","","","","","","","","","","","","","","","","","","","","","","","","","","","","","","","","","","","","","","","",
"United States","USA","Wage and salaried workers, male (% of male employment) (modeled ILO estimate)","SL.EMP.WORK.MA.ZS","","","","","","","","","","","","","","","","","","","","","","","","","","","","","","","","86.8781812896926","87.2914656647531","87.1279977842229","87.2407544406483","87.5823066852696","87.754867855411","87.9884345161184","88.4190828034494","88.8089897622115","88.9482958198759","89.0724247370443","89.239067490421","88.9900979920166","89.0141303520516","89.1612402928429","89.2742918480148","89.5096052623602","89.7402420160723","89.6118171743814","89.7027663992491","90.0602567691641","90.1859201078649","90.4216846837406","90.641586636273","90.6710513015101","90.7637714922636","90.9608311435631","90.931770057543","91.1856078450385","91.5515981766539","91.2654342062574","91.7265247456637","91.9745788697179","91.8620988337113",
"United States","USA","Vulnerable employment, female (% of female employment) (modeled ILO estimate)","SL.EMP.VULN.FE.ZS","","","","","","","","","","","","","","","","","","","","","","","","","","","","","","","","3.26673776171378","3.17102644366893","3.22768799525367","3.19698965654477","3.13189567118054","3.13381087008237","3.10311370211492","2.95470598851422","2.84800129043433","2.81748012496655","2.81513233832725","2.78777764442695","2.92370948494609","2.93314853200063","2.87964163387182","2.85901320724247","2.77050105648891","2.66814978063327","2.75277423717208","2.7552493320689","2.69437535811548","2.67928108407016","2.64550022389025","2.6141908086589","2.64203250117876","2.64353200426297","2.62394235416063","2.65107755972321","2.5925296222502","2.60471089720876","2.76607585561431","2.64244187026013","2.56835816027123","2.65070813213344",
"United States","USA","Employment to population ratio, 15+, male (%) (national estimate)","SL.EMP.TOTL.SP.MA.NE.ZS","78.9","77.6","77.7","77.1","77.3","77.5","77.9","78","77.8","77.6","76.2","74.9","75","75.5","74.9","71.7","72","72.8","73.8","73.8","72","71.3","69","68.8","70.7","70.9","71","71.5","72","72.5","72","70.4","69.8","70","70.485","70.823","70.954","71.379","71.582","71.645","71.893","70.87","69.707","68.898","69.19","69.603","70.071","69.762","68.504","64.546","63.694","63.869","64.388","64.402","64.88","65.343","65.771","66.033","66.33","66.58","62.388","63.903","65.467","65.529","65.155",
"United States","USA","Self-employed, total (% of total employment) (modeled ILO estimate)","SL.EMP.SELF.ZS","","","","","","","","","","","","","","","","","","","","","","","","","","","","","","","","9.55437084556775","9.23620910544432","9.35704227101559","9.24741545175005","9.00493781740844","8.89023378264536","8.72270094040763","8.39238338147843","8.10484865097974","8.01224102944437","7.92824909965781","7.80869824179411","8.01424322814106","8.0218590470844","7.91740956142843","7.85015443457605","7.66735881395694","7.46542765670711","7.5409301904842","7.49284618006348","7.26802802817095","7.20093267817718","7.04243687408331","6.89345736121874","6.89210704915655","6.8343905521016","6.70000317568203","6.7287232014761","6.54157663221395","6.30664592733845","6.58341512387534","6.28358156290766","6.08220746316535","6.18675672780234",
"United States","USA","Employers, male (% of male employment) (modeled ILO estimate)","SL.EMP.MPYR.MA.ZS","","","","","","","","","","","","","","","","","","","","","","","","","","","","","","","","7.18073161870026","6.8461089914189","6.83745924321425","6.70089617758541","6.41993961503045","6.21107753881917","6.01417861367668","5.73233286930241","5.50211901369378","5.41313481794762","5.31933439666291","5.19371296620679","5.2993032805806","5.27768603783763","5.21698625396611","5.20088752967711","5.12033442901797","5.01238872114008","5.02808180744579","4.9387767269939","4.70727551050612","4.57836205391345","4.40461124543655","4.24343508233694","4.17791361469398","4.07668857920352","3.94092097749063","3.91482279465582","3.77097476584195","3.3836601846479","3.66939420837288","3.39594362058913","3.2662015657981","3.27716369336206",
"United States","USA","Employment to population ratio, ages 15-24, male (%) (modeled ILO estimate)","SL.EMP.1524.SP.MA.ZS","","","","","","","","","","","","","","","","","","","","","","","","","","","","","","","","54.808","54.242","54.684","55.535","55.971","54.781","54.838","55.293","55.492","56.346","54.047","51.963","50.368","50.551","50.205","51.161","49.54","47.588","42.551","40.926","41.841","42.341","42.684","43.827","44.552","45.508","46.195","45.994","46.638","42.199","45.988","46.874","46.931","46.284",
"United States","USA","Employment in agriculture (% of total employment) (modeled ILO estimate)","SL.AGR.EMPL.ZS","","","","","","","","","","","","","","","","","","","","","","","","","","","","","","","","2.93686126843486","2.90296750457869","2.74587543040743","2.93161589542779","2.91578710767577","2.87615076127207","2.77717676188496","2.71261999097877","2.60169830416711","2.39654573854086","2.23769860333397","2.07923696141639","1.92701482396667","1.86556254488759","1.80175738688274","1.77470537064913","1.67663483829058","1.71756180762692","1.73206959313867","1.85195450028334","1.87146407894409","1.80265090362838","1.72950794487142","1.76919324552367","1.89654672691753","1.89639178595969","1.88251210793922","1.8191184184211","1.78830473970119","1.74639361793943","1.6624029464832","1.62054352999574","1.5696095192715","1.5689918084039",
"United States","USA","Child employment in agriculture, male (% of male economically active children ages 7-14)","SL.AGR.0714.MA.ZS","","","","","","","","","","","","","","","","","","","","","","","","","","","","","","","","","","","","","","","","","","","","","","","","","","","","","","","","","","","","","","","","","",
"United States","USA","Survey mean consumption or income per capita, total population (2021 PPP $ per day)","SI.SPR.PCAP","","","","","","","","","","","","","","","","","","","","","","","","","","","","","","","","","","","","","","","","","","","","","","","","","","","","","","","","","","","88.27","","","","","92.95","",
"United States","USA","Average transaction cost of sending remittances to a specific country (%)","SI.RMT.COST.IB.ZS","","","","","","","","","","","","","","","","","","","","","","","","","","","","","","","","","","","","","","","","","","","","","","","","","","","","","","","","","","","","","","","","","",
"United States","USA","Poverty headcount ratio at national poverty lines (% of population)","SI.POV.NAHC","","","","","","","","","","","","","","","","","","","","","","","","","","","","","","","","","","","","","","","","","","","","","","","","","","","","","","","","","","","","","","","","","",
"United States","USA","Poverty headcount ratio at $4.20 a day (2021 PPP) (% of population)","SI.POV.LMIC","","","","2.2","2","1.7","1.7","1.5","1.2","1","1.5","1.2","1","1","1","1","1","0.7","0.7","0.7","0.7","0.7","1","1","0.7","0.7","0.7","0.7","0.7","0.7","0.7","0.7","0.7","0.7","1","0.7","0.7","1","1","0.7","1","1","1","1.2","1.2","1.2","1.2","1.2","1.2","1.2","1.2","1.2","1.2","1.2","1.5","1.5","1.2","1.5","1.2","1.2","0.5","0.5","1.5","1.5","",
"United States","USA","Income share held by lowest 20%","SI.DST.FRST.20","","","","5.9","5.8","5.9","5.8","6","6.1","6.2","6","6","5.9","6","6.2","6.1","6.2","6.3","6.3","6.5","6.5","6.3","5.9","5.6","5.7","5.7","5.6","5.7","5.7","5.7","5.7","5.7","5.6","5.3","5.5","5.6","5.5","5.5","5.5","5.6","5.6","5.5","5.4","5.3","5.4","5.3","5.3","5.3","5.3","5.5","5.4","5.3","5.3","5.4","5.3","5.4","5.3","5.2","5.2","5.2","5.7","6.1","5.2","5.1","",
"United States","USA","Income share held by highest 20%","SI.DST.05TH.20","","","","42.6","43.2","42.6","42.8","42.7","42.2","42","42.4","42.8","42.4","42","41.4","41.6","41.5","41.5","40.8","40.9","40.8","41.5","42.2","42.6","42.7","43","42.8","42.5","43.1","43.6","43.6","43.4","43.7","45.4","45.3","45.2","45.6","45.9","45.3","45.3","45.6","45.9","45.6","45.9","45.8","46.5","46.8","46.2","46.2","46.1","45.4","46.3","46.2","46.1","47","46.7","46.5","46.4","46.9","47","45.5","45.7","46.8","46.8","",
"United States","USA","UHC service coverage sub-index on reproductive, maternal, newborn and child health","SH_UHC_SCI_RMNCH","","","","","","","","","","","","","","","","","","","","","","","","","","","","","","","","","","","","","","","","","82","82","82","82","82","83","83","83","83","83","83","83","83","83","83","83","83","83","83","83","83","83","83","83","",
"United States","USA","UHC service coverage index","SH_UHC_SCI","","","","","","","","","","","","","","","","","","","","","","","","","","","","","","","","","","","","","","","","","79","79","80","81","81","82","83","83","83","84","84","85","86","86","86","87","87","87","87","87","87","87","88","88","",
"United States","USA","Proportion of population further impoverished due to out-of-pocket health expenditure, based on the societal poverty line (%)","SH_UHC_FH40_FURTHER","","","","","","","","","","","","","","","","","","","","","","","","","","","","","","","","","","","","","6.4","6.51","6.29","6.95","6.03","5.8","6.05","5.62","5.52","5.93","5.95","5.71","5.88","5.61","5.86","6.52","6.09","6.26","5.92","5.01","4.95","5.29","5.53","5.28","4.95","4.77","5.13","4.77","",
"United States","USA","Domestic private health expenditure (% of current health expenditure)","SH.XPD.PVTD.CH.ZS","","","","","","","","","","","","","","","","","","","","","","","","","","","","","","","","","","","","","","","","","55.62250519","54.67609024","54.79912949","55.02537537","54.57746124","54.5237999","53.6925621","53.65981293","52.50832367","51.40851974","51.03952026","50.86388779","51.15259552","50.48163223","49.20922852","48.59809494","48.73003006","48.73168564","48.39612579","48.03893661","43.07378387","44.5478096","44.82482147","46.04626465","",
"United States","USA","Domestic general government health expenditure per capita, PPP (current international $)","SH.XPD.GHED.PP.CD","","","","","","","","","","","","","","","","","","","","","","","","","","","","","","","","","","","","","","","","","2018.53456015944","2221.63082401021","2408.27375932998","2578.05488947469","2757.98584982443","2923.48379124131","3150.0522630693","3315.05268751712","3497.73292592039","3700.15569270031","3836.58617516393","3938.64340937478","4035.91577438474","4165.6099074734","4467.72836011187","4729.45395327469","4888.89963621505","5035.88441636572","5253.52347980606","5482.006574333","6631.04748968876","6698.66563897029","6944.45576416703","7269.29118467429","",
"United States","USA","Domestic general government health expenditure (% of current health expenditure)","SH.XPD.GHED.CH.ZS","","","","","","","","","","","","","","","","","","","","","","","","","","","","","","","","","","","","","","","","","44.377491","45.32390976","45.2008667","44.97462082","45.42254257","45.47619629","46.30744171","46.34019089","47.49167633","48.59147644","48.96047211","49.13611603","48.84740448","49.51837158","50.79076767","51.40190506","51.26996994","51.26831436","51.60387802","51.96105957","56.92621231","55.45219421","55.1751709","53.95373535","",
"United States","USA","Current health expenditure per capita, PPP (current international $)","SH.XPD.CHEX.PP.CD","","","","","","","","","","","","","","","","","","","","","","","","","","","","","","","","","","","","","","","","","4548.55482518934","4901.67536216281","5327.93694234898","5732.24369331565","6071.84414824311","6428.60205272132","6802.47531175785","7153.73135405567","7364.93852233971","7614.82434448835","7836.08833444849","8015.78094831055","8262.29308300491","8412.25161694737","8796.33933361209","9200.93133248374","9535.60048808215","9822.60605528924","10180.4823229849","10550.2206945449","11648.4953090229","12080.0736201021","12586.1961834783","13473.1932166645","",
"United States","USA","Net official flows from UN agencies, FAO (current US$)","DT.NFL.FAOG.CD","","","","","","","","","","","","","","","","","","","","","","","","","","","","","","","","","","","","","","","","","","","","","","","","","","","","","","","","","","","","","","","","","",
"United States","USA","Net financial flows, bilateral (NFL, current US$)","DT.NFL.BLAT.CD","","","","","","","","","","","","","","","","","","","","","","","","","","","","","","","","","","","","","","","","","","","","","","","","","","","","","","","","","","","","","","","","","",
"United States","USA","IBRD loans and IDA credits (DOD, current US$)","DT.DOD.MWBG.CD","","","","","","","","","","","","","","","","","","","","","","","","","","","","","","","","","","","","","","","","","","","","","","","","","","","","","","","","","","","","","","","","","",
"United States","USA","Short-term debt (% of exports of goods, services and primary income)","DT.DOD.DSTC.XP.ZS","","","","","","","","","","","","","","","","","","","","","","","","","","","","","","","","","","","","","","","","","","","","","","","","","","","","","","","","","","","","","","","","","",
"United States","USA","External debt stocks, private nonguaranteed (PNG) (DOD, current US$)","DT.DOD.DPNG.CD","","","","","","","","","","","","","","","","","","","","","","","","","","","","","","","","","","","","","","","","","","","","","","","","","","","","","","","","","","","","","","","","","",
"United States","USA","External debt stocks, total (DOD, current US$)","DT.DOD.DECT.CD","","","","","","","","","","","","","","","","","","","","","","","","","","","","","","","","","","","","","","","","","","","","","","","","","","","","","","","","","","","","","","","","","",
"United States","USA","Net ODA provided to the least developed countries (% of GNI)","DC.ODA.TLDC.GN.ZS","0.0282602319169323","0.0389708664396519","0.0462116952488052","0.0391862597965649","0.0353120527658515","0.040891921005386","0.0316997063142438","0.0283831609166955","0.0198865251452546","0.0184819457792516","0.0167532418024482","0.020491860023981","0.0245771348764642","0.0340553977805482","0.0414367607816996","0.0423215824680921","0.0181463031241693","0.0174003467640534","0.0211924791982715","0.0218842324105482","0.0260564455765319","0.0234157440227042","0.0252809760655107","0.026052752310828","0.0268352365415987","0.0355817452357071","0.0250059255747808","0.0216551172707889","0.0183257405536889","0.0168550272798129","0.0200518296605341","0.0178980044345898","0.0193441414885777","0.0216920731707317","0.0283572171501213","0.0174231433506045","0.00784267515089621","0.00901973920919095","0.00718068571428571","0.0111092352030282","0.0104986654580249","0.00969868785006251","0.0198093458656651","0.0385136501148362","0.0293736074899774","0.0375872866887294","0.0399979637855489","0.0344507558076909","0.0485787249398","0.0571623010491756","0.0609253464155894","0.0661374767442625","0.055239758999667","0.0513693669605854","0.0484356905606176","0.0492850447772491","0.0504077442149654","0.0509265411183792","0.046287242192877","0.0445073978095451","0.0483415205934127","0.0516224062522545","0.0453026244519045","0.0499509330818523","",
"United States","USA","Net bilateral aid flows from DAC donors, Sweden (current US$)","DC.DAC.SWEL.CD","","","","","","","","","","","","","","","","","","","","","","","","","","","","","","","","","","","","","","","","","","","","","","","","","","","","","","","","","","","","","","","","","",
"United States","USA","Net bilateral aid flows from DAC donors, Poland (current US$)","DC.DAC.POLL.CD","","","","","","","","","","","","","","","","","","","","","","","","","","","","","","","","","","","","","","","","","","","","","","","","","","","","","","","","","","","","","","","","","",
"United States","USA","Net bilateral aid flows from DAC donors, Luxembourg (current US$)","DC.DAC.LUXL.CD","","","","","","","","","","","","","","","","","","","","","","","","","","","","","","","","","","","","","","","","","","","","","","","","","","","","","","","","","","","","","","","","","",
"United States","USA","Net bilateral aid flows from DAC donors, Italy (current US$)","DC.DAC.ITAL.CD","","","","","","","","","","","","","","","","","","","","","","","","","","","","","","","","","","","","","","","","","","","","","","","","","","","","","","","","","","","","","","","","","",
"United States","USA","Net bilateral aid flows from DAC donors, Greece (current US$)","DC.DAC.GRCL.CD","","","","","","","","","","","","","","","","","","","","","","","","","","","","","","","","","","","","","","","","","","","","","","","","","","","","","","","","","","","","","","","","","",
"United States","USA","Net bilateral aid flows from DAC donors, Estonia (current US$)","DC.DAC.ESTL.CD","","","","","","","","","","","","","","","","","","","","","","","","","","","","","","","","","","","","","","","","","","","","","","","","","","","","","","","","","","","","","","","","","",
"United States","USA","Refugees under the mandate of the UNRWA by country or territory of asylum","SM.POP.RRWA.EA","","","","","","","","","","","","","","","","","","","","","","","","","","","","","","","","","","","","","","","","","","","","","","","","","","","","","","","","","","","","","","","","","",
"United States","USA","Other people in need of international protection by country or territory of asylum","SM.POP.OPIP.EA","","","","","","","","","","","","","","","","","","","","","","","","","","","","","","","","","","","","","","","","","","","","","","","","","","","","","","","","","","","","","","","","","",
"United States","USA","Asylum-seekers by country or territory of origin","SM.POP.ASYS.EO","","","","","","","","","","","","","","","","","","","","","","","","","","","","","","","","","","","","","","","","","86","110","233","345","266","255","390","1100","1740","1443","866","591","417","283","164","245","286","2196","2834","2940","2491","1662","2115","2051","2409",
"United States","USA","Children in employment, wage workers, female (% of female children in employment, ages 7-14)","SL.WAG.0714.FE.ZS","","","","","","","","","","","","","","","","","","","","","","","","","","","","","","","","","","","","","","","","","","","","","","","","","","","","","","","","","","","","","","","","","",
"United States","USA","Unemployment, male (% of male labor force) (national estimate)","SL.UEM.TOTL.MA.NE.ZS","5.4","6.4","5.2","5.2","4.6","4","3.2","3.1","2.9","2.8","4.4","5.3","5","4.2","4.9","7.9","7.1","6.3","5.3","5.1","6.9","7.4","9.9","9.9","7.4","7","6.9","6.2","5.5","5.2","5.7","7.2","7.9","7.2","6.175","5.633","5.435","4.937","4.416","4.115","3.9","4.799","5.931","6.271","5.641","5.072","4.619","4.726","6.1","10.294","10.521","9.374","8.225","7.638","6.262","5.369","4.94","4.396","3.947","3.722","7.797","5.468","3.681","3.8","4.115",
"United States","USA","Share of youth not in education, employment or training, total (% of youth population)  (modeled ILO estimate)","SL.UEM.NEET.ME.ZS","","","","","","","","","","","","","","","","","","","","","","","","","","","","","","","","","","","","","","","","","","","","","","13.147","12.456","12.291","13.031","15.034","15.231","14.415","13.908","14.382","13.388","12.442","12.017","10.972","10.922","10.409","13.892","12.204","11.244","11.191","11.597",
"United States","USA","Share of youth not in education, employment or training, female (% of female youth population) (modeled ILO estimate)","SL.UEM.NEET.FE.ME.ZS","","","","","","","","","","","","","","","","","","","","","","","","","","","","","","","","","","","","","","","","","","","","","","15.319","14.882","14.392","14.481","15.613","15.583","15.363","14.848","15.239","14.511","13.362","12.835","11.784","11.561","10.95","14.203","12.633","11.738","11.395","12.004",
"United States","USA","Unemployment with basic education (% of total labor force with basic education)","SL.UEM.BASC.ZS","","","","","","","","","","","","","","","","","","","","","","","","","","","","","","","","","","","12.596","12.039","11.389","10.338","9.532","9.31","8.666","9.67","10.107","10.321","9.884","8.804","8.126","7.952","10.463","14.852","15.274","13.601","12.739","10.81","8.839","7.76","7.492","6.551","5.872","5.396","11.724","8.056","5.507","5.591","6.501",
"United States","USA","Unemployment with advanced education, male (% of male labor force with advanced education)","SL.UEM.ADVN.MA.ZS","","","","","","","","","","","","","","","","","","","","","","","","","","","","","","","","","","","2.858","2.675","2.498","2.147","1.867","2.088","1.789","2.541","3.47","3.648","3.136","2.632","2.34","2.343","2.931","5.645","5.695","5.102","4.492","4.192","3.556","2.913","2.856","2.575","2.416","2.348","5.203","3.573","2.325","2.425","2.602",
"United States","USA","Unemployment, youth male (% of male labor force ages 15-24) (modeled ILO estimate)","SL.UEM.1524.MA.ZS","","","","","","","","","","","","","","","","","","","","","","","","","","","","","","","","14.363","15.367","14.313","13.166","12.521","12.666","11.87","11.022","10.269","9.631","11.31","12.718","13.243","12.549","12.266","11.124","11.442","14.208","19.943","20.674","18.691","17.616","17.036","14.538","12.769","11.434","10.3","9.495","9.359","14.979","10.474","8.719","8.757","9.685",
"United States","USA","Labor force, total","SL.TLF.TOTL.IN","","","","","","","","","","","","","","","","","","","","","","","","","","","","","","","127821416","128740615","130853396","132266996","134611321","136621148","138775669","141357334","143097780","145083084","147139887","148213470","149241895","149992325","151218126","153120588","155267046","156588966","158272885","158353162","158330168","158537150","159682753","160132463","160876331","161927418","163886456","165597316","167002008","168920514","166565059","167182196","169494100","172300802","174221396",
"United States","USA","Part time employment, female (% of total female employment)","SL.TLF.PART.FE.ZS","","","","","","","","","","","","","","","","","","","","","","","","","","","","","","","","","","","40.14","39.71","39.58","38.38","39.87","37.09","35.55","36.54","36.28","36.52","36.8","36.12","35.78","35.43","35.41","39.14","37.19","37.02","36.21","35.29","35.93","36.28","34.72","34.8","33.31","32.57","35.24","32.32","32.7","32.64","33.23",
"United States","USA","Labor force participation rate, total (% of total population ages 15+) (modeled ILO estimate)","SL.TLF.CACT.ZS","","","","","","","","","","","","","","","","","","","","","","","","","","","","","","","65.292","65","65.252","65.135","65.475","65.604","65.775","66.085","66.01","66.057","66.146","65.862","65.586","65.22","65.001","65.049","65.175","64.994","64.985","64.368","63.732","63.232","63.11","62.735","62.447","62.267","62.431","62.548","62.592","62.848","61.556","61.501","61.794","62.08","61.959",
"United States","USA","Ratio of female to male labor force participation rate (%) (modeled ILO estimate)","SL.TLF.CACT.FM.ZS","","","","","","","","","","","","","","","","","","","","","","","","","","","","","","","74.5199281389314","74.8610013263488","75.373863682005","75.8920882669537","77.4869605167149","77.7969949194682","78.1394343750844","78.8262448202789","78.9779106415789","79.3083831118696","79.4610697359513","79.7071642604195","79.9066060473269","80.4165573249727","80.2137408807121","80.3588735358458","80.390612041798","80.6156579184767","81.1721948366614","81.9902268169364","82.0894883322629","81.9254595892085","81.6573663924524","81.4703459042223","81.7363353404893","81.4971298697514","81.5405413262785","82.0708724441534","82.1814742050498","82.631754842272","82.6517894237047","82.5902997372289","82.9444855662472","83.7890249137714","83.9769572253649",
"United States","USA","Labor force with basic education (% of total working-age population with basic education)","SL.TLF.BASC.ZS","","","","","","","","","","","","","","","","","","","","","","","","","","","","","","","","","","","35.426","36.104","36.499","37.684","37.779","37.969","40.087","40.166","40.557","40.883","41.272","41.312","42.11","42.513","41.992","41.955","41.875","40.92","40.873","40.795","40.845","41.043","41.258","41.423","41.989","42.186","41.018","41.762","42.572","44.16","44.352",
"United States","USA","Labor force with advanced education, male (% of male working-age population with advanced education)","SL.TLF.ADVN.MA.ZS","","","","","","","","","","","","","","","","","","","","","","","","","","","","","","","","","","","86.467","86.106","85.51","85.365","85.273","84.832","84.553","84.562","84.099","83.219","83.023","83.008","82.864","82.782","82.378","81.756","81.114","80.653","80.253","79.549","78.928","78.599","78.336","77.809","77.593","77.509","76.15","75.827","75.976","75.947","75.501",
"United States","USA","Labor force participation rate, female (% of female population ages 15-64) (modeled ILO estimate)","SL.TLF.ACTI.FE.ZS","","","","","","","","","","","","","","","","","","","","","","","","","","","","","","","66.548","66.501","67.114","67.308","68.201","68.51","68.858","69.458","69.355","69.384","69.346","69.011","68.663","68.271","67.788","67.784","67.889","67.664","67.884","67.63","67.043","66.493","66.349","65.955","65.924","65.749","66.114","66.695","66.978","67.623","66.61","66.978","67.745","68.72","68.944",
"United States","USA","Labor force participation rate for ages 15-24, male (%) (national estimate)","SL.TLF.ACTI.1524.MA.NE.ZS","71.7","70.8","70","69.1","68.8","69","69","69.3","68.3","68.8","69.4","69.6","71.3","72.9","73.7","72.4","72.9","74.1","74.9","75","74.4","73.7","72.6","72.5","72.8","73","73","72.3","72.4","73","71.8","70.4","70.5","70.2","70.35","70.381","68.998","68.446","68.356","68.027","68.586","67.033","65.489","63.862","63.586","62.947","63.321","61.535","61.015","58.465","56.751","56.605","56.535","56.594","56.411","56.181","56.521","56.649","55.901","56.599","54.597","56.505","56.487","56.579","56.372",
"United States","USA","Children in employment, work only (% of children in employment, ages 7-14)","SL.TLF.0714.WK.ZS","","","","","","","","","","","","","","","","","","","","","","","","","","","","","","","","","","","","","","","","","","","","","","","","","","","","","","","","","","","","","","","","","",
"United States","USA","Children in employment, work only, female (% of female children in employment, ages 7-14)","SL.TLF.0714.WK.FE.ZS","","","","","","","","","","","","","","","","","","","","","","","","","","","","","","","","","","","","","","","","","","","","","","","","","","","","","","","","","","","","","","","","","",
"United States","USA","Children in employment, study and work, male (% of male children in employment, ages 7-14)","SL.TLF.0714.SW.MA.ZS","","","","","","","","","","","","","","","","","","","","","","","","","","","","","","","","","","","","","","","","","","","","","","","","","","","","","","","","","","","","","","","","","",
"United States","USA","Children in employment, male (% of male children ages 7-14)","SL.TLF.0714.MA.ZS","","","","","","","","","","","","","","","","","","","","","","","","","","","","","","","","","","","","","","","","","","","","","","","","","","","","","","","","","","","","","","","","","",
"United States","USA","Employment in services, female (% of female employment) (modeled ILO estimate)","SL.SRV.EMPL.FE.ZS","","","","","","","","","","","","","","","","","","","","","","","","","","","","","","","","85.5040583727701","85.765523988335","86.4544227712746","86.1682104363229","86.3210305579603","86.340766863709","86.4265557142481","86.7087227219229","87.02602949533","87.3805411663738","87.8139889045568","88.1627174556219","88.4669671799649","88.8157486893581","89.0359016649027","89.2422807883944","89.3205699230083","89.7452221508982","90.6860231135497","90.8213902599376","90.5369589179004","90.5161308510471","90.551047123809","90.4834920742464","90.4512765604379","90.569564101477","90.587323353842","90.516176315766","90.3972045605605","90.3689383056915","90.5499226952174","90.4399903688202","90.3631337941105","90.6463162136687",
"United States","USA","Children in employment, self-employed (% of children in employment, ages 7-14)","SL.SLF.0714.ZS","","","","","","","","","","","","","","","","","","","","","","","","","","","","","","","","","","","","","","","","","","","","","","","","","","","","","","","","","","","","","","","","","",
"United States","USA","Child employment in manufacturing, male (% of male economically active children ages 7-14)","SL.MNF.0714.MA.ZS","","","","","","","","","","","","","","","","","","","","","","","","","","","","","","","","","","","","","","","","","","","","","","","","","","","","","","","","","","","","","","","","","",
"United States","USA","Employment in industry, female (% of female employment) (modeled ILO estimate)","SL.IND.EMPL.FE.ZS","","","","","","","","","","","","","","","","","","","","","","","","","","","","","","","","13.2278213528712","12.9901707637663","12.385453138487","12.3184865505429","12.1449853735628","12.1695718594421","12.1552726861741","11.9374317850586","11.6066703449077","11.3529153037711","10.998617739349","10.7291087083957","10.498366335005","10.216357030568","10.0062697745224","9.82088448884195","9.82971305126242","9.38785999231629","8.45695400098851","8.22348931056804","8.47915734756207","8.49719393119421","8.5682099776332","8.6186750340779","8.56833068154907","8.44010390330769","8.44068770139254","8.49645961678934","8.62874445388498","8.59814781470377","8.45546938170667","8.56679487714471","8.64913757736993","8.35734135051235",
"United States","USA","Contributing family workers, female (% of female employment) (modeled ILO estimate)","SL.FAM.WORK.FE.ZS","","","","","","","","","","","","","","","","","","","","","","","","","","","","","","","","0.318923712124706","0.314761751896275","0.261157535750051","0.214980843971115","0.190996688352937","0.200005959900534","0.192407811334527","0.152440478088716","0.151949793607609","0.144467725668859","0.145290086840757","0.134504047428911","0.143043425694195","0.135619116968379","0.129522418890929","0.1439045427569","0.146015633080663","0.131107286407436","0.122698772777951","0.117180311003614","0.129904338394037","0.110226964392037","0.114538918015315","0.125604906465887","0.127863742058247","0.124232207010689","0.130156991733263","0.119084508308737","0.126146470856868","0.12587633232592","0.122379078962353","0.125508718015735","0.128486207705157","0.119048136271588",
"United States","USA","Wage and salaried workers, total (% of total employment) (modeled ILO estimate)","SL.EMP.WORK.ZS","","","","","","","","","","","","","","","","","","","","","","","","","","","","","","","","90.4456332648624","90.7637941598996","90.6429593363693","90.7525869011512","90.9950637230143","91.1097639433268","91.2772975746859","91.6076202741583","91.8951491881833","91.9877625184827","92.0717544499855","92.1912996206354","91.985756062197","91.978141652958","92.0825876881918","92.1498489378218","92.33264185424","92.5345763553883","92.4590684233838","92.507155905345","92.731971971829","92.7990646208348","92.9575651271557","93.1065446024243","93.1078948809573","93.1656113439205","93.2999955828473","93.2712780203987","93.4584275732255","93.6933515212802","93.4165879610081","93.7164154427621","93.9177931274305","93.8132403280586",
"United States","USA","Vulnerable employment, male (% of male employment) (modeled ILO estimate)","SL.EMP.VULN.MA.ZS","","","","","","","","","","","","","","","","","","","","","","","","","","","","","","","","5.94109004766376","5.86242828675504","6.03454297256286","6.05834795886471","5.99775369969997","6.03405185329089","5.99738957223138","5.84858565667191","5.68888860353955","5.63856936217643","5.60824215975523","5.56721694359161","5.71059742803067","5.70818616465141","5.62177595969087","5.52481570633553","5.37005664916989","5.2473717160726","5.36009973135649","5.35845300717456","5.23246645376873","5.23571660173744","5.17370285066234","5.1149770858329","5.15103391152139","5.15954453037959","5.09824787894631","5.15340380645284","5.04341519488979","5.06473931705268","5.06517271233359","4.87753272900082","4.75921739090554","4.86074072450693",
"United States","USA","Employment to population ratio, 15+, male (%) (modeled ILO estimate)","SL.EMP.TOTL.SP.MA.ZS","","","","","","","","","","","","","","","","","","","","","","","","","","","","","","","","69.303","68.793","68.995","69.437","69.839","70.018","70.429","70.66","70.787","70.968","69.899","68.697","67.869","68.164","68.562","69.006","68.65","67.44","63.539","62.711","63.059","63.817","63.904","64.45","64.955","65.398","65.696","66.004","66.261","62.134","63.679","65.064","64.989","64.583",
"United States","USA","Female share of employment in senior and middle management (%)","SL.EMP.SMGT.FE.ZS","","","","","","","","","","","","","","","","","","","","","","","","","","","","","","","","","","","","","","","","","","","","37.382","37.274","37.563","36.947","37.952","37.954","38.066","38.801","38.585","39.073","38.75","38.797","39.373","39.731","40.526","40.466","40.848","42.288","43.204","42.828","44.363","44.327",
"United States","USA","Employers, total (% of total employment) (modeled ILO estimate)","SL.EMP.MPYR.ZS","","","","","","","","","","","","","","","","","","","","","","","","","","","","","","","","4.80014546318842","4.57205136581991","4.57298828127213","4.47325106618189","4.29326294032705","4.15901879518882","4.02902876407949","3.84616411005692","3.69516954470826","3.64333433245324","3.58009289587018","3.49739381704027","3.56845293341156","3.56777645037299","3.53329735561575","3.52813047569918","3.47286110661062","3.39126043515093","3.38387808181844","3.33358033837977","3.1954291514758","3.12557524714631","3.01473118723572","2.91012753887922","2.8730767187818","2.80868499218804","2.71905235165213","2.70505722235022","2.6069494910385","2.35020489505467","2.55865782399235","2.41903013740646","2.32326661657035","2.33540593265456",
"United States","USA","Employment to population ratio, ages 15-24, total (%) (national estimate)","SL.EMP.1524.SP.NE.ZS","50.1","49","49.5","48.5","49","50.2","52.2","52.7","52.7","54","53.2","52.3","54.3","57","57.2","54.2","55.7","57.6","59.8","60.6","58.6","57.6","55.3","55.6","58.3","59","59.5","60.1","60.8","61.2","59.8","57.2","56.7","57.2","58.203","58.34","57.748","58.192","58.994","58.997","59.661","57.714","55.693","53.907","53.9","53.907","54.248","53.127","51.226","46.851","45.002","45.454","45.984","46.492","47.638","48.604","49.413","50.343","50.46","51.187","45.864","50.117","51.053","51.786","50.89",
"United States","USA","Employment to population ratio, ages 15-24, female (%) (national estimate)","SL.EMP.1524.SP.FE.NE.ZS","38.2","37.9","38.3","37.6","38.2","39.2","41.9","43","43.8","45.8","45.7","44.7","46.4","48.8","49.6","48.3","49.6","51.2","53.8","54.8","53.9","53.3","52","52.2","54.4","55.4","56","57.1","57.6","57.7","56.1","54","53.7","54.3","55.34","55.13","55.263","56.051","57.16","56.957","57.379","56.043","54.276","52.466","52.225","52.641","52.251","51.801","50.18","47.007","45.074","44.895","45.401","46.033","47.059","48.198","48.763","49.876","50.339","51.097","45.317","49.673","50.564","51.951","50.879",
"United States","USA","Child employment in agriculture (% of economically active children ages 7-14)","SL.AGR.0714.ZS","","","","","","","","","","","","","","","","","","","","","","","","","","","","","","","","","","","","","","","","","","","","","","","","","","","","","","","","","","","","","","","","","",
"United States","USA","Annualized average growth rate in per capita real survey mean consumption or income, total population (%)","SI.SPR.PCAP.ZG","","","","","","","","","","","","","","","","","","","","","","","","","","","","","","","","","","","","","","","","","","","","","","","","","","","","","","","","","","","","","","","","1.04","",
"United States","USA","Average transaction cost of sending remittances from a specific country (%)","SI.RMT.COST.OB.ZS","","","","","","","","","","","","","","","","","","","","","","","","","","","","","","","","","","","","","","","","","","","","","","","","","","","","","","","","","6.53225097560976","5.84802571428571","3.54436923076923","5.04716846153846","3.40270026315789","3.32061394736842","2.72570515384615","3.50980769230769","",
"United States","USA","Poverty headcount ratio at societal poverty line (% of population)","SI.POV.SOPO","","","","18","18","18","18.7","18.5","17.7","17.7","18","18","18.7","18","17.5","18","17.7","17.5","17.2","17.2","17.5","18.2","19.2","20.2","19.7","20","19.7","19.7","19.5","19.5","19.7","20.2","20.2","20.5","20","19.5","19.7","19.2","19.5","19.2","18.7","19","19.5","19.5","19.2","19.2","19.5","19.7","19.7","19","19.2","19.5","19.7","19.7","18.7","19","19.5","20","19.7","20","18.2","16.7","19.7","20","",
"United States","USA","Poverty gap at $4.20 a day (2021 PPP) (%)","SI.POV.LMIC.GP","","","","1.2","1.2","1","0.9","0.8","0.7","0.6","0.9","0.7","0.7","0.7","0.7","0.6","0.5","0.5","0.5","0.5","0.4","0.5","0.6","0.6","0.5","0.5","0.5","0.5","0.4","0.4","0.4","0.4","0.5","0.5","0.5","0.5","0.6","0.6","0.7","0.6","0.6","0.8","0.7","0.9","0.9","0.9","0.9","0.9","0.9","0.8","1","0.9","0.9","0.9","1.1","1","1","1.1","0.9","0.9","0.3","0.3","1.2","1","",
"United States","USA","Poverty headcount ratio at $3.00 a day (2021 PPP) (% of population)","SI.POV.DDAY","","","","1.5","1.5","1.2","1.2","1","1","0.7","1","1","0.7","0.7","0.7","0.7","0.7","0.5","0.7","0.7","0.5","0.5","0.7","0.7","0.7","0.7","0.7","0.5","0.5","0.5","0.5","0.5","0.5","0.7","0.7","0.7","0.7","0.7","0.7","0.7","0.7","1","1","1","1","1","1","1","1","1","1.2","1","1","1","1.2","1.2","1.2","1.2","1","1","0.5","0.5","1.2","1.2","",
"United States","USA","Income share held by highest 10%","SI.DST.10TH.10","","","","26.4","27","26.4","26.4","26.3","26.1","25.9","26.1","26.5","26.1","25.8","25.3","25.4","25.3","25.5","24.8","24.9","24.8","25.3","25.9","26.1","26.2","26.5","26.3","26.1","26.7","27.3","27.2","27.1","27.3","29.2","29.2","29.3","29.6","29.9","29.3","29.4","29.8","30.2","29.7","29.8","29.9","30.5","30.9","30.1","30","30.1","29","29.9","29.9","29.7","30.3","30.2","30.1","29.9","30.6","30.6","29.3","29.7","30.4","30.4","",
"United States","USA","Income share held by second 20%","SI.DST.02ND.20","","","","11.8","11.6","11.7","11.6","11.6","11.7","11.8","11.7","11.6","11.7","11.9","12","12","11.9","12","12.2","12.1","12.1","11.8","11.6","11.4","11.3","11.2","11.3","11.4","11.2","11.1","11","11.1","11.1","10.6","10.7","10.7","10.6","10.6","10.8","10.7","10.8","10.7","10.7","10.5","10.6","10.5","10.3","10.4","10.4","10.4","10.5","10.3","10.3","10.3","10.2","10.2","10.3","10.2","10.1","10.1","10.6","10.7","10.2","10.1","",
"United States","USA","UHC service coverage sub-index on service capacity and access","SH_UHC_SCI_CAPACITY","","","","","","","","","","","","","","","","","","","","","","","","","","","","","","","","","","","","","","","","","95","95","95","95","95","95","95","95","95","95","95","96","99","99","99","99","99","100","97","97","97","97","97","97","",
"United States","USA","Proportion of population facing impoverishing out-of-pocket health expenditure, based on the societal poverty line (%)","SH_UHC_FH40_IMPOV","","","","","","","","","","","","","","","","","","","","","","","","","","","","","","","","","","","","","7.32","7.41","7.3","7.94","6.97","6.65","6.89","6.35","6.3","6.74","6.65","6.46","6.49","6.24","6.44","7.06","6.72","6.88","6.57","5.44","5.42","5.85","6.01","5.83","5.51","5.34","5.57","5.32","",
"United States","USA","Net official flows from UN agencies, UNICEF (current US$)","DT.NFL.UNCF.CD","","","","","","","","","","","","","","","","","","","","","","","","","","","","","","","","","","","","","","","","","","","","","","","","","","","","","","","","","","","","","","","","","",
"United States","USA","Net official flows from UN agencies, SDGFUND (current US$)","DT.NFL.SDGF.CD","","","","","","","","","","","","","","","","","","","","","","","","","","","","","","","","","","","","","","","","","","","","","","","","","","","","","","","","","","","","","","","","","",
"United States","USA","PPG, other private creditors (NFL, current US$)","DT.NFL.PROP.CD","","","","","","","","","","","","","","","","","","","","","","","","","","","","","","","","","","","","","","","","","","","","","","","","","","","","","","","","","","","","","","","","","",
"United States","USA","PPG, commercial banks (NFL, current US$)","DT.NFL.PCBK.CD","","","","","","","","","","","","","","","","","","","","","","","","","","","","","","","","","","","","","","","","","","","","","","","","","","","","","","","","","","","","","","","","","",
"United States","USA","Net financial flows, others (NFL, current US$)","DT.NFL.MOTH.CD","","","","","","","","","","","","","","","","","","","","","","","","","","","","","","","","","","","","","","","","","","","","","","","","","","","","","","","","","","","","","","","","","",
"United States","USA","Net financial flows, IMF nonconcessional (NFL, current US$)","DT.NFL.IMFN.CD","","","","","","","","","","","","","","","","","","","","","","","","","","","","","","","","","","","","","","","","","","","","","","","","","","","","","","","","","","","","","","","","","",
"United States","USA","Net official flows from UN agencies, IAEA (current US$)","DT.NFL.IAEA.CD","","","","","","","","","","","","","","","","","","","","","","","","","","","","","","","","","","","","","","","","","","","","","","","","","","","","","","","","","","","","","","","","","",
"United States","USA","Portfolio investment, bonds (PPG + PNG) (NFL, current US$)","DT.NFL.BOND.CD","","","","","","","","","","","","","","","","","","","","","","","","","","","","","","","","","","","","","","","","","","","","","","","","","","","","","","","","","","","","","","","","","",
"United States","USA","Present value of external debt (current US$)","DT.DOD.PVLX.CD","","","","","","","","","","","","","","","","","","","","","","","","","","","","","","","","","","","","","","","","","","","","","","","","","","","","","","","","","","","","","","","","","",
"United States","USA","Short-term debt (% of total external debt)","DT.DOD.DSTC.ZS","","","","","","","","","","","","","","","","","","","","","","","","","","","","","","","","","","","","","","","","","","","","","","","","","","","","","","","","","","","","","","","","","",
"United States","USA","External debt stocks, public and publicly guaranteed (PPG) (DOD, current US$)","DT.DOD.DPPG.CD","","","","","","","","","","","","","","","","","","","","","","","","","","","","","","","","","","","","","","","","","","","","","","","","","","","","","","","","","","","","","","","","","",
"United States","USA","External debt stocks (% of GNI)","DT.DOD.DECT.GN.ZS","","","","","","","","","","","","","","","","","","","","","","","","","","","","","","","","","","","","","","","","","","","","","","","","","","","","","","","","","","","","","","","","","",
"United States","USA","Net ODA provided, total (current US$)","DC.ODA.TOTL.CD","2759800000","3026100000","3317200000","3580300000","3601800000","4022700000","3819800000","3296000000","3837400000","3376000000","3153000000","3112200000","3958400000","2655400000","3673500000","4160900000","4360200000","4682200000","5663500000","4684000000","7138000000","5782000000","8202000000","8081000000","8711000000","9403000000","9564000000","9115000000","10141000000","7677000000","11394000000","11262000000","11709000000","10123000000","9927000000","7367000000","9377000000","6878000000","8785980000","9145260000","9954890000","11429350000","13290070000","16319520000","19704910000","27934740000","23532140000","21786900000","26436780000","28831340000","29656360000","30966210000","30652380000","31266660000","33095500000","30985540000","34420980000","34731980000","33787080000","32980720000","35396410000","47528160000","60328680000","64461910000","63192740000",
"United States","USA","Net bilateral aid flows from DAC donors, Total (current US$)","DC.DAC.TOTL.CD","","","","","","","","","","","","","","","","","","","","","","","","","","","","","","","","","","","","","","","","","","","","","","","","","","","","","","","","","","","","","","","","","",
"United States","USA","Net bilateral aid flows from DAC donors, Portugal (current US$)","DC.DAC.PRTL.CD","","","","","","","","","","","","","","","","","","","","","","","","","","","","","","","","","","","","","","","","","","","","","","","","","","","","","","","","","","","","","","","","","",
"United States","USA","Net bilateral aid flows from DAC donors, Netherlands (current US$)","DC.DAC.NLDL.CD","","","","","","","","","","","","","","","","","","","","","","","","","","","","","","","","","","","","","","","","","","","","","","","","","","","","","","","","","","","","","","","","","",
"United States","USA","Prevalence of stunting, height for age (% of children under 5)","SH.STA.STNT.ZS","","","","","","","","","","","","","","","","","","","","","","","","","","","","","","","","3.1","","","","","","","","","3.2","","3.1","","2.9","","3.1","","2.3","","2.8","","2.2","","2.4","","3.5","","3.4","","","","3.8","","",
"United States","USA","Prevalence of stunting, height for age, male (% of children under 5)","SH.STA.STNT.MA.ZS","","","","","","","","","","","","","","","","","","","","","","","","","","","","","","","","3.1","","","","","","","","","3.7","","4.2","","2.9","","4.6","","3.1","","2.8","","3.1","","2.6","","4.6","","2.8","","","","","","",
"United States","USA","People using safely managed sanitation services, rural (% of rural population)","SH.STA.SMSS.RU.ZS","","","","","","","","","","","","","","","","","","","","","","","","","","","","","","","","","","","","","","","","","","","","","","","","","","","","","","","","","","","","","","","","","",
"United States","USA","Prevalence of overweight, weight for height (% of children under 5)","SH.STA.OWGH.ZS","","","","","","","","","","","","","","","","","","","","","","","","","","","","","","","","6.1","","","","","","","","","8.3","","7.6","","9.4","","8","","7.4","","9","","6.4","","8.2","","9.4","","9.4","","","","9.5","","",
"United States","USA","Prevalence of overweight, weight for height, male (% of children under 5)","SH.STA.OWGH.MA.ZS","","","","","","","","","","","","","","","","","","","","","","","","","","","","","","","","6.4","","","","","","","","","9.3","","8.2","","8.1","","8","","7.1","","11","","5.7","","7.8","","10.6","","12.8","","","","9.6","","",
"United States","USA","People practicing open defecation (% of population)","SH.STA.ODFC.ZS","","","","","","","","","","","","","","","","","","","","","","","","","","","","","","","","","","","","","","","","","0","0","0","0","0","0","0","0","0","0","0","0","0","0","0","0","0","0","0","0","0","0","0","0","0",
"United States","USA","Maternal mortality ratio (modeled estimate, per 100,000 live births)","SH.STA.MMRT","","","","","","","","","","","","","","","","","","","","","","","","","","11","11","11","12","12","12","12","11","12","11","12","11","11","11","12","12","13","13","13","13","13","13","13","14","15","15","15","16","16","17","17","18","18","18","18","22","31","20","17","",
"United States","USA","People with basic handwashing facilities including soap and water (% of population)","SH.STA.HYGN.ZS","","","","","","","","","","","","","","","","","","","","","","","","","","","","","","","","","","","","","","","","","","","","","","","","","","","","","","","","","","","","","","","","","",
"United States","USA","Diabetes prevalence (% of population ages 20 to 79)","SH.STA.DIAB.ZS","","","","","","","","","","","","","","","","","","","","","","","","","","","","","","","","","","","","","","","","","","","","","","","","","","","","9.4","","","","","","","","","","","","","13.7",
"United States","USA","People using at least basic sanitation services (% of population)","SH.STA.BASS.ZS","","","","","","","","","","","","","","","","","","","","","","","","","","","","","","","","","","","","","","","","","99.872730795484","99.8724443985302","99.8721627429703","99.8718811730402","99.871602174116","99.8713252821496","99.8710519405417","99.8707752095931","99.8705039493181","99.8702348006488","99.8705368602466","99.8480037254906","99.8259022136233","99.8042412350329","99.7830418254313","99.7623251311093","99.7420835602062","99.7223530086904","99.7031223122571","99.6844358089122","99.6662725669219","99.6486733885848","99.6316127279868","99.6151178147694","99.6182734760609",
"United States","USA","Pregnant women receiving prenatal care (%)","SH.STA.ANVC.ZS","","","","","","","","","","","","","","","","","","","","","","","","","","","","","","","","","","","","","","","","","","","","","","","","","","","","","","","","","","","","","","","","","",
"United States","USA","Number of surgical procedures (per 100,000 population)","SH.SGR.PROC.P5","","","","","","","","","","","","","","","","","","","","","","","","","","","","","","","","","","","","","","","","","","","","","","","","12087","","","","","","","","","","","","","","","","","",
"United States","USA","Prevalence of current tobacco use, females (% of female adults)","SH.PRV.SMOK.FE","","","","","","","","","","","","","","","","","","","","","","","","","","","","","","","","","","","","","","","","","25.3","","","","","23.5","","22.8","","","21.9","","","","","20.5","","","","","19.3","18.9","18.7","","",
"United States","USA","Lifetime risk of maternal death (1 in: rate varies by country)","SH.MMR.RISK","","","","","","","","","","","","","","","","","","","","","","","","","","4743","4713","4609","4444","4313","4274","4371","4625","4717","4879","4982","5161","5343","5303","5077","4842","4694","4614","4456","4484","4425","4283","4248","4206","4097","4223","4061","3980","3902","3747","3651","3531","3602","3729","3792","3076","2196","3359","4161","",
"United States","USA","Incidence of malaria (per 1,000 population at risk)","SH.MLR.INCD.P3","","","","","","","","","","","","","","","","","","","","","","","","","","","","","","","","","","","","","","","","","","","","","","","","","","","","","","","","","","","","","","","","","",
"United States","USA","Community health workers (per 1,000 people)","SH.MED.CMHW.P3","","","","","","","","","","","","","","","","","","","","","","","","","","","","","","","","","","","","","","","","","","","","","","","","","","","","","","","","","","","","","","","","","",
"United States","USA","Immunization, HepB3 (% of one-year-old children)","SH.IMM.HEPB","","","","","","","","","","","","","","","","","","","","","","","","","","","","","","","","","","16","42","68","82","84","87","88","90","89","88","92","92","93","93","93","94","92","92","91","90","91","92","92","93","91","91","91","91","92","93","93","93",
"United States","USA","Young people (ages 15-24) newly infected with HIV","SH.HIV.INCD.YG","","","","","","","","","","","","","","","","","","","","","","","","","","","","","","","","","","","","","","","","","","","","","","","","","","","","","","","","","","","","","","","","","",
"United States","USA","Adults (ages 15-49) newly infected with HIV","SH.HIV.INCD","","","","","","","","","","","","","","","","","","","","","","","","","","","","","","","","","","","","","","","","","","","","","","","","","","","","","","","","","","","","","","","","","",
"United States","USA","Children (0-14) living with HIV","SH.HIV.0014","","","","","","","","","","","","","","","","","","","","","","","","","","","","","","","","","","","","","","","","","","","","","","","","","","","","","","","","","","","","","","","","","",
"United States","USA","People using at least basic drinking water services (% of population)","SH.H2O.BASW.ZS","","","","","","","","","","","","","","","","","","","","","","","","","","","","","","","","","","","","","","","","","","","","","","98.8969723453507","98.9038126009011","98.9106080907842","98.9173671062071","98.92408685212","99.0106474401103","99.0963699785745","99.1811105889535","99.2648895869455","99.3476415086967","99.4293350987693","99.509898178586","99.5893429085867","99.6675822614626","99.7446316773149","99.8204204612721","99.894943997231","99.9641146737575","99.9804979047021","99.9804443465812",
"United States","USA","Mortality rate, neonatal (per 1,000 live births)","SH.DYN.NMRT","","","","","","","","","15.9","15.5","15","14.4","13.6","12.8","12.1","11.5","10.9","10.1","9.4","8.8","8.4","8","7.7","7.4","7.2","7","6.7","6.5","6.2","6","5.8","5.6","5.4","5.2","5.1","5","4.9","4.8","4.7","4.7","4.6","4.6","4.6","4.6","4.6","4.5","4.4","4.3","4.2","4.2","4.1","4.1","4","4","4","3.9","3.8","3.8","3.8","3.7","3.6","3.5","3.4","3.4","",
"United States","USA","Mortality rate, under-5, male (per 1,000 live births)","SH.DYN.MORT.MA","33.7","33","32.4","31.8","31","30.3","29.5","28.8","27.9","27","26","25","24.1","23","22","20.9","19.9","19","18.1","17.3","16.6","15.9","15.4","14.8","14.4","14.2","13.8","13.5","13.1","12.8","12.5","12.1","11.6","11.2","10.8","10.4","10.1","9.8","9.6","9.4","9.3","9.2","9.1","9","8.9","8.8","8.6","8.5","8.3","8.2","8","7.8","7.7","7.6","7.5","7.4","7.3","7.2","7.2","7.1","7","7","7","7","",
"United States","USA","Women's share of population ages 15+ living with HIV (%)","SH.DYN.AIDS.FE.ZS","","","","","","","","","","","","","","","","","","","","","","","","","","","","","","","21.3371140531267","21.4813644656695","21.6265771868392","21.7643845436918","21.8872940777369","21.9817589213555","22.0477402274314","22.0904191534849","22.1007938062549","22.0875362171434","22.0664923867003","22.0609221491181","22.0544113608043","22.0455018539097","22.031531940624","22.0166989927376","21.9982919425968","21.9990788983795","22.0254976554145","22.0702157281629","22.1313764647929","22.1308137624853","22.0811706485473","22.0116616282763","21.9287521106806","21.8764129993276","21.8056537489393","21.7554956976677","21.7021447858777","21.6446202786097","21.5192497337881","21.3909485978644","21.268352513567","21.203561662273","21.1254095086304",
"United States","USA","Probability of dying among children ages 5-9 years (per 1,000)","SH.DYN.0509","","","","","","","","","","","","","","","","","","","","","","","","","","","","","","","1.1","1.1","1.1","1","1","1","1","0.9","0.9","0.8","0.8","0.8","0.8","0.7","0.7","0.7","0.7","0.7","0.6","0.6","0.6","0.6","0.6","0.6","0.6","0.6","0.6","0.6","0.6","0.6","0.6","0.6","0.6","0.6","",
"United States","USA","Cause of death, by injury (% of total)","SH.DTH.INJR.ZS","","","","","","","","","","","","","","","","","","","","","","","","","","","","","","","","","","","","","","","","","5.84452615114421","","","","","","","","","","6.20237374659824","","","","","6.30596510151972","","","","6.55296093578568","","","","","",
"United States","USA","Number of deaths ages 15-19 years","SH.DTH.1519","","","","","","","","","","","","","","","","","","","","","","","","","","","","","","","15185","14820","14775","15000","15177","15132","14872","14498","14154","13897","13775","13764","13761","13775","13827","13891","13819","13415","12662","11776","10966","10336","9943","9803","9878","10145","10522","10897","11260","11752","12455","13148","13340","12726","",
"United States","USA","Condom use, population ages 15-24, female (% of females ages 15-24)","SH.CON.1524.FE.ZS","","","","","","","","","","","","","","","","","","","","","","","","","","","","","","","","","","","","","","","","","","","","","","","","","","","","","","","","","","","","","","","","","",
"United States","USA","Total alcohol consumption per capita, male (liters of pure alcohol, projected estimates, male 15+ years of age)","SH.ALC.PCAP.MA.LI","","","","","","","","","","","","","","","","","","","","","","","","","","","","","","","","","","","","","","","","","14.33","14.33","14.41","14.5","14.59","14.68","14.79","14.87","14.89","14.79","14.74","14.82","14.92","14.96","14.9","14.92","14.96","15.02","15.03","15.03","15.54","","","","",
"United States","USA","Women who believe a husband is justified in beating his wife (any of five reasons) (%)","SG.VAW.REAS.ZS","","","","","","","","","","","","","","","","","","","","","","","","","","","","","","","","","","","","","","","","","","","","","","","","","","","","","","","","","","","","","","","","","",
"United States","USA","Women who believe a husband is justified in beating his wife when she argues with him (%)","SG.VAW.ARGU.ZS","","","","","","","","","","","","","","","","","","","","","","","","","","","","","","","","","","","","","","","","","","","","","","","","","","","","","","","","","","","","","","","","","",
"United States","USA","Women Business and the Law Index Score (scale 1-100)","SG.LAW.INDX","","","","","","","","","","","66.875","66.875","66.875","66.875","66.875","70","70","70","70","72.5","72.5","81.25","81.25","81.25","81.25","81.25","81.25","81.25","81.25","81.25","81.25","81.25","81.25","81.25","81.25","83.75","83.75","83.75","83.75","83.75","83.75","83.75","83.75","83.75","83.75","83.75","83.75","83.75","83.75","83.75","83.75","83.75","83.75","83.75","83.75","83.75","83.75","83.75","91.25","91.25","91.25","91.25","91.25","91.25","",
"United States","USA","Government expenditure on education, total (% of GDP)","SE.XPD.TOTL.GD.ZS","","","","","","","","","","","","","","","","","","","","","","","","","","","","","","","","","","","","","","","","","","","","","","","","","","","","","","","","4.93063020706177","4.78327989578247","5.09296989440918","4.89502000808716","4.95746994018555","5.39531993865967","5.42038011550903","","","",
"United States","USA","Expenditure on secondary education (% of government expenditure on education)","SE.XPD.SECO.ZS","","","","","","","","","","","","","","","","","","","","","","","","","","","","","","","","","","","","","","","","","","","","","","","","","","","","","","35.16779","34.55486","","","","","","","","","","",
"United States","USA","Current education expenditure, total (% of total expenditure in public institutions)","SE.XPD.CTOT.ZS","","","","","","","","","","","","","","","","","","","","","","","","","","","","","","","","","","","","","","","","","","","","","","","","","","","","","","","","91.3460311889648","92.6043090820312","90.7703323364258","90.6240310668945","90.4247589111328","90.0018997192383","90.4010391235352","","","",
"United States","USA","Tertiary education, academic staff (% female)","SE.TER.TCHR.FE.ZS","","","","","","","","","","","","","","","","25.276460647583","","","","","","","","","","","","","33.1651992797852","","35.1941719055176","35.1882400512695","","36.3970985412598","38.7068290710449","38.6400985717773","38.6275405883789","","","","","","","","","","","","","","","","","","49.1062889099121","49.1062889099121","49.4363899230957","49.568431854248","49.8575592041016","50.2202987670898","50.6019592285156","50.8727798461914","51.3443298339844","51.7004585266113","",
"United States","USA","Pupil-teacher ratio, tertiary","SE.TER.ENRL.TC.ZS","","","","","","","","","","","","","","","","","","","","","","","","","","","","","","","","","","","","","","","","","","","","","","","","","","","","","","","12.46114","12.35456","","12.02368","","","","","","","",
"United States","USA","Educational attainment, at least Master's or equivalent, population 25+, total (%) (cumulative)","SE.TER.CUAT.MS.ZS","","","","","","","","","","","","","","","","","","","","","","","","","","","","","","","","","","","7.52341105786085","7.79522892367263","7.8767275001042","7.99047738506278","8.30882460075053","8.58625764807141","8.69220157913497","8.93426357181637","9.10612118440465","9.39317214018682","9.57169831923225","9.6953829387804","9.92632038729731","10.0739925236959","10.2841371908793","10.461889316078","10.6321425097007","10.9309424096095","11.1570774319477","11.5699996948242","11.7700004577637","11.9899997711182","12.6099996566772","12.7978126395504","13.0500001907349","13.4416719383526","14.1400003433228","14.2238136050444","14.2200002670288","14.7866092931086","15.0046269031174",
"United States","USA","Educational attainment, Doctoral or equivalent, population 25+, male (%) (cumulative)","SE.TER.CUAT.DO.MA.ZS","","","","","","","","","","","","","","","","","","","","","","","","","","","","","","","","","","","1.5234762130653","1.58938420425982","1.58108243734444","1.59239859280481","1.67077732903822","1.76445005814882","1.75740525965483","1.85252714610583","1.78703096674167","1.72380763198094","1.80431956750022","1.80882947952882","1.84252367119843","1.77539639731494","1.71996584273054","1.69664481413901","1.86533938841783","1.94088445517285","2.02915331212299","2.21000003814697","2.3199999332428","2.0699999332428","2.25999999046326","2.29684452945127","2.45000004768372","2.38841434966651","2.44000005722046","2.46324823946288","2.40000009536743","2.48482401301167","2.63179643933359",
"United States","USA","Educational attainment, at least Bachelor's or equivalent, population 25+, female (%) (cumulative)","SE.TER.CUAT.BA.FE.ZS","","","","","","","","","","","","","","","","","","","","","","","","","","","","","","","","","","","19.9103895069921","20.5664096998707","21.3586692202999","21.9884765311827","22.7903106944736","23.4701492669795","23.8578373474098","24.3836457773067","25.1783394722236","25.8926823237253","26.1765004785834","26.7487439479145","27.336327438553","28.1902135078246","28.6943079683687","29.1020633871999","29.6291491917389","30.1606683829005","30.81295002814","31.3899993896484","32","32.6699981689453","33.689998626709","32.632568359375","35.3199996948242","36.773634779235","38.3199996948242","36.1168403625488","39.0099983215332","39.7046394348145","40.4068793686538",
"United States","USA","Secondary education, teachers (% female)","SE.SEC.TCHR.FE.ZS","","","","","","","","","","","","","","","","","","","","","","","","","","","","","","","","","","55.6079597473145","55.6092796325684","55.6130981445312","55.6133117675781","","55.6013298034668","","","","","","","","","","","","","","","","62.0292091369629","62.0095405578613","62.6615982055664","62.6465911865234","62.5970306396484","62.487491607666","62.5147285461426","62.8116798400879","62.8092994689941","62.8126411437988","",
"United States","USA","Trained teachers in upper secondary education (% of total teachers)","SE.SEC.TCAQ.UP.ZS","","","","","","","","","","","","","","","","","","","","","","","","","","","","","","","","","","","","","","","","","","","","","","","","","","","","","","","100","100","100","100","100","100","100","100","100","100","",
"United States","USA","Trained teachers in lower secondary education (% of total teachers)","SE.SEC.TCAQ.LO.ZS","","","","","","","","","","","","","","","","","","","","","","","","","","","","","","","","","","","","","","","","","","","","","","","","","","","","","","","100","100","100","100","100","100","100","100","100","100","",
"United States","USA","Progression to secondary school (%)","SE.SEC.PROG.ZS","","","","","","","","","","","","","","","","","","","","","","","","","","","","","","","","","","","","","","","","","","","","","","","","","","","","","","","","","99.2321","","","","","","","","",
"United States","USA","Net bilateral aid flows from DAC donors, Ireland (current US$)","DC.DAC.IRLL.CD","","","","","","","","","","","","","","","","","","","","","","","","","","","","","","","","","","","","","","","","","","","","","","","","","","","","","","","","","","","","","","","","","",
"United States","USA","Net bilateral aid flows from DAC donors, France (current US$)","DC.DAC.FRAL.CD","","","","","","","","","","","","","","","","","","","","","","","","","","","","","","","","","","","","","","","","","","","","","","","","","","","","","","","","","","","","","","","","","",
"United States","USA","Net bilateral aid flows from DAC donors, Denmark (current US$)","DC.DAC.DNKL.CD","","","","","","","","","","","","","","","","","","","","","","","","","","","","","","","","","","","","","","","","","","","","","","","","","","","","","","","","","","","","","","","","","",
"United States","USA","Net bilateral aid flows from DAC donors, European Union institutions (current US$)","DC.DAC.CECL.CD","","","","","","","","","","","","","","","","","","","","","","","","","","","","","","","","","","","","","","","","","","","","","","","","","","","","","","","","","","","","","","","","","",
"United States","USA","Net bilateral aid flows from DAC donors, Australia (current US$)","DC.DAC.AUSL.CD","","","","","","","","","","","","","","","","","","","","","","","","","","","","","","","","","","","","","","","","","","","","","","","","","","","","","","","","","","","","","","","","","",
"United States","USA","Listed domestic companies, total","CM.MKT.LDOM.NO","","","","","","","","","","","","","","","","2670","2680","2582","2489","2401","5164","5590","5430","6175","6230","6260","6580","7001","6795","6627","6429","6513","6562","6912","7255","7487","8090","7905","7499","7229","6917","6177","5685","5295","5226","5145","5133","5109","4666","4401","4279","4171","4102","4180","4369","4381","4331","4336","4013","3910","4104","4774","4642","4317","4010",
"United States","USA","Control of Corruption: Standard Error","CC.STD.ERR","","","","","","","","","","","","","","","","","","","","","","","","","","","","","","","","","","","","","0.210325092077255","","0.18862821161747","","0.199174165725708","","0.15871924161911","0.162804156541824","0.152643501758575","0.147660091519356","0.142229527235031","0.153465822339058","0.148236319422722","0.143476620316505","0.146465510129929","0.153981924057007","0.140229448676109","0.137831315398216","0.131881937384605","0.132452979683876","0.140835583209991","0.128741174936295","0.140009552240372","0.149203971028328","0.150991961359978","0.159112930297852","0.159863874316216","0.170960023999214","",
"United States","USA","Control of Corruption: Number of Sources","CC.NO.SRC","","","","","","","","","","","","","","","","","","","","","","","","","","","","","","","","","","","","","6","","6","","6","","7","7","8","8","12","12","12","12","12","13","13","12","12","12","11","11","11","11","10","10","10","10","",
"United States","USA","Personal transfers, receipts (BoP, current US$)","BX.TRF.PWKR.CD","","","","","","","","","","","","","","","","","","","","","","","","","","","","","","","","","","","","","","","","","","","","","","","","","","","","","","","","","","","","","","","","","",
"United States","USA","Foreign direct investment, net inflows (BoP, current US$)","BX.KLT.DINV.CD.WD","","","","","","","","","","","1220000000","770000000","1270000000","1930000000","3540000000","2310000000","2910000000","2920000000","5500000000","8050000000","16740000000","25680000000","21230000000","11500000000","25230000000","9630000000","30946000000","63235000000","56910000000","75780000000","71230000000","34550000000","30310000000","50230000000","55940000000","69080000000","97660000000","122150000000","211150000000","312449000000","349125000000","172496000000","111055000000","117106000000","213641000000","142344000000","298463000000","346613000000","341092000000","161083000000","264039000000","263497000000","250345000000","288131000000","251856000000","511434000000","474388000000","380823000000","214715000000","315984000000","137066000000","477956000000","416890000000","361944000000","297058000000",
"United States","USA","Charges for the use of intellectual property, receipts (BoP, current US$)","BX.GSR.ROYL.CD","","","","","","","","","","","2330000000","2550000000","2780000000","3230000000","3830000000","4310000000","4370000000","4920000000","5880000000","6190000000","7080000000","7280000000","5610000000","5780000000","6180000000","6680000000","8114000000","10174000000","12147000000","13820000000","16640000000","17820000000","20841000000","21694000000","26712000000","30289000000","32470000000","33228000000","35626000000","39913000000","43476000000","41004000000","44815000000","47307000000","56943000000","64466000000","70999000000","84497000000","89672000000","85730000000","94968000000","107053000000","107869000000","113824000000","116380000000","111151000000","112981000000","118147000000","115499000000","126166000000","123642000000","142803000000","152710000000","148205000000","169520000000",
"United States","USA","Exports of goods and services (BoP, current US$)","BX.GSR.GNFS.CD","","","","","","","","","","","53900000000","56110000000","62730000000","88450000000","119080000000","130420000000","142320000000","151900000000","177525000000","223270300000","271788000000","294295000000","275167000000","266018000000","291047000000","289010000000","310041000000","348872000000","431143000000","487063000000","535258000000","578337000000","616872900000","642854000000","703254000000","794397000000","851628000000","934459000000","933183000000","976521000000","1082962000000","1015364000000","986095000000","1028180000000","1168121000000","1291506000000","1463991000000","1660811000000","1849584000000","1592788000000","1872324000000","2143556000000","2247453000000","2313124000000","2392613000000","2280786000000","2240824000000","2394477000000","2544582000000","2554096000000","2172842000000","2584070000000","3058445000000","3092530000000","3232522000000",
"United States","USA","ICT service exports (BoP, current US$)","BX.GSR.CCIS.CD","","","","","","","","","","","300000000","310000000","340000000","500000000","550000000","650000000","770000000","870000000","1000000000","1110000000","950000000","890000000","1190000000","1290000000","1340000000","1460000000","2936000000","2893000000","3592000000","3820000000","4050000000","5470000000","4316000000","4465000000","5196000000","5645900000","6076000000","7408000000","9273100000","12319000000","12251000000","12862000000","12487000000","14098000000","15009000000","15568000000","17242000000","20340000000","23891000000","24925000000","26557000000","29377000000","33521000000","36324000000","38629000000","41427000000","43123000000","47657000000","50115000000","60426000000","60271000000","63883000000","71407000000","78483000000","90783000000",
"United States","USA","Net secondary income (BoP, current US$)","BN.TRF.CURR.CD","","","","","","","","","","","-3450000000","-3840000000","-4060000000","-4110000000","-7420000000","-4880000000","-5310000000","-5190000000","-5890000000","-6130000000","-8500000000","-11900000000","-17250000000","-17900000000","-20730000000","-23140000000","-24128000000","-23265000000","-25273000000","-26180000000","-26660000000","9901000000","-36633950000","-39810800000","-40265400000","-38073300000","-43016900000","-45061300000","-53187100000","-40778000000","-46865000000","-56952000000","-52948000000","-55300000000","-71634000000","-76877000000","-69088000000","-89910000000","-96193000000","-100497000000","-98835000000","-103211000000","-90133000000","-88115000000","-86338000000","-102881000000","-113200000000","-108618000000","-116771000000","-130091000000","-125175000000","-138607000000","-188123000000","-206442000000","-240729000000",
"United States","USA","Net errors and omissions (BoP, current US$)","BN.KAC.EOMS.CD","","","","","","","","","","","-550000000","-11748000000","-2619000000","-4206100000","-5086000000","4638000000","10370000000","-2690000000","11162999999.9961","26341699999.998","22870000000","23768999999.9997","39152000000","18292000000","18942000000","19780000000","30575000000","-7156000000","-17007000000","52314500000","28113200000","-41538100000","-43775350000","6243000000","-1494400000","30962700000","-9773500000","-77957100000","148091000000","54448000000","-72248000000","-20122000000","-42734000000","-9759000000","98009000000","34221000000","-1483000000","109773000000","-50359000000","146231000000","-7492000000","-61651000000","-30853000000","-54077000000","79437000000","29986000000","40400000000","-18023000000","140378000000","-109929000000","-72844000000","34486000000","117886000000","-138026000000","53168000000",
"United States","USA","Net financial account (BoP, current US$)","BN.FIN.TOTL.CD","","","","","","","","","","","2070000000","-12728000000","-7879000000","3373900000","-3386000000","22518000000","14210000000","-17790000000","-4584000000.0039","26184999999.998","24997000000","28578999999.9997","27545000000","-25930000000","-80066000000","-104675000000","-116599000000","-167803000000","-138265000000","-47398000000","-58059000000","-43817000000","-93931000000","-79254000000","-124248000000","-82819800000","-134507600000","-218937900000","-66954000000","-238602000000","-478394000000","-402032000000","-502668000000","-540555000000","-542221000000","-714059000000","-825564000000","-632838000000","-747057000000","-239381000000","-446385000000","-525969000000","-448034000000","-400091000000","-297075000000","-386400000000","-362425000000","-373242000000","-302873000000","-558354000000","-671969000000","-825580000000","-875625000000","-1073027000000","-1128593000000",
"United States","USA","Secondary income, other sectors, payments (BoP, current US$)","BM.TRF.PRVT.CD","","","","","","","","","","","1480000000","1510000000","1570000000","1830000000","1650000000","1640000000","1660000000","1700000000","1970000000","2180000000","2480000000","5900000000","10830000000","11180000000","11980000000","12140000000","13287000000","14413000000","16657000000","17620000000","18810000000","20789000000","22813550000","25338700000","28717600000","32058200000","33550700000","38290000000","45247900000","59242000000","67077000000","82008000000","87382000000","96501000000","109216000000","114490000000","110777000000","124652000000","142078000000","139815000000","145159000000","156389000000","152932000000","165740000000","180245000000","190244000000","205310000000","223881000000","216535000000","238155000000","241414000000","255352000000","284457000000","313785000000","343422000000",
"United States","USA","Transport services (% of service imports, BoP)","BM.GSR.TRAN.ZS","","","","","","","","","","","27.5085324232082","28.4521515735389","29.9120234604106","34.049240440021","37.1652816251154","35.7880556802874","37.8161380971497","38.7984075280492","37.898390659514","38.8076179961358","37.5396631681718","37.8119429590018","32.3079937304075","33.6159233321047","30.7278433716933","30.6677773150076","30.5633873100626","29.2743374529112","29.3636870658622","29.9580528728905","30.4750573638141","29.8902953586498","29.0693589400428","29.3194690193987","29.7343603231261","29.8373523796054","28.656178302196","28.6888456370177","28.1454094622418","25.3599873947231","26.4908635806073","25.4780713211252","23.7276157598756","24.2068304126939","24.7600695101598","25.2371709873103","23.5727719555379","22.3358800409895","22.0698918340663","18.5959204104618","20.2529499369916","20.7396947547846","21.150058239692","20.2767668309232","20.3240178869603","19.9793301358592","18.00678243583","18.5757420712417","19.4982133273071","18.7707359278548","15.4510046446415","18.6613012011141","22.233395174689","18.9197632962105","18.403220435734",
"United States","USA","Goods imports (BoP, current US$)","BM.GSR.MRCH.CD","","","","","","","","","","","39860000000","45580000000","55800000000","70500000000","103820000000","98180000000","124230000000","151910000000","176002000000","212007000000","249771000000","265095000000","247664000000","268893000000","332414000000","338082000000","368410000000","409761000000","447188000000","477679000000","498440000000","491017000000","536528000000","589394000000","668690000000","749374000000","803113000000","876794000000","918637000000","1035591000000","1231722000000","1153699000000","1173282000000","1272089000000","1488349000000","1695821000000","1878193000000","1986346000000","2141286000000","1580026000000","1938952000000","2239884000000","2303749000000","2294246000000","2385480000000","2273249000000","2207195000000","2356344000000","2555662000000","2512358000000","2346728000000","2849041000000","3270141000000","3104951000000","3295181000000",
"United States","USA","Communications, computer, etc. (% of service imports, BoP)","BM.GSR.CMCP.ZS","","","","","","","","","","","43.9590443686007","41.8754014129737","39.0029325513196","35.7255107386066","34.2105263157895","33.8572070049394","32.517061421116","31.9218241042345","32.8494793310192","32.7629036709909","34.9524041981938","33.6898395721925","40.3800940438871","38.9421304828603","31.983261096996","31.3758156323754","30.7954290276704","31.6612693587117","32.4930284439487","33.1187201248659","33.1350386674598","34.7341772151899","32.9943455567452","31.6780990700568","30.9496900244223","31.4962873912736","32.7242871189774","32.7665061794604","32.4990590891983","32.6761307899137","31.1498264148211","31.5977445302156","33.857434715756","34.3751733758154","33.5111233461227","34.2781738634689","34.3622524196249","34.4173919811137","35.9427077142518","38.2717321692787","38.7270019475312","40.1703227270842","40.0005536497229","41.7142795795893","41.914825162294","41.9166783729004","43.4403321054786","43.2476741588418","42.4950919465552","42.9207500707143","54.8870396923057","50.7960831868489","43.5056043435945","41.9460065424339","40.921177813719",
"United States","USA","Livestock production index (2014-2016 = 100)","AG.PRD.LVSK.XD","","51.08","51.09","52.96","56.18","55.2","56.36","57.96","58.27","58.57","59.84","61.23","61.37","58.77","62.07","62.12","65.99","65.78","64.53","63.31","65.1","66.75","66.09","68.18","68.24","69.76","70.54","70.81","72.32","72.05","72.17","73.26","75.22","75.59","77.75","79.65","81.7","82.96","84.27","86.8","88.49","89.11","89.46","91.4","91.39","90.6","91.47","94.39","96.98","96.14","96.27","97.75","98.43","98.78","98.95","98.65","102.4","105.17","107.78","109.32","108.77","110.06","110.55","","",
"United States","USA","Proportion of population pushed into poverty (based on the societal poverty line) due to out-of-pocket health expenditure (%)","SH_UHC_FH40_PUSHED","","","","","","","","","","","","","","","","","","","","","","","","","","","","","","","","","","","","","0.92","0.89","1","0.99","0.93","0.85","0.84","0.73","0.78","0.81","0.7","0.75","0.61","0.63","0.58","0.53","0.63","0.62","0.65","0.42","0.48","0.55","0.48","0.55","0.57","0.57","0.44","0.55","",
"United States","USA","Proportion of population facing financial hardship due to out-of-pocket health expenditure (%)","SH_UHC_FH40","","","","","","","","","","","","","","","","","","","","","","","","","","","","","","","","","","","","","9.71","9.66","9.68","10.37","9.34","9","9.19","8.4","8.36","8.84","8.39","8.11","8.16","7.96","8.2","8.9","8.52","8.55","8.3","7.1","6.94","7.32","7.67","7.46","6.87","6.88","7.16","6.81","",
"United States","USA","Out-of-pocket expenditure per capita, PPP (current international $)","SH.XPD.OOPC.PP.CD","","","","","","","","","","","","","","","","","","","","","","","","","","","","","","","","","","","","","","","","","687.622106812732","706.623081425404","763.342890158571","811.115929453637","848.450716127969","894.390543193248","930.437979744429","972.674624492328","983.908662550086","963.096230996851","969.158584212853","987.553248783039","1019.18070030286","1033.25911611059","1053.4556793679","1081.45353932237","1108.60945876485","1114.7497514709","1152.5130712177","1193.09588038564","1172.95683436551","1296.14914713097","1380.55195882116","1472.24798846585","",
"United States","USA","Domestic general government health expenditure per capita (current US$)","SH.XPD.GHED.PC.CD","","","","","","","","","","","","","","","","","","","","","","","","","","","","","","","","","","","","","","","","","2018.53456016","2221.63082401","2408.27375933","2578.05488947","2757.98584982","2923.48379124","3150.05226307","3315.05268752","3497.73292592","3700.1556927","3836.58617516","3938.64340937","4035.91577438","4165.60990747","4467.72836011","4729.45395327","4888.89963622","5035.88441637","5253.52347981","5482.00657433","6631.04748969","6698.66563897","6944.45576417","7269.29118467","",
"United States","USA","External health expenditure per capita, PPP (current international $)","SH.XPD.EHEX.PP.CD","","","","","","","","","","","","","","","","","","","","","","","","","","","","","","","","","","","","","","","","","0","0","0","0","0","0","0","0","0","0","0","0","0","0","0","0","0","0","0","0","0","0","0","0","",
"United States","USA","Current health expenditure per capita (current US$)","SH.XPD.CHEX.PC.CD","","","","","","","","","","","","","","","","","","","","","","","","","","","","","","","","","","","","","","","","","4548.5546875","4901.67529297","5327.93701172","5732.24365234","6071.84423828","6428.60205078","6802.47509766","7153.73144531","7364.93847656","7614.82421875","7836.08837891","8015.78076172","8262.29296875","8412.25195313","8796.33886719","9200.93164063","9535.60058594","9822.60644531","10180.48242188","10550.22070313","11648.49511719","12080.07324219","12586.19628906","13473.19335938","",
"United States","USA","Tuberculosis case detection rate (%, all forms)","SH.TBS.DTEC.ZS","","","","","","","","","","","","","","","","","","","","","","","","","","","","","","","","","","","","","","","","","75","76","77","78","79","80","80","81","81","82","82","83","83","84","84","85","85","86","86","86","86","86","86","86","",
"United States","USA","Prevalence of severe wasting, weight for height, female (% of children under 5)","SH.SVR.WAST.FE.ZS","","","","","","","","","","","","","","","","","","","","","","","","","","","","","","","","0.1","","","","","","","","","0.1","","0","","0","","0.3","","0.1","","0","","0","","0","","0.1","","0","","","","","","",
"United States","USA","Mortality rate attributed to unsafe water, unsafe sanitation and lack of hygiene (per 100,000 population)","SH.STA.WASH.P5","","","","","","","","","","","","","","","","","","","","","","","","","","","","","","","","","","","","","","","","","","","","","","","","","","","","","","","","","","","","2.3","","","","","",
"United States","USA","Suicide mortality rate, female (per 100,000 female population)","SH.STA.SUIC.FE.P5","","","","","","","","","","","","","","","","","","","","","","","","","","","","","","","","","","","","","","","","","4.54","4.7","4.94","4.97","5.28","5.12","5.23","5.4","5.5","5.61","5.75","5.97","6.1","6.24","6.52","6.82","6.8","6.86","6.92","6.66","6.22","6.47","","","",
"United States","USA","Prevalence of stunting, height for age, female (modeled estimate, % of children under 5)","SH.STA.STNT.ME.FE.ZS","","","","","","","","","","","","","","","","","","","","","","","","","","","","","","","","","","","","","","","","","2.7","2.6","2.5","2.4","2.4","2.3","2.3","2.2","2.2","2.2","2.1","2.2","2.2","2.3","2.3","2.4","2.5","2.6","2.7","2.8","3","3.1","3.3","3.5","3.7",
"United States","USA","People using safely managed sanitation services, urban (% of urban population)","SH.STA.SMSS.UR.ZS","","","","","","","","","","","","","","","","","","","","","","","","","","","","","","","","","","","","","","","","","96.4886366156092","96.5199013686751","96.551166121741","96.5824308748069","96.6136956278728","96.6449603809386","96.6762251340045","96.7074898870704","96.7387546401363","96.7700193932022","96.7963413647016","96.8228769012627","96.8496260667144","96.8765889248855","96.9037655396049","96.9311559747012","96.9587602940035","96.9865785613404","97.0146108405408","97.0428571954336","97.0713176898476","97.0999923876116","97.1288813525544","97.1579846485049","97.1897840800921",
"United States","USA","Mortality rate attributed to unintentional poisoning (per 100,000 population)","SH.STA.POIS.P5","","","","","","","","","","","","","","","","","","","","","","","","","","","","","","","","","","","","","","","","","0.35","0.36","0.38","0.37","0.36","0.38","0.37","0.4","0.43","0.43","0.4","0.44","0.4","0.4","0.42","0.42","0.48","0.47","0.49","0.52","0.5","0.53","","","",
"United States","USA","Prevalence of overweight, weight for height, female (modeled estimate, % of children under 5)","SH.STA.OWGH.ME.FE.ZS","","","","","","","","","","","","","","","","","","","","","","","","","","","","","","","","","","","","","","","","","7.1","7.2","7.3","7.3","7.4","7.4","7.5","7.5","7.5","7.6","7.6","7.6","7.7","7.7","7.7","7.8","7.9","8","8.1","8.2","8.3","8.4","8.6","8.8","9",
"United States","USA","Diarrhea treatment (% of children under 5 receiving oral rehydration and continued feeding)","SH.STA.ORCF.ZS","","","","","","","","","","","","","","","","","","","","","","","","","","","","","","","","","","","","","","","","","","","","","","","","","","","","","","","","","","","","","","","","","",
"United States","USA","Maternal mortality ratio (national estimate, per 100,000 live births)","SH.STA.MMRT.NE","","","","","","","","","","","","","","","","","","","","","","","","","","","","","","","","","","","","7.1","7.6","8.4","7.1","9.9","9.8","9.9","8.9","12.1","13.1","15.1","13.3","12.7","","","","","","","","","","","17.4","20.1","23.8","32.9","22.3","","",
"United States","USA","Prevalence of underweight, weight for age, female (% of children under 5)","SH.STA.MALN.FE.ZS","","","","","","","","","","","","","","","","","","","","","","","","","","","","","","","","1.1","","","","","","","","","1","","0.3","","1","","0.4","","0.4","","0.8","","0.4","","0.7","","1.3","","0.3","","","","","","",
"United States","USA","Female genital mutilation prevalence (%)","SH.STA.FGMS.ZS","","","","","","","","","","","","","","","","","","","","","","","","","","","","","","","","","","","","","","","","","","","","","","","","","","","","","","","","","","","","","","","","","",
"United States","USA","Exclusive breastfeeding (% of children under 6 months)","SH.STA.BFED.ZS","","","","","","","","","","","","","","","","","","","","","","","","","","","","","","","","","","","","","","","","","","","","","","","","","","","23.26","","25.51","","26.43","","34.7","","25.79923","","","","","","",
"United States","USA","ARI treatment (% of children under 5 taken to a health provider)","SH.STA.ARIC.ZS","","","","","","","","","","","","","","","","","","","","","","","","","","","","","","","","","","","","","","","","","","","","","","","","","","","","","","","","","","","","","","","","","",
"United States","USA","Mortality rate attributed to household and ambient air pollution, age-standardized, female (per 100,000 female population)","SH.STA.AIRP.FE.P5","","","","","","","","","","","","","","","","","","","","","","","","","","","","","","","","","","","","","","","","","","","","","","","","","","","","","","","","","","","","11.3","","","","","",
"United States","USA","Prevalence of current tobacco use, males (% of male adults)","SH.PRV.SMOK.MA","","","","","","","","","","","","","","","","","","","","","","","","","","","","","","","","","","","","","","","","","37.8","","","","","35.7","","35.1","","","33.8","","","","","32.2","","","","","30.6","30.4","29.9","","",
"United States","USA","Lifetime risk of maternal death (%)","SH.MMR.RISK.ZS","","","","","","","","","","","","","","","","","","","","","","","","","","0.0210845335208477","0.0212171703011941","0.0216974146651897","0.0225045510805804","0.0231846979153099","0.0233994047969313","0.022877135239263","0.0216198873777777","0.0212003935917355","0.0204966976714918","0.0200731211809795","0.0193777057573864","0.0187146911252981","0.0188555752963941","0.0196953632295198","0.0206523935835164","0.0213047779497232","0.0216716424045292","0.0224398978251482","0.0223032898632636","0.0226013764351285","0.0233507216521282","0.0235385689358261","0.0237771006658876","0.0244108954188648","0.0236770814345065","0.0246245156848274","0.0251285584380465","0.0256259059344617","0.0266897189293848","0.0273878406230136","0.0283192612679576","0.0277657094628913","0.0268139738590612","0.0263735623066936","0.032506491784017","0.0455361113453194","0.0297692616784954","0.0240321077099427","",
"United States","USA","Use of insecticide-treated bed nets (% of under-5 population)","SH.MLR.NETS.ZS","","","","","","","","","","","","","","","","","","","","","","","","","","","","","","","","","","","","","","","","","","","","","","","","","","","","","","","","","","","","","","","","","",
"United States","USA","Nurses and midwives (per 1,000 people)","SH.MED.NUMW.P3","","","","","","","","","","","","","","","","","","","","","","","","","","","","","","","10.39","10.68","10.74","10.9","11.14","7.889","11.24","11.12","11.22","10.38","10.19","10.21","10.21","10.1","10.3","10.41","10.5","10.56","10.73","10.75","10.88","11","11.03","11","11.06","11.17","11.46","11.55","11.59","13.02","12.34","13.03","13.38","","",
"United States","USA","Immunization, DPT (% of children ages 12-23 months)","SH.IMM.IDPT","","","","","","","","","","","","","","","","","","","","","96","96","96","97","97","96","97","97","97","94","90","86","83","88","94","95","95","96","96","96","94","94","94","96","96","96","96","96","96","95","95","96","94","94","95","95","95","94","94","94","93","94","94","94","94",
"United States","USA","Incidence of HIV, ages 15-24 (per 1,000 uninfected population ages 15-24)","SH.HIV.INCD.YG.P3","","","","","","","","","","","","","","","","","","","","","","","","","","","","","","","","","","","","","","","","","","","","","","","","","","","","","","","","","","","","","","","","","",
"United States","USA","Children (ages 0-14) newly infected with HIV","SH.HIV.INCD.14","","","","","","","","","","","","","","","","","","","","","","","","","","","","","","","","","","","","","","","","","","","","","","","","","","","","","","","","","","","","","","","","","",
"United States","USA","Prevalence of HIV, female (% ages 15-24)","SH.HIV.1524.FE.ZS","","","","","","","","","","","","","","","","","","","","","","","","","","","","","","","","","","","","","","","","","","","","","","","","","","","","","","","","","","","","","","","","","",
"United States","USA","People using safely managed drinking water services, rural (% of rural population)","SH.H2O.SMDW.RU.ZS","","","","","","","","","","","","","","","","","","","","","","","","","","","","","","","","","","","","","","","","","","","","","","","","","","","","","","","","","","","","","","","","","",
"United States","USA","Demand for family planning satisfied by modern methods (% of married women with demand for family planning)","SH.FPL.SATM.ZS","","","","","","","","","","","","","","","","","","","","","","","","","","","","","","","","","","","","","","","","","","","","","","","","","","","","","","","","","","","","","","","","","",
"United States","USA","Mortality from CVD, cancer, diabetes or CRD between exact ages 30 and 70, female (%)","SH.DYN.NCOM.FE.ZS","","","","","","","","","","","","","","","","","","","","","","","","","","","","","","","","","","","","","","","","","14.6","14.3","14","13.7","13.2","13","12.6","12.2","12.1","11.8","11.6","11.5","11.3","11.2","11.1","11.2","11.2","11","10.8","10.6","10.8","10.9","","","",
"United States","USA","Prevalence of HIV, total (% of population ages 15-49)","SH.DYN.AIDS.ZS","","","","","","","","","","","","","","","","","","","","","","","","","","","","","","","","","","","","","","","","","","","","","","","","","","","","","","","","","","","","","","","","","",
"United States","USA","Probability of dying among adolescents ages 10-14 years (per 1,000)","SH.DYN.1014","","","","","","","","","","","","","","","","","","","","","","","","","","","","","","","1.3","1.3","1.3","1.3","1.2","1.2","1.2","1.1","1.1","1.1","1","1","1","0.9","0.9","0.9","0.8","0.8","0.8","0.8","0.7","0.7","0.7","0.7","0.7","0.7","0.7","0.7","0.8","0.8","0.8","0.8","0.8","0.9","",
"United States","USA","Number of under-five deaths","SH.DTH.MORT","130148","128281","124619","119768","115421","109146","101805","95828","91277","88972","88200","84523","76842","69970","65922","62656","59564","58000","56668","55421","54699","53385","52017","50528","49057","48271","47481","46708","46418","46331","45985","44710","42768","40712","38700","36870","35371","34227","33511","33092","32942","32708","32243","32111","32104","32006","32170","32308","31809","30797","29583","28550","27881","27352","27052","26836","26438","25848","25223","24741","24122","23797","24061","23989","",
"United States","USA","Number of deaths ages 20-24 years","SH.DTH.2024","","","","","","","","","","","","","","","","","","","","","","","","","","","","","","","21442","21250","21086","20916","20537","19715","18700","17995","17717","17752","18127","18729","19335","19876","20346","20763","20997","20832","20296","19704","19321","19197","19296","19577","19959","20354","20724","21020","21269","21763","22680","23482","23213","21602","",
"United States","USA","Condom use, population ages 15-24, male (% of males ages 15-24)","SH.CON.1524.MA.ZS","","","","","","","","","","","","","","","","","","","","","","","","","","","","","","","","","","","","","","","","","","","","","","","","","","","","","","","","","","","","","","","","","",
"United States","USA","Prevalence of anemia among women of reproductive age (% of women ages 15-49)","SH.ANM.ALLW.ZS","","","","","","","","","","","","","","","","","","","","","","","","","","","","","","","","","","","","","","","","","7.8","7.7","7.6","7.7","7.8","8","8.3","8.7","9.1","9.5","9.9","10.3","10.6","11","11.3","11.5","11.7","11.9","12.2","12.5","13","13.5","14.2","15","",
"United States","USA","Women who believe a husband is justified in beating his wife when she refuses sex with him (%)","SG.VAW.REFU.ZS","","","","","","","","","","","","","","","","","","","","","","","","","","","","","","","","","","","","","","","","","","","","","","","","","","","","","","","","","","","","","","","","","",
"United States","USA","Women who believe a husband is justified in beating his wife when she burns the food (%)","SG.VAW.BURN.ZS","","","","","","","","","","","","","","","","","","","","","","","","","","","","","","","","","","","","","","","","","","","","","","","","","","","","","","","","","","","","","","","","","",
"United States","USA","Proportion of time spent on unpaid domestic and care work, female (% of 24 hour day)","SG.TIM.UWRK.FE","","","","","","","","","","","","","","","","","","","","","","","","","","","","","","","","","","","","","","","","","","","","16.54167","16.625","16.5","16.25","16.08333","15.625","15.91667","15.29167","15.20833","15.29167","15.58333","15.54167","15.875","15.91667","15.41667","15.375","15.33333","","15.54167","15.08333","","",
"United States","USA","Women participating in the three decisions (own health care, major household purchases, and visiting family) (% of women age 15-49)","SG.DMK.ALLD.FN.ZS","","","","","","","","","","","","","","","","","","","","","","","","","","","","","","","","","","","","","","","","","","","","","","","","","","","","","","","","","","","","","","","","","",
"United States","USA","Government expenditure per student, tertiary (% of GDP per capita)","SE.XPD.TERT.PC.ZS","","","","","","","","","","","","","","","","","","","","","","","","","","","","","","","","","","","","","","","","","","","","","","","","","","","20.83643","20.04063","21.89296","20.41236","21.16585","21.52057","19.42953","","","","","","","","",
"United States","USA","Government expenditure per student, primary (% of GDP per capita)","SE.XPD.PRIM.PC.ZS","","","","","","","","","","","","","","","","","","","","","","","","","","","","","","","","","","","","","","","","","","","","","","","","","","","22.05341","20.85277","20.5226","19.71867","19.7888","19.76064","19.85908","","","","","","","","",
"United States","USA","Current education expenditure, primary (% of total expenditure in primary public institutions)","SE.XPD.CPRM.ZS","","","","","","","","","","","","","","","","","","","","","","","","","","","","","","","","","","","","","","","","","","","","","","","","","","","","","","","","91.9320373535156","91.4302597045898","90.9884033203125","90.4928283691406","90.1177062988281","89.3844985961914","89.8548736572266","","","",
"United States","USA","School enrollment, tertiary (% gross)","SE.TER.ENRR","","","","","","","","","","","","","","","","","","","","","","","","","","","","","","","","","","","","","","","","","","","","","","80.6348266601562","","","","","","","","88.7264175415039","88.6268692016602","88.8894119262695","88.8350524902344","88.1673889160156","88.2991790771484","87.8887100219727","87.5676574707031","84.8550872802734","79.361930847168","","",
"United States","USA","Net bilateral aid flows from DAC donors, Iceland (current US$)","DC.DAC.ISLL.CD","","","","","","","","","","","","","","","","","","","","","","","","","","","","","","","","","","","","","","","","","","","","","","","","","","","","","","","","","","","","","","","","","",
"United States","USA","Net bilateral aid flows from DAC donors, United Kingdom (current US$)","DC.DAC.GBRL.CD","","","","","","","","","","","","","","","","","","","","","","","","","","","","","","","","","","","","","","","","","","","","","","","","","","","","","","","","","","","","","","","","","",
"United States","USA","Net bilateral aid flows from DAC donors, Spain (current US$)","DC.DAC.ESPL.CD","","","","","","","","","","","","","","","","","","","","","","","","","","","","","","","","","","","","","","","","","","","","","","","","","","","","","","","","","","","","","","","","","",
"United States","USA","Net bilateral aid flows from DAC donors, Switzerland (current US$)","DC.DAC.CHEL.CD","","","","","","","","","","","","","","","","","","","","","","","","","","","","","","","","","","","","","","","","","","","","","","","","","","","","","","","","","","","","","","","","","",
"United States","USA","Net bilateral aid flows from DAC donors, Austria (current US$)","DC.DAC.AUTL.CD","","","","","","","","","","","","","","","","","","","","","","","","","","","","","","","","","","","","","","","","","","","","","","","","","","","","","","","","","","","","","","","","","",
"United States","USA","Stocks traded, total value (current US$)","CM.MKT.TRAD.CD","","","","","","","","","","","","","","","","137281000000","173321000000","165874000000","225844000000","271850900000","409816000000","415760100000","508143800000","797122900000","1108420900000","1468783000000","2181719500000","2876964300000","1965101500000","2341571000000","2032096400000","2139842200000","2530449200000","3434412300000","3648744090000","5178630800000","6965496000000","9265546100000","12305236800000","18815724700000","29782045700000","20883579600000","17052861300000","16045083400000","19103123800000","25792191700000","30581777000000","42852575300000","47245495800000","34306380734455","36025378147933.8","41045547210000","32349465130000","33247253460000","38976646580000","41398501970000","42071330000000","39785881380000","49063255420000","36342314080000","41086461430000","45874145530000","44315891180000","37263213740000","42600207070000",
"United States","USA","S&P Global Equity Indices (annual % change)","CM.MKT.INDX.ZG","","","","","","","","","","","","","","","","","","","","","","","","","","","","","","","-6.55913978494622","26.3067046211616","4.46426430746363","7.05515136214454","-1.53928609711652","34.1106538637403","20.2636663257188","31.008181008181","26.6685902125862","19.5260447597276","-10.1391866598605","-13.0424558734511","-23.3662492313519","26.380037102777","8.99353954103466","3.00158236936154","13.619200111241","3.52920194755608","-38.4852563340138","23.4538173189184","12.7820791594404","-0.00247952856932132","13.40569","29.60125","11.3906381873661","-0.726601583369757","9.53501570496198","19.4199648923768","-6.2372598219685","28.8780690388134","16.2589219940695","26.8927362908572","-19.4428242324042","","",
"United States","USA","Control of Corruption: Percentile Rank","CC.PER.RNK","","","","","","","","","","","","","","","","","","","","","","","","","","","","","","","","","","","","","91.3978500366211","","91.9786071777344","","92.0212783813477","","92.5925903320312","92.0634918212891","92.61083984375","91.7073135375977","90.7317047119141","90.7766952514648","91.7475738525391","85.1674652099609","84.7619018554688","84.8341217041016","89.0995254516602","88.1516571044922","89.4230804443359","89.523811340332","90","88.5714263916016","88.0952377319336","87.6190490722656","81.9047622680664","82.8571395874023","82.5471725463867","83.0188674926758","",
"United States","USA","Personal remittances, received (current US$)","BX.TRF.PWKR.CD.DT","","","","","","","","","","","","","","","","","","200000000","220000000","230000000","80000000","80000000","80000000","80000000","80000000","80000000","908000000","994000000","995000000","1020000000","1170000000","1300000000","1796000000","1820000000","1943000000","2179000000","2181000000","2270000000","2437000000","4246000000","4395000000","4513000000","4570000000","4672000000","4734000000","4795000000","5068000000","5219000000","5364000000","5740000000","5930000000","6104000000","6303000000","6613000000","6503000000","6578000000","6330000000","6347000000","6941000000","7049000000","6827000000","7093000000","7663000000","8400000000","8712000000",
"United States","USA","Foreign direct investment, net inflows (% of GDP)","BX.KLT.DINV.WD.GD.ZS","","","","","","","","","","","0.113667808624405","0.0661029317079452","0.09928778603873","0.135402869137687","0.22909018193255","0.137099799157697","0.155331555472048","0.140261481987448","0.23388341294583","0.306394355036077","0.585866341978653","0.800738125892372","0.634908482562745","0.316452387124185","0.624874152128993","0.221941613453303","0.675731298001957","1.30241400226355","1.08680748249096","1.34324072334346","1.19450410722934","0.56104703230478","0.464853986617542","0.732369583756588","0.767643589421284","0.904218188320061","1.20969310261879","1.42406557267981","2.32984922894518","3.24414224201686","3.40578256861876","1.63009964802286","1.01613919132561","1.02218472001084","1.74869134454691","1.09166213272067","2.16033528740671","2.39469093772646","2.30937902080946","1.11260034220261","1.75453268550496","1.68911277121237","1.54020811932936","1.71066753395925","1.43502130688419","2.80914762910409","2.53749765919682","1.95521086285051","1.0457039920427","1.47787452846554","0.650821071352324","2.04998648308338","1.62816817042838","1.32618252590589","1.03321085618604",
"United States","USA","Exports of goods, services and primary income (BoP, current US$)","BX.GSR.TOTL.CD","","","","","","","","","","","65650000000","68820000000","77500000000","110230000000","146710000000","155790000000","171610000000","184300000000","219995000000","287640300000","344458000000","380945000000","361487000000","351281000000","395904000000","382741000000","407105000000","457056000000","567855000000","648353000000","707008000000","727577000000","750629900000","778935000000","869771000000","1004661000000","1077761700000","1191279100000","1195009200000","1279060000000","1448571000000","1326729000000","1292488000000","1375113000000","1600958000000","1827799000000","2133910000000","2477749000000","2669828000000","2246010000000","2595544000000","2935025000000","3039135000000","3124684000000","3238543000000","3105718000000","3098063000000","3389916000000","3647546000000","3693405000000","3126846000000","3632484000000","4243430000000","4455787000000","4683597000000",
"United States","USA","Insurance and financial services (% of service exports, BoP)","BX.GSR.INSF.ZS","","","","","","","","","","","0.698689956331878","0.78125","1.19850187265918","0.938967136150235","0.770341839191141","0.900128589798543","0.725163161711385","0.578964297201673","0.648801128349788","3.47657688514163","3.19663512092534","3.84279475982533","3.75058602906704","4.17315478044223","3.97952583176308","4.03595419534018","5.40490663098767","5.37390281972796","4.21764414191047","4.0427874783703","3.1448667658596","3.34226226713746","2.84808501827164","3.22358547907332","3.39479527932334","3.77703667544128","4.12500260943991","4.83183843369401","5.45312006454387","10.4497530548891","11.0135794888314","10.8867631578021","11.9135316029008","13.258098644768","14.5354490228916","14.5237654891807","15.5921018421787","17.117649669732","17.268995358642","16.9272936771951","17.4154919293182","17.9549505249981","17.7267961601701","17.4376160663649","18.0380424014266","17.0849346831244","17.0931672261721","17.9955652301626","17.9090389411618","17.9236415694379","23.1220365037781","23.7506966375627","19.7717241164435","19.12590005502","19.3169012801595",
"United States","USA","ICT service exports (% of service exports, BoP)","BX.GSR.CCIS.ZS","","","","","","","","","","","2.62008733624454","2.421875","2.54681647940075","2.93427230046948","2.64805007221955","2.78611230175739","2.79187817258883","2.79832743647475","2.82087447108604","2.85851877222756","1.99789695057834","1.55458515283843","1.85966557274574","2.00872002491436","1.88429845037545","1.99745529667684","3.38642890921464","2.93223328130385","3.23851598070595","3.00456190026742","2.73907750574868","3.33008644831365","2.43509012259516","2.40168682864381","2.5928790638489","2.57576656188838","2.53679310272843","2.89269913664177","3.52902000631738","4.43134278427465","4.11075655234663","4.52834705826436","4.33487584140749","4.73508321158077","4.35628103803075","4.11318660995006","4.0752943845932","4.10363597480521","4.41779618705967","4.77071841181492","4.56270563272599","4.55691215181744","4.89484858839231","5.04909537736164","5.10256918301301","5.3843044542327","5.50438456530896","5.69057151693249","5.7758266986912","6.72149072800021","8.15583930543226","7.80759603820996","7.41605824254572","7.50979594765926","7.87536206990779",
"United States","USA","Net capital account (BoP, current US$)","BN.TRF.KOGT.CD","","","","","","","","","","","","","","","","","","","","","","","","","","","","","","-206500000","-7220200000","-5129900000","1449400000","-714200000","-1111200000","-221500000","-7000000","-256300000","-8000000","-6428000000","-4218000000","12169000000","-3825000000","-8499000000","-4343000000","950000000","-7439000000","-6057000000","-172000000","-5876000000","-6891000000","-9021000000","931000000","-6559000000","-6534000000","-7939000000","-6606000000","12395000000","-4262000000","-6463000000","-5621000000","-1432000000","-369000000","-6984000000","3533000000",
"United States","USA","Foreign direct investment, net (BoP, current US$)","BN.KLT.DINV.CD","","","","","","","","","","","5270000000","4850000000","6060000000","7410000000","1620000000","11420000000","8410000000","8360000000","8870000000","16670000000","2300000000","-15570000000","-13456000000","-2730000000","-12410000000","-5950000000","-11422000000","-23438000000","-35209000000","-24800000000","-11290000000","14720000000","28460000000","32570000000","34050000000","40980000000","5360000000","-770000000","-36390000000","-64964000000","-162755000000","-26455000000","67930000000","78112000000","160363000000","-89753000000","-14662000000","177277000000","2491000000","151514000000","85789000000","173119000000","126895000000","104665000000","135673000000","-209363000000","-174573000000","28590000000","-345435000000","-201057000000","145265000000","-135805000000","-28043000000","-10859000000","25109000000",
"United States","USA","Net primary income (BoP, current US$)","BN.GSR.FCTY.CD","","","","","","","","","","","6680000000","7900000000","8920000000","12830000000","15520000000","12790000000","15970000000","17730000000","20310000000","30940000000","29580000000","32390000000","29180000000","30813000000","29999000000","19787000000","15481000000","14293000000","18675000000","19800000000","28560000000","24130000000","24236000000","25339000000","17134000000","20899300000","22324800000","12624800000","4280100000","9969000000","14626000000","23246000000","17505000000","29254000000","46580000000","44184000000","15979000000","64356000000","112019000000","115540000000","169911000000","202431000000","197928000000","195517000000","200311000000","185207000000","196442000000","257939000000","255278000000","247401000000","177714000000","117246000000","118714000000","52642000000","-41026000000",
"United States","USA","Personal remittances, paid (current US$)","BM.TRF.PWKR.CD.DT","","","","","","","","","","","650000000","700000000","670000000","710000000","680000000","590000000","650000000","1060000000","1170000000","1220000000","1360000000","4720000000","5140000000","5450000000","5990000000","6330000000","8660000000","8806000000","9005000000","10220000000","11850000000","13919000000","16156300000","18041200000","20365700000","22181400000","23723200000","25593600000","27426700000","33346000000","34397000000","38219000000","40109000000","40943000000","44357000000","47751000000","50974000000","53039000000","55679000000","50555000000","50527000000","50854000000","52371000000","55003000000","57239000000","60719000000","62870000000","64114000000","66836000000","71583000000","66126000000","73551000000","88741000000","98303000000","103179000000",
"United States","USA","Travel services (% of service imports, BoP)","BM.GSR.TRVL.ZS","","","","","","","","","","","27.1672354948805","28.0667951188182","29.5601173020528","28.9680460974332","27.6084949215143","28.8280197575213","27.5391409072662","26.9996380745566","26.7276743452193","26.0005520287055","25.4088357334635","26.2477718360071","24.9608150470219","24.9170659786215","34.8079509789269","34.5550465083993","32.9411911474837","32.8475756173859","33.1764944481063","33.2650473124573","32.3786861561995","30.4978902953586","33.1459114025696","33.8372478205719","33.872402780387","32.7976097871438","32.5611930514585","32.423638017993","32.3512807456441","29.9192347377035","29.0473410009551","27.2588475846477","25.2772197927865","24.270236425169","24.2019235732351","23.7366361114848","22.4354551986511","21.4299612156746","20.0446927374302","20.2458157584145","19.513117195555","18.9055171555843","19.2371984472255","19.5641298163119","19.5990909905434","20.6028375910578","21.2742403866768","21.24586537145","22.1953475890512","21.9616978086887","7.28507678589961","10.3663799881881","16.7293272681054","20.6854590992864","21.2767576824279",
"United States","USA","Service imports (BoP, current US$)","BM.GSR.NFSV.CD","","","","","","","","","","","14650000000","15570000000","17050000000","19090000000","21660000000","22270000000","24910000000","27630000000","31690000000","36230000000","40970000000","44880000000","51040000000","54260000000","66910000000","72030000000","80158000000","90786000000","98615000000","102510000000","117670000000","118500000000","119552000000","123771000000","133075000000","141410000000","152550000000","165953000000","180676000000","196743000000","220929000000","222038000000","233479000000","252342000000","290605000000","312222000000","349331000000","385465000000","420650000000","407541000000","436450000000","458189000000","469611000000","465735000000","491084000000","498310000000","513090000000","555068000000","566416000000","601010000000","472157000000","572302000000","712037000000","761796000000","840880000000",
"United States","USA","Primary income payments (BoP, current US$)","BM.GSR.FCTY.CD","","","","","","","","","","","5070000000","4810000000","5850000000","8950000000","12110000000","12580000000","13320000000","14670000000","22160000000","33430000000","43090000000","54260000000","57140000000","54450000000","74858000000","73944000000","81583000000","93891000000","118037000000","141490000000","143190000000","125110000000","109521000000","110742000000","149383000000","189364700000","203808900000","244195300000","257546100000","292570000000","350983000000","288119000000","288888000000","317679000000","386257000000","492109000000","653940000000","752582000000","708225000000","537682000000","553309000000","589038000000","593754000000","616043000000","645619000000","639725000000","660797000000","737500000000","847686000000","891908000000","776290000000","931168000000","1066271000000","1310615000000","1492101000000",
"United States","USA","Surface area (sq. km)","AG.SRF.TOTL.K2","","9629090","9629090","9629090","9629090","9629090","9629090","9629090","9629090","9629090","9629090","9629090","9629090","9629090","9629090","9629090","9629090","9629090","9629090","9629090","9629090","9629090","9629090","9629090","9629090","9629090","9629090","9629090","9629090","9629090","9629090","9629090","9629090","9629090","9629090","9629090","9629090","9629090","9629090","9629090","9632030","9632030","9632030","9632030","9632030","9632030","9632030","9632030","9831510","9831510","9831510","9831510","9831510","9831510","9831510","9831510","9831510","9831510","9831510","9831510","9831510","9831510","9831510","9831510","",
"United States","USA","Cereal production (metric tons)","AG.PRD.CREL.MT","","163619978","162455780","174812487","160937079","183602617","184444880","208158055","202538423","205288170","186860751","237624461","228117866","237683006","204617505","249283743","258200097","266014469","276602542","302625580","269883982","330889528","333103755","207657604","314749500","347118216","315331216","280494047","206528100","284238058","312410604","280063390.6","353025147.36","259105342.37","355934923.57","277601210","335780123.06","336582161.49","349425744.46","335364364","342631506","324994633.58","297143451.84","348247631.26","389023763.41","366436345.76","338336800","415130860","402399936","418666166.07","401126329.74","385545255.77","356210124","434308450","442849090","431870370.62","503466147.24","440271775.02","439710828.46","420873692.84","433260476.64","450202502.85","408901709.98","462631789.82","",
"United States","USA","Average precipitation in depth (mm per year)","AG.LND.PRCP.MM","","715","715","715","715","715","715","715","715","715","715","715","715","715","715","715","715","715","715","715","715","715","715","715","715","715","715","715","715","715","715","715","715","715","715","715","715","715","715","715","715","715","715","715","715","715","715","715","715","715","715","715","715","715","715","715","715","715","715","715","715","715","715","","",
"United States","USA","Land area where elevation is below 5 meters (% of total land area)","AG.LND.EL5M.ZS","","","","","","","","","","","","","","","","","","","","","","","","","","","","","","","1.45540481308304","","","","","","","","","","1.45540481308367","","","","","","","","","","","","","","","1.45540481308153","","","","","","","","","",
"United States","USA","Rural land area where elevation is below 5 meters (sq. km)","AG.LND.EL5M.RU.K2","","","","","","","","","","","","","","","","","","","","","","","","","","","","","","","128423.068205646","","","","","","","","","","127920.08747324","","","","","","","","","","","","","","","127287.529540586","","","","","","","","","",
"United States","USA","Incidence of tuberculosis (per 100,000 people)","SH.TBS.INCD","","","","","","","","","","","","","","","","","","","","","","","","","","","","","","","","","","","","","","","","","7.7","7.4","6.8","6.6","6.3","6","5.8","5.5","5.2","4.6","4.4","4.1","3.8","3.4","3.3","3.3","3.1","3","3","2.9","2.4","2.6","2.6","3.1","3.2",
"United States","USA","Prevalence of severe wasting, weight for height, male (% of children under 5)","SH.SVR.WAST.MA.ZS","","","","","","","","","","","","","","","","","","","","","","","","","","","","","","","","0.1","","","","","","","","","0.2","","0.1","","0.1","","0.1","","0.1","","0","","0","","0","","0","","0","","","","","","",
"United States","USA","Prevalence of wasting, weight for height, female (% of children under 5)","SH.STA.WAST.FE.ZS","","","","","","","","","","","","","","","","","","","","","","","","","","","","","","","","0.4","","","","","","","","","0.1","","0.1","","0.9","","1.1","","0.4","","0","","0.5","","0","","0.1","","0","","","","","","",
"United States","USA","Suicide mortality rate, male (per 100,000 male population)","SH.STA.SUIC.MA.P5","","","","","","","","","","","","","","","","","","","","","","","","","","","","","","","","","","","","","","","","","17.89","18.48","18.87","18.62","18.63","18.59","18.74","19.27","19.84","20.07","20.68","20.95","21.24","21.14","21.65","21.98","22.4","23.46","23.88","23.46","23.59","24.69","","","",
"United States","USA","Prevalence of stunting, height for age, male (modeled estimate, % of children under 5)","SH.STA.STNT.ME.MA.ZS","","","","","","","","","","","","","","","","","","","","","","","","","","","","","","","","","","","","","","","","","3.4","3.3","3.2","3.1","3","3","2.9","2.9","2.8","2.8","2.8","2.8","2.8","2.9","3","3.1","3.3","3.4","3.5","3.6","3.8","4","4.3","4.5","4.7",
"United States","USA","People using safely managed sanitation services (% of population)","SH.STA.SMSS.ZS","","","","","","","","","","","","","","","","","","","","","","","","","","","","","","","","","","","","","","","","","96.6668983878009","96.6943756677636","96.7219097256357","96.7494886806174","96.7771080378712","96.8047868614219","96.8325063497054","96.8602660517807","96.8880743054617","96.9159274476523","96.936481049884","96.9349907454656","96.9342199576858","96.9341670690134","96.9348584587854","96.936314954317","96.9385336178756","96.9415406180243","96.9453371131465","96.9499539004944","96.9553810977775","96.9616503364943","96.9687421072789","96.976678277341","97.0094700141013",
"United States","USA","Mortality rate attributed to unintentional poisoning, female (per 100,000 female population)","SH.STA.POIS.P5.FE","","","","","","","","","","","","","","","","","","","","","","","","","","","","","","","","","","","","","","","","","0.23","0.25","0.26","0.25","0.26","0.26","0.27","0.3","0.3","0.33","0.28","0.32","0.33","0.27","0.28","0.3","0.31","0.32","0.33","0.34","0.37","0.36","","","",
"United States","USA","Prevalence of overweight, weight for height, male (modeled estimate, % of children under 5)","SH.STA.OWGH.ME.MA.ZS","","","","","","","","","","","","","","","","","","","","","","","","","","","","","","","","","","","","","","","","","8.2","8.3","8.3","8.4","8.4","8.5","8.5","8.6","8.6","8.6","8.7","8.7","8.7","8.8","8.8","8.9","9","9.1","9.2","9.3","9.5","9.6","9.8","10.1","10.3",
"United States","USA","Diarrhea treatment (% of children under 5 who received ORS packet)","SH.STA.ORTH","","","","","","","","","","","","","","","","","","","","","","","","","","","","","","","","","","","","","","","","","","","","","","","","","","","","","","","","","","","","","","","","","",
"United States","USA","People practicing open defecation, rural (% of rural population)","SH.STA.ODFC.RU.ZS","","","","","","","","","","","","","","","","","","","","","","","","","","","","","","","","","","","","","","","","","0","0","0","0","0","0","0","0","0","0","0","0","0","0","0","0","0","0","0","0","0","0","0","0","0",
"United States","USA","Prevalence of underweight, weight for age, male (% of children under 5)","SH.STA.MALN.MA.ZS","","","","","","","","","","","","","","","","","","","","","","","","","","","","","","","","0.5","","","","","","","","","1.3","","1.4","","1.5","","1","","0.9","","1.1","","0.5","","0.8","","1.6","","0.5","","","","","","",
"United States","USA","People with basic handwashing facilities including soap and water, rural (% of rural population)","SH.STA.HYGN.RU.ZS","","","","","","","","","","","","","","","","","","","","","","","","","","","","","","","","","","","","","","","","","","","","","","","","","","","","","","","","","","","","","","","","","",
"United States","USA","Births attended by skilled health staff (% of total)","SH.STA.BRTC.ZS","","","","","","","","","","","","","","","","","","","","","","","","","","","","","","99","99.2","99.2","99.3","99.4","99.4","99.4","99.4","99.4","99.4","99.4","99.4","99.4","99.5","99.3","99.3","99.4","99.4","99.3","99.3","99.3","99.4","99.3","99.3","99.2","98.5","99.1","99.1","99.1","99.1","99","99.1","","","","",
"United States","USA","People using at least basic sanitation services, rural (% of rural population)","SH.STA.BASS.RU.ZS","","","","","","","","","","","","","","","","","","","","","","","","","","","","","","","","","","","","","","","","","100","100","100","100","100","100","100","100","100","100","99.9971950412454","99.874544636735","99.7518942322245","99.629243827714","99.5065934232035","99.3839430186931","99.2612926141826","99.1386422096721","99.0159918051616","98.8933414006512","98.7706909961407","98.6480405916302","98.5253901871197","98.4027397826093","98.4027397826093",
"United States","USA","Mortality rate attributed to household and ambient air pollution, age-standardized, male (per 100,000 male population)","SH.STA.AIRP.MA.P5","","","","","","","","","","","","","","","","","","","","","","","","","","","","","","","","","","","","","","","","","","","","","","","","","","","","","","","","","","","","17.5","","","","","",
"United States","USA","Risk of catastrophic expenditure for surgical care (% of people at risk)","SH.SGR.CRSK.ZS","","","","","","","","","","","","","","","","","","","","","","","","","","","","","","","","","","","","","","","","","","","","1","0.8","1","1","0.8","0.8","0.8","0.6","0.7","0.7","0.7","0.8","0.7","0.6","0.6","0.6","0.6","0.3","0.3","0.3","","",
"United States","USA","Prevalence of anemia among pregnant women (%)","SH.PRG.ANEM","","","","","","","","","","","","","","","","","","","","","","","","","","","","","","","","","","","","","","","","","11.4","11.1","10.8","10.6","10.5","10.5","10.5","10.5","10.6","10.6","10.7","10.7","10.7","10.7","10.7","10.6","10.5","10.3","10.2","10.1","10","10","10","10.2","",
"United States","USA","Children with fever receiving antimalarial drugs (% of children under age 5 with fever)","SH.MLR.TRET.ZS","","","","","","","","","","","","","","","","","","","","","","","","","","","","","","","","","","","","","","","","","","","","","","","","","","","","","","","","","","","","","","","","","",
"United States","USA","Physicians (per 1,000 people)","SH.MED.PHYS.ZS","1.1","","","","","1.2","","","","","1.2","","","","","1.3","1.3","1.3","1.4","1.4","1.5","1.5","1.6","1.6","","","1.7","1.8","1.8","1.8","1.8","1.9","1.9","1.9","","2.411","","","","","2.596","","","","2.711","","","","","","","","","","","","","","2.548","3.482","3.518","3.575","3.681","","",
"United States","USA","Immunization, measles (% of children ages 12-23 months)","SH.IMM.MEAS","","","","","","","","","","","","","","","","","","","","","86","97","97","98","98","97","97","82","98","94","90","87","83","84","89","88","91","91","92","92","91","91","91","93","93","92","92","92","92","90","92","92","91","92","92","92","92","91","92","90","91","92","92","92","92",
"United States","USA","Incidence of HIV, ages 15-49 (per 1,000 uninfected population ages 15-49)","SH.HIV.INCD.ZS","","","","","","","","","","","","","","","","","","","","","","","","","","","","","","","","","","","","","","","","","","","","","","","","","","","","","","","","","","","","","","","","","",
"United States","USA","Adults (ages 15+) and children (ages 0-14) newly infected with HIV","SH.HIV.INCD.TL","","","","","","","","","","","","","","","","","","","","","","","","","","","","","","","","","","","","","","","","","","","","","","","","","","","","","","","","","","","","","","","","","",
"United States","USA","Prevalence of HIV, male (% ages 15-24)","SH.HIV.1524.MA.ZS","","","","","","","","","","","","","","","","","","","","","","","","","","","","","","","","","","","","","","","","","","","","","","","","","","","","","","","","","","","","","","","","","",
"United States","USA","People using safely managed drinking water services, urban (% of urban population)","SH.H2O.SMDW.UR.ZS","","","","","","","","","","","","","","","","","","","","","","","","","","","","","","","","","","","","","","","","","96.4470419821365","96.4470419821365","96.4470419821365","96.4470419821365","96.4470419821365","96.4470419821365","96.4470419821365","96.4470419821365","96.4470419821365","96.4470419821365","96.5350771185367","96.6231395891967","96.7112293941167","96.7993465332965","96.8874910067362","96.9756628144358","97.0638619563953","97.1520884326146","97.2403422430939","97.328623387833","97.416931866832","97.5052676800909","97.5936308276096","97.6820213093883","97.6820213093883",
"United States","USA","People using at least basic drinking water services, rural (% of rural population)","SH.H2O.BASW.RU.ZS","","","","","","","","","","","","","","","","","","","","","","","","","","","","","","","","","","","","","","","","","","","","","","95.7006382644347","95.7006382644347","95.7006382644347","95.7006382644347","95.7006382644347","96.0331944293132","96.3657505941917","96.6983067590702","97.0308629239487","97.3634190888273","97.6959752537058","98.0285314185843","98.3610875834628","98.6936437483414","99.0261999132199","99.3587560780984","99.6913122429769","100","100","100",
"United States","USA","Mortality from CVD, cancer, diabetes or CRD between exact ages 30 and 70, male (%)","SH.DYN.NCOM.MA.ZS","","","","","","","","","","","","","","","","","","","","","","","","","","","","","","","","","","","","","","","","","21","20.7","20.5","20.2","19.5","19.2","18.7","18.3","18.1","17.8","17.5","17.2","17","16.9","16.8","16.8","16.7","16.4","16.2","15.8","16.4","16.4","","","",
"United States","USA","Mortality rate, under-5 (per 1,000 live births)","SH.DYN.MORT","30.1","29.5","28.9","28.3","27.7","27.1","26.4","25.7","24.9","24.1","23.2","22.4","21.5","20.6","19.7","18.8","17.9","17.1","16.3","15.6","15","14.4","13.9","13.4","13","12.7","12.4","12.1","11.9","11.6","11.2","10.9","10.5","10.1","9.8","9.5","9.2","8.9","8.7","8.6","8.4","8.3","8.2","8.1","8.1","8","7.9","7.7","7.6","7.5","7.3","7.2","7","6.9","6.8","6.8","6.7","6.6","6.5","6.5","6.5","6.5","6.5","6.5","",
"United States","USA","Probability of dying among adolescents ages 15-19 years (per 1,000)","SH.DYN.1519","","","","","","","","","","","","","","","","","","","","","","","","","","","","","","","4.3","4.3","4.3","4.3","4.3","4.1","3.9","3.7","3.6","3.5","3.4","3.4","3.3","3.3","3.3","3.2","3.2","3","2.9","2.7","2.5","2.4","2.3","2.3","2.3","2.4","2.4","2.5","2.6","2.7","2.8","3","3","2.8","",
"United States","USA","Cause of death, by non-communicable diseases (% of total)","SH.DTH.NCOM.ZS","","","","","","","","","","","","","","","","","","","","","","","","","","","","","","","","","","","","","","","","","87.8724532736615","","","","","","","","","","88.1043193118658","","","","","88.042831442106","","","","88.1449804799197","","","","","",
"United States","USA","Cause of death, by communicable diseases and maternal, prenatal and nutrition conditions (% of total)","SH.DTH.COMM.ZS","","","","","","","","","","","","","","","","","","","","","","","","","","","","","","","","","","","","","","","","","6.28301902548286","","","","","","","","","","5.69330817392815","","","","","5.65120332746147","","","","5.3020598009239","","","","","",
"United States","USA","Number of deaths ages 5-9 years","SH.DTH.0509","","","","","","","","","","","","","","","","","","","","","","","","","","","","","","","4076","4007","3950","3914","3889","3860","3811","3726","3602","3453","3291","3137","3006","2904","2824","2757","2692","2620","2548","2483","2430","2401","2405","2425","2448","2464","2467","2458","2446","2448","2462","2483","2502","2509","",
"United States","USA","Prevalence of anemia among children (% of children ages 6-59 months)","SH.ANM.CHLD.ZS","","","","","","","","","","","","","","","","","","","","","","","","","","","","","","","","","","","","","","","","","6.2","6.1","6","5.9","5.9","5.9","5.8","5.8","5.8","5.8","5.8","5.8","5.8","5.8","5.8","5.8","5.9","5.9","6","6.1","","","","","",
"United States","USA","Total alcohol consumption per capita, female (liters of pure alcohol, projected estimates, female 15+ years of age)","SH.ALC.PCAP.FE.LI","","","","","","","","","","","","","","","","","","","","","","","","","","","","","","","","","","","","","","","","","4.04","4.04","4.07","4.1","4.14","4.17","4.21","4.24","4.24","4.21","4.2","4.22","4.25","4.26","4.25","4.25","4.26","4.28","4.29","4.29","4.43","","","","",
"United States","USA","Women who believe a husband is justified in beating his wife when she goes out without telling him (%)","SG.VAW.GOES.ZS","","","","","","","","","","","","","","","","","","","","","","","","","","","","","","","","","","","","","","","","","","","","","","","","","","","","","","","","","","","","","","","","","",
"United States","USA","Proportion of time spent on unpaid domestic and care work, male (% of 24 hour day)","SG.TIM.UWRK.MA","","","","","","","","","","","","","","","","","","","","","","","","","","","","","","","","","","","","","","","","","","","","9.875","9.79167","9.66667","9.58333","9.95833","9.41667","9.75","9.875","9.66667","9.33333","9.70833","9.70833","9.75","9.79167","9.875","9.54167","9.66667","","10.125","10.08333","","",
"United States","USA","Women making their own informed decisions regarding sexual relations, contraceptive use and reproductive health care (% of women age 15-49)","SG.DMK.SRCR.FN.ZS","","","","","","","","","","","","","","","","","","","","","","","","","","","","","","","","","","","","","","","","","","","","","","","","","","","","","","","","","","","","","","","","","",
"United States","USA","Expenditure on tertiary education (% of government expenditure on education)","SE.XPD.TERT.ZS","","","","","","","","","","","","","","","","","","","","","","","","","","","","","","","","","","","","","","","","","","","","","","","","","","","","","","27.22716","27.50228","","","","","","","","","","",
"United States","USA","Expenditure on primary education (% of government expenditure on education)","SE.XPD.PRIM.ZS","","","","","","","","","","","","","","","","","","","","","","","","","","","","","","","","","","","","","","","","","","","","","","","","","","","","","","31.10906","30.96455","","","","","","","","","","",
"United States","USA","Current education expenditure, secondary (% of total expenditure in secondary public institutions)","SE.XPD.CSEC.ZS","","","","","","","","","","","","","","","","","","","","","","","","","","","","","","","","","","","","","","","","","","","","","","","","","","","","","","","","91.9320373535156","91.4302597045898","90.9884033203125","90.4928283691406","90.1177062988281","89.3844985961914","89.8548736572266","","","",
"United States","USA","School enrollment, tertiary, female (% gross)","SE.TER.ENRR.FE","","","","","","","","","","","","","","","","","","","","","","","","","","","","","","","","","","","","","","","","","","","","","","95.1901626586914","","","","","","","","103.112609863281","102.599388122559","102.747329711914","102.293800354004","102.011329650879","102.354042053223","102.425331115723","102.956741333008","101.710220336914","94.8502197265625","","",
"United States","USA","Educational attainment, at least completed short-cycle tertiary, population 25+, male (%) (cumulative)","SE.TER.CUAT.ST.MA.ZS","","","","","","","","","","","24.1399993896484","","","","","30.7700004577637","","","","35.8199996948242","36.1699981689453","36.810001373291","","","","","","","","","","","","","48.7200012207031","","","","34.0497095313078","34.9868221581392","35.2522599919757","35.7121141537968","36.2433123629912","36.6454200153167","37.8800010681152","36.4700012207031","37.2999992370605","38.006379327073","38.060001373291","38.0499992370605","38.3199996948242","39.3199996948242","40.1699981689453","40.7900009155273","40.8300018310547","41.1500015258789","42.310001373291","43.3115349207236","43.7900009155273","44.6951722384347","46.2900009155273","45.8285966023028","45.8899993896484","47.1489868232633","47.5505468861726",
"United States","USA","Educational attainment, at least Master's or equivalent, population 25+, female (%) (cumulative)","SE.TER.CUAT.MS.FE.ZS","","","","","","","","","","","","","","","","","","","","","","","","","","","","","","","","","","","6.02907869582622","6.23280108273327","6.38213112799068","6.56217931246386","6.99445465567787","7.21920045233234","7.36524940373993","7.69605249035583","7.908466776673","8.31036959204402","8.52610582285916","8.80757299493989","9.07697321450569","9.28710535649548","9.6456505304679","9.91062258140408","10.2301932882782","10.5982342638806","10.7907483511758","11.210000038147","11.6199998855591","11.9899997711182","12.6499996185303","12.8328204108538","13.2399997711182","13.8086492039241","14.4799995422363","14.771293996868","15.0600004196167","15.4240372412616","15.7747228683977",
"United States","USA","Educational attainment, at least Bachelor's or equivalent, population 25+, total (%) (cumulative)","SE.TER.CUAT.BA.ZS","","","","","","","","","","","","","","","","","","","","","","","","","","","","","","","","","","","22.5114912460667","23.1610209652629","23.7563569347269","24.1817557730023","24.8992515998925","25.607379017249","25.871996968313","26.2660135830579","26.8990001359402","27.470244377619","27.7378357639175","27.9080910965083","28.4415736430702","29.1170692702114","29.5267774375668","29.7172554260736","29.9961309081733","30.4181560751516","31.0561865240495","31.6599998474121","31.9599990844727","32.5","33.439998626709","32.0158805847168","34.9900016784668","36.0551531503778","37.5200004577637","35.0492286682129","37.6599998474121","38.601131439209","39.0294779820448",
"United States","USA","Adolescents out of school, male (% of male lower secondary school age)","SE.SEC.UNER.LO.MA.ZS","","","","","","","","","","","","","","","","","","","","","","","","","","","","","","","","","","","","","","","","","","","","","","","","","","","","","","","","","","","","","","","1.22965002059937","","",
"United States","USA","Secondary education, teachers","SE.SEC.TCHR","","","","","","","","","","","","","1003000","","","","","","","","","","","","","","","","","","","","","1320775","1341314","1369314","1394080","","1464242","","","","","","","","","","","","","","","","1638605.75","1661375","1682911.25","1694959","1725546.625","1705071","1732822.5","1725281","1737205.75","1742428","",
"United States","USA","Net bilateral aid flows from DAC donors, Czechia (current US$)","DC.DAC.CZEL.CD","","","","","","","","","","","","","","","","","","","","","","","","","","","","","","","","","","","","","","","","","","","","","","","","","","","","","","","","","","","","","","","","","",
"United States","USA","Net bilateral aid flows from DAC donors, Belgium (current US$)","DC.DAC.BELL.CD","","","","","","","","","","","","","","","","","","","","","","","","","","","","","","","","","","","","","","","","","","","","","","","","","","","","","","","","","","","","","","","","","",
"United States","USA","Stocks traded, total value (% of GDP)","CM.MKT.TRAD.GD.ZS","","","","","","","","","","","","","","","","8.14770455764839","9.25162217387313","7.96771680246092","9.60384827515235","10.3470287169537","14.3427360098162","12.9639783214496","15.196646678364","21.9349082205525","27.4523808993086","33.8508898061042","47.6396351583785","59.2551370021719","37.5274470928521","41.5055888598584","34.0776006750801","34.7482522694799","38.8086241686958","50.0748378777525","50.0703434059224","67.7853526339674","86.2800785123772","108.020836783362","135.777155910338","195.362722599304","290.529673047955","197.351334265243","156.031522139209","140.052935654702","156.362623479894","197.805028654262","221.357059349745","296.061237544901","319.877794929994","236.954184767403","239.387755097641","263.117067723014","199.024980923079","197.392842447832","222.080547269849","227.389073971395","225.039211350828","204.267566460686","238.947637823649","169.974999633926","195.088022164129","196.757396621236","173.076167486492","136.534444336926","148.169705648382",
"United States","USA","Market capitalization of listed domestic companies (current US$)","CM.MKT.LCAP.CD","","","","","","","","","","","","","","","","703800000000","883100000000","834238000000","861961000000","993590900000","1359797800000","1263560700000","1456865200000","1809034400000","1602159700000","2300857900000","2537942200000","2531767700000","2779940700000","3382233600000","3093448500000","4159595200000","4545844000000","5251079630000","5137739860000","6952026000000","8480497000000","10770143000000","12922580000000","14777387400000","15107751000000","13983666000000","11054430000000","14266265650000","16323726330000","17000864470000","19568972500000","19922279820000","11590277780000","15077285740000","17283451680000","15640707040000","18668333210000","24034853520000","26330589190000","25067539600000","27352200720000","32120702650000","30436313050000","34085727370000","41569861770000","48548538120000","40297980320000","48979397700000","62185685320000",
"United States","USA","Control of Corruption: Percentile Rank, Lower Bound of 90% Confidence Interval","CC.PER.RNK.LOWER","","","","","","","","","","","","","","","","","","","","","","","","","","","","","","","","","","","","","84.4085998535156","","84.4919815063477","","85.1063842773438","","91.0052947998047","90.476188659668","91.625617980957","88.2926864624023","82.4390258789062","83.4951477050781","83.980583190918","80.3827743530273","80.9523773193359","80.0947875976562","83.4123229980469","81.0426559448242","82.6923065185547","81.9047622680664","81.4285736083984","81.9047622680664","81.4285736083984","80","78.5714263916016","77.1428604125977","79.2452850341797","78.7735824584961","",
"United States","USA","Personal remittances, received (% of GDP)","BX.TRF.PWKR.DT.GD.ZS","","","","","","","","","","","","","","","","","","0.00960695082105805","0.00935533651783318","0.00875412442960219","0.00279983914924088","0.00249451129561487","0.00239249545949221","0.00220140791042912","0.00198136869482043","0.00184375172131508","0.0198269249203702","0.0204728317901473","0.0190014662638992","0.0180800414068399","0.0196205223284898","0.0211103080172565","0.0275446308137613","0.0265361863913396","0.0266630585313828","0.0285218794491809","0.0270155709278269","0.0264644195659695","0.0268900903193909","0.0440860043066343","0.0428740834631706","0.0426481756766949","0.0418149214745672","0.0407805493475197","0.0387486710186017","0.0367737307255354","0.0366832044058299","0.0360571934808977","0.0363172078724272","0.0396461821808818","0.0394047047028826","0.0391288870669506","0.0387782131703568","0.0392621564568635","0.0370526950267928","0.0361309046802651","0.0338591199244413","0.0325865910055647","0.0338040258424814","0.0329685602788545","0.0324161750844288","0.0304223696836328","0.0299279250881351","0.0307780574276945","0.0303016009637605",
"United States","USA","Portfolio equity, net inflows (BoP, current US$)","BX.PEF.TOTL.CD.WD","","","","","","","","","","","700000000","840000000","2430000000","2760000000","250000000","3050000000","860000000","1320000000","1310000000","1050000000","4240000000","4820000000","3310000000","5985000000","-1280000000","4330000000","17898000000","15025000000","-2877000000","8990000000","-15960000000","10420000000","-5610000000","20940000000","890000000","16523000000","11057000000","67033000000","41958000000","112289000000","193600000000","121464000000","54067000000","33982000000","61787000000","89258000000","145481000000","275617000000","126805000000","219303000000","178953000000","123357000000","239066000000","-62642000000","154312000000","-187306000000","-139701000000","149634000000","156916000000","-291427000000","687416000000","-53068000000","2586000000","45460000000","305897000000",
"United States","USA","Transport services (% of service exports, BoP)","BX.GSR.TRAN.ZS","","","","","","","","","","","32.0524017467249","30.390625","31.9850187265918","31.9835680751174","32.5950890707752","29.5327903986284","28.8252356780276","27.2113219684786","27.4471086036671","31.2119347021604","29.9474237644585","27.353711790393","24.1756524456946","25.241357832451","25.1427285766516","26.1174120640827","24.3866711265413","24.5190650909165","25.6881395663346","24.6814535158093","25.388881374273","23.54803360526","21.6207341492051","20.7809112962654","20.4431248284638","20.6708243420182","19.5244556708348","18.7869250623797","17.4884974140588","16.6552157037666","16.5963700788194","16.182978738386","15.9519404010984","15.6847532201454","15.7948202950626","15.4236571639938","15.1328571496102","14.2911039466729","14.4673533164445","12.5952708160273","13.1189169222311","12.8645863225935","12.8851000697992","12.5101471193301","11.979129515884","10.9742228714991","10.4384565308962","10.3100637274276","10.7306020275036","10.1289548240984","7.77708013077273","8.16410336634825","9.49640138336432","9.29263449991627","8.86916209714708",
"United States","USA","Goods exports (BoP, current US$)","BX.GSR.MRCH.CD","","","","","","","","","","","42450000000","43310000000","49380000000","71410000000","98310000000","107090000000","114740000000","120810000000","142075000000","184439000000","224238000000","237045000000","211177000000","201798000000","219933000000","215917000000","223342000000","250210000000","320228000000","359923000000","387398000000","414077000000","439631000000","456943000000","502859000000","575204000000","612113000000","678366000000","670416000000","698524000000","784939000000","731331000000","698036000000","730445000000","823584000000","913016000000","1040905000000","1165153000000","1308794000000","1070330000000","1290279000000","1498887000000","1562631000000","1593708000000","1635563000000","1511383000000","1457394000000","1557004000000","1676914000000","1655099000000","1433850000000","1765854000000","2095575000000","2047455000000","2079775000000",
"United States","USA","Communications, computer, etc. (% of service exports, BoP)","BX.GSR.CMCP.ZS","","","","","","","","","","","46.8995633187773","49.0625","45.6928838951311","47.0070422535211","47.1834376504574","49.4213459065581","49.6374184191443","52.3962688967514","51.6502115655853","43.57644477522","44.5846477392219","42.3406113537118","48.6638537271449","49.1279975085643","42.424838990916","41.0709643878347","40.5979307719812","40.7279398349922","38.643105080467","37.966021708353","37.3799540105505","38.6338731279679","39.4593490591107","39.5071835448145","41.5786821028469","41.4113589393822","42.2100494749807","42.7313515012125","44.7099521629428","32.8136634567999","31.5764219540103","33.3116222410776","34.5713898888769","35.2148722857575","35.2348223848237","35.4442653702872","36.14395182067","35.8963236747919","35.2012796094602","37.1719832024775","34.9086410844522","35.3663663058096","34.7758979705675","34.169520833565","33.2775906479096","33.03730294787","32.5171361831944","32.5801548229018","32.0211186767289","33.1573965207893","38.2032552449824","37.9971792289567","35.9255143477313","34.8986436380164","34.9859075755565",
"United States","USA","Grants, excluding technical cooperation (BoP, current US$)","BX.GRT.EXTA.CD.WD","","","","","","","","","","","","","","","","","","","","","","","","","","","","","","","","","","","","","","","","","","","","","","","","","","","","","","","","","","","","","","","","","",
"United States","USA","Portfolio investment, net (BoP, current US$)","BN.KLT.PTXL.CD","","","","","","","","","","","-1170000000","-8830000000","-13450000000","-4150000000","110000000","-4900000000","-3970000000","-24040000000","-7100000000","-670000000","-10580000000","-15450000000","-9510000000","-1745000000","-24960000000","-68540000000","-81506000000","-61675000000","-65873000000","-73643000000","6761000000","-11863000000","-22810000000","35247000000","-76220000000","-87957800000","-183464600000","-216257900000","-57361000000","-137690000000","-282253000000","-324573000000","-424623000000","-417105000000","-675384000000","-564748000000","-633367000000","-775806000000","-807954000000","18530000000","-620815000000","-226262000000","-498258000000","-30689000000","-114932000000","-106755000000","-193776000000","-250083000000","78785000000","-244920000000","-540192000000","97439000000","-438343000000","-1184102000000","-961053000000",
"United States","USA","Net trade in goods and services (BoP, current US$)","BN.GSR.GNFS.CD","","","","","","","","","","","-610000000","-5040000000","-10120000000","-1140000000","-6400000000","9970000000","-6820000000","-27640000000","-30167000000","-24966700000","-18953000000","-15680000000","-23537000000","-57135000000","-108277000000","-121102000000","-138527000000","-151675000000","-114660000000","-93126000000","-80852000000","-31180000000","-39207100000","-70311000000","-98511000000","-96387000000","-104035000000","-108288000000","-166130000000","-255813000000","-369689000000","-360373000000","-420666000000","-496251000000","-610833000000","-716537000000","-763533000000","-711000000000","-712352000000","-394779000000","-503078000000","-554517000000","-525907000000","-446857000000","-483951000000","-490773000000","-479461000000","-516935000000","-577496000000","-559272000000","-646043000000","-837273000000","-923733000000","-774217000000","-903539000000",
"United States","USA","Current account balance (BoP, current US$)","BN.CAB.XOKA.CD","","","","","","","","","","","2620000000","-980000000","-5260000000","7580000000","1700000000","17880000000","3840000000","-15100000000","-15747000000","-156700000","2127000000","4810000000","-11607000000","-44222000000","-99008000000","-124455000000","-147174000000","-160647000000","-121258000000","-99506000000","-78952000000","2851000000","-51605050000","-84782800000","-121642400000","-113561000000","-124727100000","-140724500000","-215037000000","-286622000000","-401928000000","-394079000000","-456109000000","-522297000000","-635887000000","-749230000000","-816642000000","-736554000000","-696526000000","-379736000000","-432002000000","-455297000000","-418112000000","-339455000000","-369978000000","-408447000000","-396219000000","-367614000000","-438989000000","-441962000000","-593504000000","-858634000000","-993142000000","-928017000000","-1185294000000",
"United States","USA","Foreign direct investment, net outflows (BoP, current US$)","BM.KLT.DINV.CD.WD","","","","","","","","","","","6490000000","5620000000","7330000000","9340000000","5160000000","13730000000","11320000000","11280000000","14370000000","24720000000","19040000000","10110000000","7774000000","8770000000","12820000000","3680000000","19524000000","39797000000","21701000000","50980000000","59940000000","49270000000","58770000000","82800000000","89990000000","110060000000","103020000000","121380000000","174760000000","247485000000","186370000000","146041000000","178985000000","195218000000","374004000000","52591000000","283801000000","523890000000","343583000000","312597000000","349828000000","436616000000","377240000000","392796000000","387529000000","302071000000","299815000000","409413000000","-130720000000","114927000000","282331000000","342151000000","388847000000","351085000000","322167000000",
"United States","USA","Charges for the use of intellectual property, payments (BoP, current US$)","BM.GSR.ROYL.CD","","","","","","","","","","","220000000","240000000","300000000","400000000","360000000","480000000","500000000","510000000","670000000","850000000","730000000","650000000","800000000","940000000","1170000000","1170000000","1401000000","1857000000","2601000000","2530000000","3140000000","4040000000","5162000000","5032000000","5852000000","6919000000","7837000000","9161000000","11235000000","12845000000","16139000000","16207000000","18981000000","18652000000","22818000000","24126000000","23075000000","24615000000","27764000000","29421000000","31115000000","32912000000","35061000000","35294000000","37562000000","35178000000","41974000000","44406000000","43291000000","43280000000","45483000000","48199000000","59417000000","52601000000","54037000000",
"United States","USA","Imports of goods and services (BoP, current US$)","BM.GSR.GNFS.CD","","","","","","","","","","","54510000000","61150000000","72850000000","89590000000","125480000000","120450000000","149140000000","179540000000","207692000000","248237000000","290741000000","309975000000","298704000000","323153000000","399324000000","410112000000","448568000000","500547000000","545803000000","580189000000","616110000000","609517000000","656080000000","713165000000","801765000000","890784000000","955663000000","1042747000000","1099313000000","1232334000000","1452651000000","1375737000000","1406761000000","1524431000000","1778954000000","2008043000000","2227524000000","2371811000000","2561936000000","1987567000000","2375402000000","2698073000000","2773360000000","2759981000000","2876564000000","2771559000000","2720285000000","2911412000000","3122078000000","3113368000000","2818885000000","3421343000000","3982178000000","3866747000000","4136061000000",
"United States","USA","Cereal yield (kg per hectare)","AG.YLD.CREL.KG","","2522.3","2683.1","2800.6","2639.3","3040.8","3016.7","3161.2","3212.8","3464.3","3154.9","3725.6","3908.2","3683.2","2997.5","3461.3","3533","3683.2","4109.8","4426.2","3771.9","4256.7","4370.6","3535.9","4374.1","4763.3","4698.9","4735.4","3706.9","4473.9","4755.1","4507.6","5357.8","4298.8","5560","4644.8","5175.3","5275.3","5676.5","5736.5","5854.3","5891.1","5546.8","6023.7","6851.1","6450.7","6400.4","6704.4","6598.3","7226.2","6978.1","6803.5","5911.9","7300.9","7638.1","7430.1","8614.2","8281.3","8196","8005.5","8144.7","8246.2","8065.5","8329.7","",
"United States","USA","Crop production index (2014-2016 = 100)","AG.PRD.CROP.XD","","36.93","37.22","38.74","37.25","40.79","40.11","42.49","43.83","44.41","42.23","48.37","47.97","51.46","47.01","53.42","53.31","57.8","58.57","65.02","58.63","67.43","68.07","49.92","64.45","68.72","62.73","62.65","53.22","62.81","67.17","65.11","73.53","62.86","78.65","67.22","74.56","78.1","77.55","77.8","79.88","77.73","74.57","77.93","87.3","84.04","80.84","86.81","86.09","89.74","89.55","87","85.99","92.94","97.81","95.48","106.71","100.53","100.21","93.68","98.43","101","92.96","","",
"United States","USA","Land area (sq. km)","AG.LND.TOTL.K2","","9158960","9158960","9158960","9158960","9158960","9158960","9158960","9158960","9158960","9158960","9158960","9158960","9158960","9158960","9158960","9158960","9158960","9158960","9158960","9158960","9158960","9158960","9158960","9158960","9158960","9158960","9158960","9158960","9158960","9158960","9158960","9158960","9158960","9158960","9158960","9158960","9158960","9158960","9158960","9161920","9161920","9161920","9161920","9161920","9161920","9161920","9161920","9147420","9147420","9147420","9147420","9147420","9147420","9147420","9147420","9147420","9147420","9147420","9147420","9147420","9147420","9147420","9147420","",
"United States","USA","Forest area (sq. km)","AG.LND.FRST.K2","","","","","","","","","","","","","","","","","","","","","","","","","","","","","","","3024500","3025586","3026672","3027758","3028844","3029930","3031016","3032102","3033188","3034274","3035360","3040544","3045728","3050912","3056096","3061280","3066464","3071648","3076832","3082016","3087200","3089950","3092700","3095450","3098200","3100950","3100950","3097950","3097950","3097950","3097950","3097950","3097950","3097950","",
"United States","USA","Rural land area where elevation is below 5 meters (% of total land area)","AG.LND.EL5M.RU.ZS","","","","","","","","","","","","","","","","","","","","","","","","","","","","","","","1.41284602993651","","","","","","","","","","1.40731248879974","","","","","","","","","","","","","","","1.40035340444975","","","","","","","","","",
"United States","USA","Arable land (% of land area)","AG.LND.ARBL.ZS","","19.7216714561479","19.3357106046975","19.6063745228716","19.43080873811","19.3253382480107","19.1839466489645","19.0509621179697","19.7620690558753","20.6621712508844","20.6065972555836","20.5416335479137","20.4766698402439","20.4226244027706","20.3595168010342","20.3595168010342","20.3595168010342","20.3682514171915","20.6087809096229","20.6087809096229","20.6087809096229","20.6087809096229","20.5006900346764","20.5006900346764","20.5006900346764","20.5006900346764","20.5006900346764","20.2798134285989","20.2798134285989","20.2747473512277","20.2696812738564","20.2646151964852","20.085293526776","19.9457143605824","19.8523194773206","19.8472533999493","19.532872727908","19.3952588503498","19.301754784386","19.1641409068278","19.1528849848067","19.151313261849","18.8799945862876","18.6342900833013","18.3928163529042","18.1487285416157","17.9130815374943","17.6588154011386","17.5380978571007","17.3860510613922","17.2358768155392","17.0864234286826","16.9341433431503","16.9903285735213","17.0496535963146","17.103561900514","17.154019176992","17.2100806566223","17.0873260438462","16.9548167680067","16.8248090718476","16.6944952784501","16.5679749153313","16.5689915954444","",
"United States","USA","Agricultural land (sq. km)","AG.LND.AGRI.K2","","4475090","4439910","4414430","4390120","4358730","4355500","4353070","4357950","4354470","4393332","4370099","4346866","4324633","4301580","4301580","4301580","4303310","4281630","4281630","4281630","4281630","4313990","4313990","4313990","4313990","4313990","4269480","4269480","4269480","4269480","4269480","4254290","4229480","4211390","4201390","4163060","4148850","4145880","4138870","4143990","4149440","4130640","4130227.2","4129814.4","4129401.6","4128988.8","4128576","4148808.236","4169040.472","4189272.707","4209504.943","4229737.179","4238275.828","4246814.477","4255353.125","4263891.774","4272430.423","4261025.073","4249619.723","4238214.373","4226809.024","4215403.674","4215403.674","",
"United States","USA","Domestic private health expenditure per capita (current US$)","SH.XPD.PVTD.PC.CD","","","","","","","","","","","","","","","","","","","","","","","","","","","","","","","","","","","","","","","","","2530.02029363","2680.04443273","2919.66314965","3154.18878112","3313.85819314","3505.11825317","3652.42312395","3838.67870283","3867.20567319","3914.66861495","3999.50199765","4077.13760361","4226.37726613","4246.64186311","4328.61092216","4471.4773735","4646.70101429","4786.72169257","4926.95899742","5068.21409149","5017.44792755","5381.40800033","5641.740261","6203.90207115","",
"United States","USA","Out-of-pocket expenditure (% of current health expenditure)","SH.XPD.OOPC.CH.ZS","","","","","","","","","","","","","","","","","","","","","","","","","","","","","","","","","","","","","","","","","15.11737442","14.41595078","14.32717609","14.1500597","13.973526","13.9126749","13.67793274","13.59674549","13.35935974","12.64764786","12.36788654","12.32011318","12.33532524","12.28278923","11.9760685","11.75374031","11.62600517","11.34881878","11.32081032","11.30872917","10.06959915","10.72964573","10.96877766","10.92723846","",
"United States","USA","Domestic general government health expenditure (% of GDP)","SH.XPD.GHED.GD.ZS","","","","","","","","","","","","","","","","","","","","","","","","","","","","","","","","","","","","","","","","","5.54275799","5.96832943","6.32602119","6.52382708","6.60953903","6.63018513","6.81126356","6.91318035","7.22217178","7.87214708","7.93023777","7.93057156","7.87408161","7.89930439","8.19843483","8.43071175","8.55800343","8.53016281","8.5214138","8.59688473","10.54044342","9.62210751","9.11976719","9.00711727","",
"United States","USA","External health expenditure (% of current health expenditure)","SH.XPD.EHEX.CH.ZS","","","","","","","","","","","","","","","","","","","","","","","","","","","","","","","","","","","","","","","","","0","0","0","0","0","0","0","0","0","0","0","0","0","0","0","0","0","0","0","0","0","0","0","0","",
"United States","USA","Newborns protected against tetanus (%)","SH.VAC.TTNS.ZS","","","","","","","","","","","","","","","","","","","","","","","","","","","","","","","","","","","","","","","","","","","","","","","","","","","","","","","","","","","","","","","","","",
"United States","USA","Prevalence of severe wasting, weight for height (% of children under 5)","SH.SVR.WAST.ZS","","","","","","","","","","","","","","","","","","","","","","","","","","","","","","","","0.1","","","","","","","","","0.1","","0","","0","","0.2","","0.1","","0","","0","","0","","0.1","","0","","","","","","",
"United States","USA","Prevalence of wasting, weight for height, male (% of children under 5)","SH.STA.WAST.MA.ZS","","","","","","","","","","","","","","","","","","","","","","","","","","","","","","","","0.6","","","","","","","","","0.9","","0.5","","0.6","","0.6","","0.8","","0.2","","0.2","","0.6","","0.7","","0.2","","","","","","",
"United States","USA","Suicide mortality rate (per 100,000 population)","SH.STA.SUIC.P5","","","","","","","","","","","","","","","","","","","","","","","","","","","","","","","","","","","","","","","","","11.17","11.55","11.87","11.76","11.92","11.83","11.96","12.31","12.65","12.82","13.2","13.44","13.67","13.7","14.1","14.42","14.63","15.19","15.44","15.11","14.96","15.63","","","",
"United States","USA","Prevalence of stunting, height for age (modeled estimate, % of children under 5)","SH.STA.STNT.ME.ZS","","","","","","","","","","","","","","","","","","","","","","","","","","","","","","","","","","","","","","","","","3.1","3","2.9","2.8","2.7","2.6","2.6","2.6","2.5","2.5","2.5","2.5","2.5","2.6","2.7","2.8","2.9","3","3.1","3.2","3.4","3.6","3.8","4","4.2",
"United States","USA","Prevalence of stunting, height for age, female (% of children under 5)","SH.STA.STNT.FE.ZS","","","","","","","","","","","","","","","","","","","","","","","","","","","","","","","","3.1","","","","","","","","","2.6","","2","","2.8","","1.5","","1.5","","2.8","","1.3","","2.2","","2.5","","4.1","","","","","","",
"United States","USA","Mortality rate attributed to unintentional poisoning, male (per 100,000 male population)","SH.STA.POIS.P5.MA","","","","","","","","","","","","","","","","","","","","","","","","","","","","","","","","","","","","","","","","","0.47","0.47","0.5","0.5","0.46","0.5","0.48","0.5","0.57","0.53","0.53","0.55","0.48","0.53","0.56","0.55","0.64","0.63","0.65","0.69","0.64","0.7","","","",
"United States","USA","Prevalence of overweight, weight for height (modeled estimate, % of children under 5)","SH.STA.OWGH.ME.ZS","","","","","","","","","","","","","","","","","","","","","","","","","","","","","","","","","","","","","","","","","7.7","7.7","7.8","7.9","7.9","8","8","8.1","8.1","8.1","8.1","8.2","8.2","8.3","8.3","8.4","8.4","8.5","8.6","8.8","8.9","9.1","9.2","9.4","9.7",
"United States","USA","Prevalence of overweight, weight for height, female (% of children under 5)","SH.STA.OWGH.FE.ZS","","","","","","","","","","","","","","","","","","","","","","","","","","","","","","","","5.9","","","","","","","","","7.2","","6.9","","10.8","","7.9","","7.6","","7","","7.2","","8.6","","8.2","","5.7","","","","9.4","","",
"United States","USA","People practicing open defecation, urban (% of urban population)","SH.STA.ODFC.UR.ZS","","","","","","","","","","","","","","","","","","","","","","","","","","","","","","","","","","","","","","","","","0","0","0","0","0","0","0","0","0","0","0","0","0","0","0","0","0","0","0","0","0","0","0","0","0",
"United States","USA","Prevalence of underweight, weight for age (% of children under 5)","SH.STA.MALN.ZS","","","","","","","","","","","","","","","","","","","","","","","","","","","","","","","","0.8","","","","","","","","","1.1","","0.8","","1.3","","0.7","","0.7","","1","","0.5","","0.7","","1.4","","0.4","","","","","","",
"United States","USA","People with basic handwashing facilities including soap and water, urban (% of urban population)","SH.STA.HYGN.UR.ZS","","","","","","","","","","","","","","","","","","","","","","","","","","","","","","","","","","","","","","","","","","","","","","","","","","","","","","","","","","","","","","","","","",
"United States","USA","Low-birthweight babies (% of births)","SH.STA.BRTW.ZS","","","","","","","","","","","","","","","","","","","","","","","","","","","","","","","","","","","","","","","","","7.851919544","7.869446111","7.892237199","7.915150401","7.939252022","7.962401822","7.992239713","8.024365724","8.058305899","8.093629967","8.11935549","8.139692811","8.154076742","8.166343934","8.176389089","8.184871218","8.194632519","8.203899617","8.218922149","8.238229513","8.261421513","","","","",
"United States","USA","People using at least basic sanitation services, urban (% of urban population)","SH.STA.BASS.UR.ZS","","","","","","","","","","","","","","","","","","","","","","","","","","","","","","","","","","","","","","","","","99.8390133333558","99.8390133333558","99.8390133333558","99.8390133333558","99.8390133333558","99.8390133333558","99.8390133333558","99.8390133333558","99.8390133333558","99.8390133333558","99.8403843476854","99.841755362015","99.8431263763446","99.8444973906742","99.8458684050038","99.8472394193334","99.848610433663","99.8499814479926","99.8513524623222","99.8527234766518","99.8540944909814","99.855465505311","99.8568365196406","99.8582075339702","99.8582075339702",
"United States","USA","Mortality rate attributed to household and ambient air pollution, age-standardized (per 100,000 population)","SH.STA.AIRP.P5","","","","","","","","","","","","","","","","","","","","","","","","","","","","","","","","","","","","","","","","","","","","","","","","","","","","","","","","","","","","14.2","","","","","",
"United States","USA","Risk of impoverishing expenditure for surgical care (% of people at risk)","SH.SGR.IRSK.ZS","","","","","","","","","","","","","","","","","","","","","","","","","","","","","","","","","","","","","","","","","","","","0.5","0.4","0.5","0.5","0.4","0.4","0.4","0.3","0.4","0.4","0.4","0.5","0.4","0.4","0.4","0.4","0.4","0.3","0.2","0.2","","",
"United States","USA","Prevalence of current tobacco use (% of adults)","SH.PRV.SMOK","","","","","","","","","","","","","","","","","","","","","","","","","","","","","","","","","","","","","","","","","31.5","","","","","29.6","","29","","","27.9","","","","","26.3","","","","","24.9","24.7","24.3","","",
"United States","USA","Number of maternal deaths","SH.MMR.DTHS","","","","","","","","","","","","","","","","","","","","","","","","","","420","430","440","460","480","490","480","460","460","450","440","430","420","430","450","480","500","510","530","530","540","560","570","580","600","580","600","620","630","660","680","700","690","670","660","820","1100","750","610","",
"United States","USA","Specialist surgical workforce (per 100,000 population)","SH.MED.SAOP.P5","","","","","","","","","","","","","","","","","","","","","","","","","","","","","","","","","","","","","","","","","","","","","","","","","","","","64.56","","","","54.71","","","","","","","","","",
"United States","USA","Hospital beds (per 1,000 people)","SH.MED.BEDS.ZS","9.19999980926514","","","","","8.80000019073486","","","","","7.90000009536743","7.5","7.40000009536743","7.19999980926514","7.09999990463257","6.80000019073486","6.59999990463257","6.40000009536743","6.19999980926514","6.09999990463257","6","5.90000009536743","5.90000009536743","5.80000019073486","5.69999980926514","5.5","5.40000009536743","5.19999980926514","5.09999990463257","5","4.9000000954","4.8000001907","4.5999999046","4.5","4.3000001907","4.0999999046","3.9000000954","3.7999999523","3.7000000477","3.5999999046","3.49","3.47","3.4","3.33","3.26","3.2","3.17","3.13","3.12","3.07","3.03","2.94","2.9","2.86","2.79","2.75","2.72","2.8","2.76","2.72","2.71","2.7","2.68","","",
"United States","USA","Antiretroviral therapy coverage for PMTCT (% of pregnant women living with HIV)","SH.HIV.PMTC.ZS","","","","","","","","","","","","","","","","","","","","","","","","","","","","","","","","","","","","","","","","","","","","","","","","","","","","","","","","","","","","","","","","","",
"United States","USA","Incidence of HIV, all (per 1,000 uninfected population)","SH.HIV.INCD.TL.P3","","","","","","","","","","","","","","","","","","","","","","","","","","","","","","","","","","","","","","","","","","","","","","","","","","","","","","","","","","","","","","","","","",
"United States","USA","Antiretroviral therapy coverage (% of people living with HIV)","SH.HIV.ARTC.ZS","","","","","","","","","","","","","","","","","","","","","","","","","","","","","","","","","","","","","","","","","","","","","","","","","","","","","","","","","","","","","","","","","",
"United States","USA","People using safely managed drinking water services (% of population)","SH.H2O.SMDW.ZS","","","","","","","","","","","","","","","","","","","","","","","","","","","","","","","","","","","","","","","","","","","","","","95.355088514175","95.3643930826933","95.3736387116545","95.3828332115417","95.3919740898134","95.5578903758392","95.7230928938337","95.8873856789804","96.050805552546","96.2132629086569","96.3747156560664","96.5350702012036","96.6943498319154","96.8524248605791","97.0093306324818","97.1649564638787","97.3193057406534","97.4683905274108","97.5661860919937","97.5676884437325",
"United States","USA","People using at least basic drinking water services, urban (% of urban population)","SH.H2O.BASW.UR.ZS","","","","","","","","","","","","","","","","","","","","","","","","","","","","","","","","","","","","","","","","","99.69965668839","99.69965668839","99.69965668839","99.69965668839","99.69965668839","99.69965668839","99.69965668839","99.69965668839","99.69965668839","99.69965668839","99.7194372463949","99.7392178043998","99.7589983624047","99.7787789204096","99.7985594784146","99.8183400364195","99.8381205944244","99.8579011524293","99.8776817104343","99.8974622684392","99.9172428264441","99.937023384449","99.956803942454","99.9765845004589","99.9765845004589",
"United States","USA","Mortality from CVD, cancer, diabetes or CRD between exact ages 30 and 70 (%)","SH.DYN.NCOM.ZS","","","","","","","","","","","","","","","","","","","","","","","","","","","","","","","","","","","","","","","","","17.8","17.4","17.2","16.9","16.3","16","15.6","15.2","15.1","14.8","14.5","14.3","14.2","14","13.9","14","13.9","13.7","13.5","13.2","13.6","13.7","","","",
"United States","USA","Mortality rate, under-5, female (per 1,000 live births)","SH.DYN.MORT.FE","26.2","25.8","25.2","24.7","24.3","23.7","23.1","22.4","21.7","21.1","20.4","19.6","18.7","18","17.2","16.6","15.9","15.1","14.4","13.8","13.3","12.8","12.3","11.9","11.6","11.2","10.9","10.8","10.6","10.3","9.9","9.6","9.3","9","8.8","8.5","8.2","8","7.9","7.7","7.6","7.5","7.4","7.2","7.2","7.1","7.1","7","6.9","6.7","6.6","6.5","6.4","6.3","6.2","6.1","6","5.9","5.9","5.9","5.9","5.9","5.9","5.9","",
"United States","USA","Probability of dying among youth ages 20-24 years (per 1,000)","SH.DYN.2024","","","","","","","","","","","","","","","","","","","","","","","","","","","","","","","5.5","5.5","5.4","5.4","5.4","5.3","5.1","4.9","4.8","4.7","4.6","4.7","4.7","4.8","4.8","4.9","4.9","4.8","4.7","4.5","4.3","4.2","4.2","4.2","4.3","4.4","4.6","4.7","4.8","4.9","5.1","5.3","5.2","4.8","",
"United States","USA","Number of neonatal deaths","SH.DTH.NMRT","","","","","","","","","","57858","58458","53774","46740","42355","40293","38173","36276","35313","33096","32265","31418","30208","29395","28082","27210","26730","25786","25205","24844","24562","24048","22896","21855","20848","19999","19238","18736","18323","18252","18139","18352","18178","18156","18386","18343","18194","18361","18252","17726","17023","16323","16014","15950","15809","15760","15425","15078","14696","14408","14046","13263","13028","12910","12320","",
"United States","USA","Number of infant deaths","SH.DTH.IMRT","112642","110897","107432","102896","98978","93218","86545","81350","77595","76067","75902","72567","65153","58695","55252","52703","50285","49202","48133","47053","46441","45168","43847","42424","41039","40387","39724","39081","38923","38945","38705","37536","35728","33876","32135","30625","29445","28580","28099","27861","27846","27702","27304","27240","27297","27268","27500","27681","27214","26250","25110","24191","23663","23266","23070","22914","22546","21979","21380","20934","20356","20078","20379","20317","",
"United States","USA","Number of deaths ages 10-14 years","SH.DTH.1014","","","","","","","","","","","","","","","","","","","","","","","","","","","","","","","4498","4576","4636","4677","4679","4640","4570","4469","4364","4273","4202","4137","4061","3964","3839","3674","3495","3323","3174","3059","2990","2957","2952","2975","3020","3077","3155","3258","3364","3465","3544","3598","3637","3662","",
"United States","USA","Prevalence of anemia among non-pregnant women (% of women ages 15-49)","SH.ANM.NPRG.ZS","","","","","","","","","","","","","","","","","","","","","","","","","","","","","","","","","","","","","","","","","7.7","7.5","7.5","7.6","7.7","7.9","8.2","8.6","9","9.4","9.8","10.3","10.6","11","11.3","11.5","11.8","12","12.2","12.6","13.1","13.6","14.3","15.1","",
"United States","USA","Total alcohol consumption per capita (liters of pure alcohol, projected estimates, 15+ years of age)","SH.ALC.PCAP.LI","","","","","","","","","","","","","","","","","","","","","","","","","","","","","","","","","","","","","","","","","9.05","9.05","9.11","9.17","9.24","9.3","9.37","9.43","9.44","9.37","9.34","9.39","9.47","9.5","9.47","9.49","9.51","9.55","9.57","9.57","9.9","","","","",
"United States","USA","Women who believe a husband is justified in beating his wife when she neglects the children (%)","SG.VAW.NEGL.ZS","","","","","","","","","","","","","","","","","","","","","","","","","","","","","","","","","","","","","","","","","","","","","","","","","","","","","","","","","","","","","","","","","",
"United States","USA","Proportion of women subjected to physical and/or sexual violence in the last 12 months (% of ever-partnered women ages 15-49)","SG.VAW.1549.ZS","","","","","","","","","","","","","","","","","","","","","","","","","","","","","","","","","","","","","","","","","","","","","","","","","","","","","","","","","","","","","","","","","",
"United States","USA","Proportion of seats held by women in national parliaments (%)","SG.GEN.PARL.ZS","","","","","","","","","","","","","","","","","","","","","","","","","","","","","","","","","","","","","","11.7241379310345","11.7241379310345","13.3333333333333","","14.0229885057471","13.7931034482759","14.2528735632184","14.9425287356322","15.1724137931034","16.3218390804598","16.7816091954023","17.0114942528736","16.7816091954023","16.7816091954023","16.8202764976959","17.9723502304147","17.8240740740741","19.3103448275862","19.3548387096774","19.1685912240185","19.3548387096774","23.5023041474654","23.4338747099768","27.4647887323944","27.6497695852535","28.7037037037037","28.9655172413793","28.735632183908",
"United States","USA","Government expenditure on education, total (% of government expenditure)","SE.XPD.TOTL.GB.ZS","","","","","","","","","","","","","","","","","","","","","","","","","","","","","","","","","","","","","","","","","","","","","","","","","","","","","","","","13.5466499328613","13.1706104278565","13.8754997253418","13.1474103927612","13.2726898193359","12.1537599563599","11.3095998764038","","","",
"United States","USA","Government expenditure per student, secondary (% of GDP per capita)","SE.XPD.SECO.PC.ZS","","","","","","","","","","","","","","","","","","","","","","","","","","","","","","","","","","","","","","","","","","","","","","","","","","","24.28969","23.89396","22.76782","22.58939","22.36455","21.68055","22.1348","","","","","","","","",
"United States","USA","Net bilateral aid flows from DAC donors, Japan (current US$)","DC.DAC.JPNL.CD","","","","","","","","","","","","","","","","","","","","","","","","","","","","","","","","","","","","","","","","","","","","","","","","","","","","","","","","","","","","","","","","","",
"United States","USA","Net bilateral aid flows from DAC donors, Hungary (current US$)","DC.DAC.HUNL.CD","","","","","","","","","","","","","","","","","","","","","","","","","","","","","","","","","","","","","","","","","","","","","","","","","","","","","","","","","","","","","","","","","",
"United States","USA","Net bilateral aid flows from DAC donors, Finland (current US$)","DC.DAC.FINL.CD","","","","","","","","","","","","","","","","","","","","","","","","","","","","","","","","","","","","","","","","","","","","","","","","","","","","","","","","","","","","","","","","","",
"United States","USA","Net bilateral aid flows from DAC donors, Germany (current US$)","DC.DAC.DEUL.CD","","","","","","","","","","","","","","","","","","","","","","","","","","","","","","","","","","","","","","","","","","","","","","","","","","","","","","","","","","","","","","","","","",
"United States","USA","Net bilateral aid flows from DAC donors, Canada (current US$)","DC.DAC.CANL.CD","","","","","","","","","","","","","","","","","","","","","","","","","","","","","","","","","","","","","","","","","","","","","","","","","","","","","","","","","","","","","","","","","",
"United States","USA","Stocks traded, turnover ratio of domestic shares (%)","CM.MKT.TRNR","","","","","","","","","","","","","","","","","","","","","","","","","69.1829222767243","63.8363194876137","85.9641129731008","113.634607946061","70.688612170756","69.231498380242","65.6903258612516","51.4435202733189","55.665113013117","65.4039272301037","71.0184670580032","74.4909584630437","82.1354691829972","86.0299264364456","95.2227558273967","127.327816417671","197.130901217527","149.3426659361","154.262691970549","112.468699193191","117.02673405454","151.711060019997","156.276866350545","215.098752186887","407.630401072234","227.536847984782","208.438562012596","262.427696555079","173.285235302483","138.32933673731","148.028007648241","165.147847098644","94.7188501035539","116.078469067986","161.199733","106.6203273","98.837137","94.491302","109.9705018","76.079363","68.5048446",
"United States","USA","Market capitalization of listed domestic companies (% of GDP)","CM.MKT.LCAP.GD.ZS","","","","","","","","","","","","","","","","41.7709258212931","47.1385899097476","40.0724171952891","36.6542510011273","37.8174711770453","47.5901889436452","39.3995804855629","43.5692922011526","49.7802829799798","39.6808634210361","53.0276339203301","55.4180500568714","52.1453262110947","53.0883913836085","59.9518858192208","51.8761327916951","67.5464122300783","69.7180371475234","76.562432866729","70.5032725713837","90.9980943091193","105.046065202533","125.561930897573","142.588979630511","153.432869655488","147.379061960136","132.146652819017","101.146635097615","124.526145193632","133.612737929627","130.382734540376","141.644163028722","137.639681557832","78.4725069790145","104.138818334713","114.848112933717","100.262689943548","114.85397505198","142.697743735073","150.02603277454","137.688185444872","146.306705272649","164.91321885409","148.23078992826","159.420819612207","197.3833187889","208.228052204508","157.384175416952","179.463180379106","216.290842771421",
"United States","USA","Control of Corruption: Percentile Rank, Upper Bound of 90% Confidence Interval","CC.PER.RNK.UPPER","","","","","","","","","","","","","","","","","","","","","","","","","","","","","","","","","","","","","94.0860214233398","","93.0481262207031","","93.6170196533203","","96.8253936767578","94.7089920043945","97.0443344116211","93.1707305908203","91.7073135375977","91.7475738525391","92.2330093383789","90.9090881347656","90.9523773193359","90.0473937988281","91.9431304931641","90.0473937988281","91.3461532592773","91.4285736083984","91.9047622680664","91.4285736083984","90","88.5714263916016","88.5714263916016","88.5714263916016","89.1509399414062","90.0943374633789","",
"United States","USA","Control of Corruption: Estimate","CC.EST","","","","","","","","","","","","","","","","","","","","","","","","","","","","","","","","","","","","","1.57104122638702","","1.54939877986908","","1.60359740257263","","1.87359666824341","1.7044905424118","1.81070196628571","1.53672695159912","1.34489262104034","1.37706923484802","1.43763339519501","1.28647637367249","1.26525807380676","1.26211905479431","1.40279400348663","1.30592489242554","1.37137806415558","1.35772120952606","1.33089566230774","1.34053254127502","1.2927473783493","1.18035709857941","1.03783190250397","1.01927757263184","1.10414469242096","1.12343263626099","",
"United States","USA","Secondary income receipts (BoP, current US$)","BX.TRF.CURR.CD","","","","","","","","","","","380000000","400000000","610000000","700000000","720000000","720000000","760000000","700000000","810000000","1140000000","1320000000","1230000000","2040000000","2010000000","2160000000","2500000000","3409000000","3866000000","4629000000","5080000000","10040000000","47850000000","6541600000","6666900000","7986200000","8625900000","10400800000","9891700000","9635800000","34383000000","37544000000","41411000000","53020000000","62030000000","60145000000","65356000000","70309000000","70182000000","84546000000","85155000000","91914000000","101654000000","112065000000","125789000000","140589000000","132864000000","141125000000","160514000000","148504000000","156682000000","167278000000","175170000000","186101000000","193979000000","187902000000",
"United States","USA","Travel services (% of service exports, BoP)","BX.GSR.TRVL.ZS","","","","","","","","","","","20.3493449781659","19.765625","21.123595505618","20.0704225352113","19.4511314395763","20.145735105015","20.8121827411168","19.8134448375684","20.2538787023977","21.735043637478","22.2712933753943","26.4628820960699","23.4099077980935","21.4574898785425","28.4529066006693","28.7756693527424","29.6104914704899","29.3790922543634","31.4511112112879","33.3097372974674","34.0862978493169","34.4758309996347","36.0718317734125","36.4883196798468","34.583397789366","34.1407800431583","34.1404922447446","33.6498850027139","32.3484303584545","32.0668928081958","32.5045382403372","30.4218171832146","27.6419066927261","25.8555426805716","24.8588685685427","24.6830827762953","22.7256397044573","21.5711236376695","21.6403779655689","21.1986418047001","22.3891623499901","22.0573658730294","22.4760594723884","23.7666384956687","23.8113730929265","25.0326551885033","24.6181535044612","23.459621981843","23.1335026761388","22.1338892120886","9.80795461926516","8.76871144049982","14.9577824628455","18.1700834868311","18.5451794712977",
"United States","USA","Service exports (BoP, current US$)","BX.GSR.NFSV.CD","","","","","","","","","","","11450000000","12800000000","13350000000","17040000000","20770000000","23330000000","27580000000","31090000000","35450000000","38831300000","47550000000","57250000000","63990000000","64220000000","71114000000","73093000000","86699000000","98662000000","110915000000","127140000000","147860000000","164260000000","177241900000","185911000000","200395000000","219193000000","239515000000","256093000000","262767000000","277997000000","298023000000","284033000000","288059000000","297735000000","344537000000","378490000000","423086000000","495658000000","540790000000","522458000000","582045000000","644669000000","684822000000","719416000000","757050000000","769403000000","783430000000","837473000000","867668000000","898997000000","738992000000","818216000000","962870000000","1045075000000","1152747000000",
"United States","USA","Primary income receipts (BoP, current US$)","BX.GSR.FCTY.CD","","","","","","","","","","","11750000000","12710000000","14770000000","21780000000","27630000000","25370000000","29290000000","32400000000","42470000000","64370000000","72670000000","86650000000","86320000000","85263000000","104857000000","93731000000","97064000000","108184000000","136712000000","161290000000","171750000000","149240000000","133757000000","136081000000","166517000000","210264000000","226133700000","256820100000","261826200000","302539000000","365609000000","311365000000","306393000000","346933000000","432837000000","536293000000","669919000000","816938000000","820244000000","653222000000","723220000000","791469000000","791682000000","811560000000","845930000000","824932000000","857239000000","995439000000","1102964000000","1139309000000","954004000000","1048414000000","1184985000000","1363257000000","1451075000000",
"United States","USA","Technical cooperation grants (BoP, current US$)","BX.GRT.TECH.CD.WD","","","","","","","","","","","","","","","","","","","","","","","","","","","","","","","","","","","","","","","","","","","","","","","","","","","","","","","","","","","","","","","","","",
"United States","USA","Reserves and related items (BoP, current US$)","BN.RES.INCL.CD","","","","","","","","","","","-1697710000","-1451584444.90195","553757125.665011","-124113253.38208","1475185651.93973","768880112.120177","2556896385.5497","370956774.537094","-689511020.848137","1134528586.1141","8144258286.23216","5145098814.3345","4978962699.37898","1196003216.25159","3126035320.99631","3835177864.41394","-310342162.696296","-9147171478.1585","3915181496.41662","25287930640.6683","2232799984.91158","-5758650489.58007","-3927313262.78502","1376223140.91037","-5349769201.12771","9747268257.98911","-6666825268.4147","1012006455.32593","6731253481.24992","-8726992890.26808","294855660.020581","4926732911.93233","3692386520.53055","-1529353304.37711","-2803971086.86935","-14086605634.423","-2392315217.28563","125068324.87979","4838978238.08013","52180023138.115","1823049366.96755","15982755063.0705","4464394270.66744","-3088287205.77653","-3583526202.51751","-6305565601.21118","2101897815.44439","-1695243524.99114","5004277776.37852","4660096094.89876","8967520117.78462","114257699123.622","5814051019.23304","35739002.324677","2110690362.41475",
"United States","USA","Net trade in goods (BoP, current US$)","BN.GSR.MRCH.CD","","","","","","","","","","","2590000000","-2270000000","-6420000000","910000000","-5510000000","8910000000","-9490000000","-31100000000","-33927000000","-27568000000","-25533000000","-28050000000","-36487000000","-67095000000","-112481000000","-122165000000","-145068000000","-159551000000","-126960000000","-117756000000","-111042000000","-76940000000","-96897000000","-132451000000","-165831000000","-174170000000","-191000000000","-198428000000","-248221000000","-337067000000","-446783000000","-422368000000","-475246000000","-541644000000","-664765000000","-782805000000","-837288000000","-821193000000","-832492000000","-509696000000","-648673000000","-740997000000","-741118000000","-700538000000","-749917000000","-761866000000","-749801000000","-799340000000","-878748000000","-857259000000","-912878000000","-1083187000000","-1174566000000","-1057496000000","-1215406000000",
"United States","USA","Current account balance (% of GDP)","BN.CAB.XOKA.GD.ZS","","","","","","","","","","","0.244106277537657","-0.0841310039919303","-0.411223428790331","0.53178950676874","0.110015059120151","1.06118805581802","0.204973598973424","-0.725324786989883","-0.66962947339236","-0.00596422303529853","0.0744407233804418","0.149982491648844","-0.347121184979076","-1.21688325768745","-2.45214189670976","-2.86830150595336","-3.21366503109093","-3.30875151769798","-2.3156580866612","-1.76379666689119","-1.32399955459737","0.0462965293516911","-0.791448803104507","-1.23616054042839","-1.66925292387951","-1.48644935848023","-1.54496736206885","-1.64061330890365","-2.37273875749317","-2.97598180084223","-3.92088614748242","-3.72407498836611","-4.17333961025019","-4.55898086099347","-5.20485343641858","-5.74598170416952","-5.91101922107059","-5.08872774231253","-4.71586121002055","-2.62283669627863","-2.87064270506825","-2.91862137859132","-2.57236812074952","-2.01538414033942","-2.10805505161045","-2.2434721228246","-2.11937229657855","-1.88739358215214","-2.13796218132331","-2.06708055581828","-2.81809426941685","-3.68274086718403","-3.87872626619871","-3.40030482379486","-4.12262463415284",
"United States","USA","Foreign direct investment, net outflows (% of GDP)","BM.KLT.DINV.WD.GD.ZS","","","","","","","","","","","0.604675473747861","0.482465553504743","0.573054702097552","0.655265698313989","0.333928061799989","0.81488322183341","0.604245088640406","0.541832026307674","0.611073571642104","0.940878069129418","0.666361717519328","0.315243864983329","0.232490746276156","0.241329342180792","0.317514333344974","0.0848125791804939","0.426322557428754","0.819675338785203","0.414422934063193","0.903647559726176","1.00517445159802","0.800080673854023","0.901335163098415","1.20725067758402","1.23489893836291","1.44062324560663","1.2760862526294","1.41508865502968","1.92831849988377","2.56962429953542","1.81807575313563","1.38009798892094","1.63769009193116","1.70400198684163","3.06129234381941","0.403329983855397","2.05420877931708","3.61946792349253","2.32624445049071","2.15910759776953","2.32459848849916","2.79886929155041","2.32090958851109","2.33207591223804","2.20805687391019","1.65918189535913","1.60370806321427","2.10199684628348","-0.636631934610167","0.537519893200158","1.34057289113254","1.46750940499431","1.51864594633252","1.28639455857168","1.12054360395912",
"United States","USA","Imports of goods, services and primary income (BoP, current US$)","BM.GSR.TOTL.CD","","","","","","","","","","","59580000000","65960000000","78700000000","98540000000","137590000000","133030000000","162460000000","194210000000","229852000000","281667000000","333831000000","364235000000","355844000000","377603000000","474182000000","484056000000","530151000000","594438000000","663840000000","721679000000","759300000000","734627000000","765601000000","823907000000","951148000000","1080148700000","1159471900000","1286942300000","1356859100000","1524904000000","1803634000000","1663856000000","1695649000000","1842110000000","2165211000000","2500152000000","2881464000000","3124393000000","3270161000000","2525249000000","2928711000000","3287111000000","3367114000000","3376024000000","3522183000000","3411284000000","3381082000000","3648912000000","3969764000000","4005276000000","3595175000000","4352511000000","5048449000000","5177362000000","5628162000000",
"United States","USA","Insurance and financial services (% of service imports, BoP)","BM.GSR.INSF.ZS","","","","","","","","","","","1.36518771331058","1.60565189466924","1.52492668621701","1.25720272393924","1.01569713758079","1.52671755725191","2.12765957446809","2.28013029315961","2.5244556642474","2.42892630416782","2.09909690017086","2.25044563279857","2.35109717868339","2.52488020641356","2.4809445523838","3.40136054421769","4.95396591731331","5.85773136827264","4.34416670891852","2.7997268559165","3.72227415653947","4.33755274261603","4.35542692719486","4.66425899443327","5.02273154236333","5.37373594512411","5.44215011471649","5.56663633679415","6.39099825101286","11.1195823993738","12.5519963427164","14.7227051225466","15.9072122118049","16.2481869843308","16.561999965589","16.2323603077298","19.0046116720245","20.9964588224612","20.9109711161298","21.8054134430646","20.7735135754382","19.3350342325983","18.6288225786875","17.6482334374698","17.4479315147714","16.6532881138247","16.7483287532402","16.4338423400376","15.0560718623768","15.9290194838688","21.9494786691715","19.3848702258598","16.8498266241782","17.9105692337581","18.850371039863",
