country,countryiso3code,indicator_name,indicator_code,Unnamed: 28,date,value,indicator
Angola,AGO,Poverty headcount ratio at $3.00 a day (2021 PPP) (% of population),SI.POV.DDAY,,2000,27.0,SI.POV.DDAY
Angola,AGO,Poverty headcount ratio at $3.00 a day (2021 PPP) (% of population),SI.POV.DDAY,,2008,22.1,SI.POV.DDAY
Angola,AGO,Poverty headcount ratio at $3.00 a day (2021 PPP) (% of population),SI.POV.DDAY,,2018,39.3,SI.POV.DDAY
Albania,ALB,Poverty headcount ratio at $3.00 a day (2021 PPP) (% of population),SI.POV.DDAY,,2002,4.2,SI.POV.DDAY
Albania,ALB,Poverty headcount ratio at $3.00 a day (2021 PPP) (% of population),SI.POV.DDAY,,2005,2.7,SI.POV.DDAY
Albania,ALB,Poverty headcount ratio at $3.00 a day (2021 PPP) (% of population),SI.POV.DDAY,,2008,0.8,SI.POV.DDAY
Albania,ALB,Poverty headcount ratio at $3.00 a day (2021 PPP) (% of population),SI.POV.DDAY,,2012,1.8,SI.POV.DDAY
Albania,ALB,Poverty headcount ratio at $3.00 a day (2021 PPP) (% of population),SI.POV.DDAY,,2014,3.7,SI.POV.DDAY
Albania,ALB,Poverty headcount ratio at $3.00 a day (2021 PPP) (% of population),SI.POV.DDAY,,2015,1.1,SI.POV.DDAY
Albania,ALB,Poverty headcount ratio at $3.00 a day (2021 PPP) (% of population),SI.POV.DDAY,,2016,1.1,SI.POV.DDAY
Albania,ALB,Poverty headcount ratio at $3.00 a day (2021 PPP) (% of population),SI.POV.DDAY,,2017,1.4,SI.POV.DDAY
Albania,ALB,Poverty headcount ratio at $3.00 a day (2021 PPP) (% of population),SI.POV.DDAY,,2018,1.0,SI.POV.DDAY
Albania,ALB,Poverty headcount ratio at $3.00 a day (2021 PPP) (% of population),SI.POV.DDAY,,2019,0.3,SI.POV.DDAY
Albania,ALB,Poverty headcount ratio at $3.00 a day (2021 PPP) (% of population),SI.POV.DDAY,,2020,0.3,SI.POV.DDAY
United Arab Emirates,ARE,Poverty headcount ratio at $3.00 a day (2021 PPP) (% of population),SI.POV.DDAY,,2013,0.0,SI.POV.DDAY
United Arab Emirates,ARE,Poverty headcount ratio at $3.00 a day (2021 PPP) (% of population),SI.POV.DDAY,,2018,0.0,SI.POV.DDAY
Argentina,ARG,Poverty headcount ratio at $3.00 a day (2021 PPP) (% of population),SI.POV.DDAY,,2000,7.3,SI.POV.DDAY
Argentina,ARG,Poverty headcount ratio at $3.00 a day (2021 PPP) (% of population),SI.POV.DDAY,,2001,10.7,SI.POV.DDAY
Argentina,ARG,Poverty headcount ratio at $3.00 a day (2021 PPP) (% of population),SI.POV.DDAY,,2002,17.1,SI.POV.DDAY
Argentina,ARG,Poverty headcount ratio at $3.00 a day (2021 PPP) (% of population),SI.POV.DDAY,,2003,8.2,SI.POV.DDAY
Argentina,ARG,Poverty headcount ratio at $3.00 a day (2021 PPP) (% of population),SI.POV.DDAY,,2004,6.0,SI.POV.DDAY
Argentina,ARG,Poverty headcount ratio at $3.00 a day (2021 PPP) (% of population),SI.POV.DDAY,,2005,4.4,SI.POV.DDAY
Argentina,ARG,Poverty headcount ratio at $3.00 a day (2021 PPP) (% of population),SI.POV.DDAY,,2006,3.5,SI.POV.DDAY
Argentina,ARG,Poverty headcount ratio at $3.00 a day (2021 PPP) (% of population),SI.POV.DDAY,,2007,2.8,SI.POV.DDAY
Argentina,ARG,Poverty headcount ratio at $3.00 a day (2021 PPP) (% of population),SI.POV.DDAY,,2008,2.6,SI.POV.DDAY
Argentina,ARG,Poverty headcount ratio at $3.00 a day (2021 PPP) (% of population),SI.POV.DDAY,,2009,2.4,SI.POV.DDAY
Argentina,ARG,Poverty headcount ratio at $3.00 a day (2021 PPP) (% of population),SI.POV.DDAY,,2010,1.5,SI.POV.DDAY
Argentina,ARG,Poverty headcount ratio at $3.00 a day (2021 PPP) (% of population),SI.POV.DDAY,,2011,1.2,SI.POV.DDAY
Argentina,ARG,Poverty headcount ratio at $3.00 a day (2021 PPP) (% of population),SI.POV.DDAY,,2012,1.3,SI.POV.DDAY
Argentina,ARG,Poverty headcount ratio at $3.00 a day (2021 PPP) (% of population),SI.POV.DDAY,,2013,1.1,SI.POV.DDAY
Argentina,ARG,Poverty headcount ratio at $3.00 a day (2021 PPP) (% of population),SI.POV.DDAY,,2014,1.1,SI.POV.DDAY
Argentina,ARG,Poverty headcount ratio at $3.00 a day (2021 PPP) (% of population),SI.POV.DDAY,,2016,1.3,SI.POV.DDAY
Argentina,ARG,Poverty headcount ratio at $3.00 a day (2021 PPP) (% of population),SI.POV.DDAY,,2017,1.1,SI.POV.DDAY
Argentina,ARG,Poverty headcount ratio at $3.00 a day (2021 PPP) (% of population),SI.POV.DDAY,,2018,1.6,SI.POV.DDAY
Argentina,ARG,Poverty headcount ratio at $3.00 a day (2021 PPP) (% of population),SI.POV.DDAY,,2019,1.7,SI.POV.DDAY
Argentina,ARG,Poverty headcount ratio at $3.00 a day (2021 PPP) (% of population),SI.POV.DDAY,,2020,2.2,SI.POV.DDAY
Argentina,ARG,Poverty headcount ratio at $3.00 a day (2021 PPP) (% of population),SI.POV.DDAY,,2021,1.4,SI.POV.DDAY
Argentina,ARG,Poverty headcount ratio at $3.00 a day (2021 PPP) (% of population),SI.POV.DDAY,,2022,1.3,SI.POV.DDAY
Argentina,ARG,Poverty headcount ratio at $3.00 a day (2021 PPP) (% of population),SI.POV.DDAY,,2023,1.2,SI.POV.DDAY
Armenia,ARM,Poverty headcount ratio at $3.00 a day (2021 PPP) (% of population),SI.POV.DDAY,,2001,24.1,SI.POV.DDAY
Armenia,ARM,Poverty headcount ratio at $3.00 a day (2021 PPP) (% of population),SI.POV.DDAY,,2002,19.8,SI.POV.DDAY
Armenia,ARM,Poverty headcount ratio at $3.00 a day (2021 PPP) (% of population),SI.POV.DDAY,,2003,14.8,SI.POV.DDAY
Armenia,ARM,Poverty headcount ratio at $3.00 a day (2021 PPP) (% of population),SI.POV.DDAY,,2004,10.3,SI.POV.DDAY
Armenia,ARM,Poverty headcount ratio at $3.00 a day (2021 PPP) (% of population),SI.POV.DDAY,,2005,6.1,SI.POV.DDAY
Armenia,ARM,Poverty headcount ratio at $3.00 a day (2021 PPP) (% of population),SI.POV.DDAY,,2006,4.5,SI.POV.DDAY
Armenia,ARM,Poverty headcount ratio at $3.00 a day (2021 PPP) (% of population),SI.POV.DDAY,,2007,3.7,SI.POV.DDAY
Armenia,ARM,Poverty headcount ratio at $3.00 a day (2021 PPP) (% of population),SI.POV.DDAY,,2008,2.0,SI.POV.DDAY
Armenia,ARM,Poverty headcount ratio at $3.00 a day (2021 PPP) (% of population),SI.POV.DDAY,,2009,3.1,SI.POV.DDAY
Armenia,ARM,Poverty headcount ratio at $3.00 a day (2021 PPP) (% of population),SI.POV.DDAY,,2010,2.9,SI.POV.DDAY
Armenia,ARM,Poverty headcount ratio at $3.00 a day (2021 PPP) (% of population),SI.POV.DDAY,,2011,3.1,SI.POV.DDAY
Armenia,ARM,Poverty headcount ratio at $3.00 a day (2021 PPP) (% of population),SI.POV.DDAY,,2012,2.5,SI.POV.DDAY
Armenia,ARM,Poverty headcount ratio at $3.00 a day (2021 PPP) (% of population),SI.POV.DDAY,,2013,2.9,SI.POV.DDAY
Armenia,ARM,Poverty headcount ratio at $3.00 a day (2021 PPP) (% of population),SI.POV.DDAY,,2014,3.4,SI.POV.DDAY
Armenia,ARM,Poverty headcount ratio at $3.00 a day (2021 PPP) (% of population),SI.POV.DDAY,,2015,2.9,SI.POV.DDAY
Armenia,ARM,Poverty headcount ratio at $3.00 a day (2021 PPP) (% of population),SI.POV.DDAY,,2016,2.5,SI.POV.DDAY
Armenia,ARM,Poverty headcount ratio at $3.00 a day (2021 PPP) (% of population),SI.POV.DDAY,,2017,2.4,SI.POV.DDAY
Armenia,ARM,Poverty headcount ratio at $3.00 a day (2021 PPP) (% of population),SI.POV.DDAY,,2018,2.9,SI.POV.DDAY
Armenia,ARM,Poverty headcount ratio at $3.00 a day (2021 PPP) (% of population),SI.POV.DDAY,,2019,2.4,SI.POV.DDAY
Armenia,ARM,Poverty headcount ratio at $3.00 a day (2021 PPP) (% of population),SI.POV.DDAY,,2020,1.5,SI.POV.DDAY
Armenia,ARM,Poverty headcount ratio at $3.00 a day (2021 PPP) (% of population),SI.POV.DDAY,,2021,2.1,SI.POV.DDAY
Armenia,ARM,Poverty headcount ratio at $3.00 a day (2021 PPP) (% of population),SI.POV.DDAY,,2022,1.9,SI.POV.DDAY
Armenia,ARM,Poverty headcount ratio at $3.00 a day (2021 PPP) (% of population),SI.POV.DDAY,,2023,1.9,SI.POV.DDAY
Australia,AUS,Poverty headcount ratio at $3.00 a day (2021 PPP) (% of population),SI.POV.DDAY,,2001,1.0,SI.POV.DDAY
Australia,AUS,Poverty headcount ratio at $3.00 a day (2021 PPP) (% of population),SI.POV.DDAY,,2003,1.0,SI.POV.DDAY
Australia,AUS,Poverty headcount ratio at $3.00 a day (2021 PPP) (% of population),SI.POV.DDAY,,2004,0.7,SI.POV.DDAY
Australia,AUS,Poverty headcount ratio at $3.00 a day (2021 PPP) (% of population),SI.POV.DDAY,,2008,0.7,SI.POV.DDAY
Australia,AUS,Poverty headcount ratio at $3.00 a day (2021 PPP) (% of population),SI.POV.DDAY,,2010,0.3,SI.POV.DDAY
Australia,AUS,Poverty headcount ratio at $3.00 a day (2021 PPP) (% of population),SI.POV.DDAY,,2014,0.5,SI.POV.DDAY
Australia,AUS,Poverty headcount ratio at $3.00 a day (2021 PPP) (% of population),SI.POV.DDAY,,2016,0.5,SI.POV.DDAY
Australia,AUS,Poverty headcount ratio at $3.00 a day (2021 PPP) (% of population),SI.POV.DDAY,,2018,0.5,SI.POV.DDAY
Australia,AUS,Poverty headcount ratio at $3.00 a day (2021 PPP) (% of population),SI.POV.DDAY,,2020,1.0,SI.POV.DDAY
Austria,AUT,Poverty headcount ratio at $3.00 a day (2021 PPP) (% of population),SI.POV.DDAY,,2000,0.2,SI.POV.DDAY
Austria,AUT,Poverty headcount ratio at $3.00 a day (2021 PPP) (% of population),SI.POV.DDAY,,2003,0.4,SI.POV.DDAY
Austria,AUT,Poverty headcount ratio at $3.00 a day (2021 PPP) (% of population),SI.POV.DDAY,,2004,0.1,SI.POV.DDAY
Austria,AUT,Poverty headcount ratio at $3.00 a day (2021 PPP) (% of population),SI.POV.DDAY,,2005,0.2,SI.POV.DDAY
Austria,AUT,Poverty headcount ratio at $3.00 a day (2021 PPP) (% of population),SI.POV.DDAY,,2006,0.1,SI.POV.DDAY
Austria,AUT,Poverty headcount ratio at $3.00 a day (2021 PPP) (% of population),SI.POV.DDAY,,2007,0.4,SI.POV.DDAY
Austria,AUT,Poverty headcount ratio at $3.00 a day (2021 PPP) (% of population),SI.POV.DDAY,,2008,0.5,SI.POV.DDAY
Austria,AUT,Poverty headcount ratio at $3.00 a day (2021 PPP) (% of population),SI.POV.DDAY,,2009,0.7,SI.POV.DDAY
Austria,AUT,Poverty headcount ratio at $3.00 a day (2021 PPP) (% of population),SI.POV.DDAY,,2010,0.5,SI.POV.DDAY
Austria,AUT,Poverty headcount ratio at $3.00 a day (2021 PPP) (% of population),SI.POV.DDAY,,2011,0.5,SI.POV.DDAY
Austria,AUT,Poverty headcount ratio at $3.00 a day (2021 PPP) (% of population),SI.POV.DDAY,,2012,0.7,SI.POV.DDAY
Austria,AUT,Poverty headcount ratio at $3.00 a day (2021 PPP) (% of population),SI.POV.DDAY,,2013,0.3,SI.POV.DDAY
Austria,AUT,Poverty headcount ratio at $3.00 a day (2021 PPP) (% of population),SI.POV.DDAY,,2014,0.2,SI.POV.DDAY
Austria,AUT,Poverty headcount ratio at $3.00 a day (2021 PPP) (% of population),SI.POV.DDAY,,2015,0.7,SI.POV.DDAY
Austria,AUT,Poverty headcount ratio at $3.00 a day (2021 PPP) (% of population),SI.POV.DDAY,,2016,0.7,SI.POV.DDAY
Austria,AUT,Poverty headcount ratio at $3.00 a day (2021 PPP) (% of population),SI.POV.DDAY,,2017,0.3,SI.POV.DDAY
Austria,AUT,Poverty headcount ratio at $3.00 a day (2021 PPP) (% of population),SI.POV.DDAY,,2018,0.6,SI.POV.DDAY
Austria,AUT,Poverty headcount ratio at $3.00 a day (2021 PPP) (% of population),SI.POV.DDAY,,2019,0.6,SI.POV.DDAY
Austria,AUT,Poverty headcount ratio at $3.00 a day (2021 PPP) (% of population),SI.POV.DDAY,,2020,0.7,SI.POV.DDAY
Austria,AUT,Poverty headcount ratio at $3.00 a day (2021 PPP) (% of population),SI.POV.DDAY,,2021,0.5,SI.POV.DDAY
Austria,AUT,Poverty headcount ratio at $3.00 a day (2021 PPP) (% of population),SI.POV.DDAY,,2022,0.6,SI.POV.DDAY
Austria,AUT,Poverty headcount ratio at $3.00 a day (2021 PPP) (% of population),SI.POV.DDAY,,2023,0.5,SI.POV.DDAY
Azerbaijan,AZE,Poverty headcount ratio at $3.00 a day (2021 PPP) (% of population),SI.POV.DDAY,,2001,11.4,SI.POV.DDAY
Azerbaijan,AZE,Poverty headcount ratio at $3.00 a day (2021 PPP) (% of population),SI.POV.DDAY,,2002,0.2,SI.POV.DDAY
Azerbaijan,AZE,Poverty headcount ratio at $3.00 a day (2021 PPP) (% of population),SI.POV.DDAY,,2003,0.2,SI.POV.DDAY
Azerbaijan,AZE,Poverty headcount ratio at $3.00 a day (2021 PPP) (% of population),SI.POV.DDAY,,2004,0.0,SI.POV.DDAY
Azerbaijan,AZE,Poverty headcount ratio at $3.00 a day (2021 PPP) (% of population),SI.POV.DDAY,,2005,0.0,SI.POV.DDAY
Burundi,BDI,Poverty headcount ratio at $3.00 a day (2021 PPP) (% of population),SI.POV.DDAY,,2006,81.5,SI.POV.DDAY
Burundi,BDI,Poverty headcount ratio at $3.00 a day (2021 PPP) (% of population),SI.POV.DDAY,,2013,75.8,SI.POV.DDAY
Burundi,BDI,Poverty headcount ratio at $3.00 a day (2021 PPP) (% of population),SI.POV.DDAY,,2020,74.2,SI.POV.DDAY
Belgium,BEL,Poverty headcount ratio at $3.00 a day (2021 PPP) (% of population),SI.POV.DDAY,,2000,0.3,SI.POV.DDAY
Belgium,BEL,Poverty headcount ratio at $3.00 a day (2021 PPP) (% of population),SI.POV.DDAY,,2003,0.4,SI.POV.DDAY
Belgium,BEL,Poverty headcount ratio at $3.00 a day (2021 PPP) (% of population),SI.POV.DDAY,,2004,0.1,SI.POV.DDAY
Belgium,BEL,Poverty headcount ratio at $3.00 a day (2021 PPP) (% of population),SI.POV.DDAY,,2005,0.3,SI.POV.DDAY
Belgium,BEL,Poverty headcount ratio at $3.00 a day (2021 PPP) (% of population),SI.POV.DDAY,,2006,0.2,SI.POV.DDAY
Belgium,BEL,Poverty headcount ratio at $3.00 a day (2021 PPP) (% of population),SI.POV.DDAY,,2007,0.2,SI.POV.DDAY
Belgium,BEL,Poverty headcount ratio at $3.00 a day (2021 PPP) (% of population),SI.POV.DDAY,,2008,0.1,SI.POV.DDAY
Belgium,BEL,Poverty headcount ratio at $3.00 a day (2021 PPP) (% of population),SI.POV.DDAY,,2009,0.1,SI.POV.DDAY
Belgium,BEL,Poverty headcount ratio at $3.00 a day (2021 PPP) (% of population),SI.POV.DDAY,,2010,0.1,SI.POV.DDAY
Belgium,BEL,Poverty headcount ratio at $3.00 a day (2021 PPP) (% of population),SI.POV.DDAY,,2011,0.2,SI.POV.DDAY
Belgium,BEL,Poverty headcount ratio at $3.00 a day (2021 PPP) (% of population),SI.POV.DDAY,,2012,0.2,SI.POV.DDAY
Belgium,BEL,Poverty headcount ratio at $3.00 a day (2021 PPP) (% of population),SI.POV.DDAY,,2013,0.1,SI.POV.DDAY
Belgium,BEL,Poverty headcount ratio at $3.00 a day (2021 PPP) (% of population),SI.POV.DDAY,,2014,0.1,SI.POV.DDAY
Belgium,BEL,Poverty headcount ratio at $3.00 a day (2021 PPP) (% of population),SI.POV.DDAY,,2015,0.1,SI.POV.DDAY
Belgium,BEL,Poverty headcount ratio at $3.00 a day (2021 PPP) (% of population),SI.POV.DDAY,,2016,0.1,SI.POV.DDAY
Belgium,BEL,Poverty headcount ratio at $3.00 a day (2021 PPP) (% of population),SI.POV.DDAY,,2017,0.2,SI.POV.DDAY
Belgium,BEL,Poverty headcount ratio at $3.00 a day (2021 PPP) (% of population),SI.POV.DDAY,,2018,0.1,SI.POV.DDAY
Belgium,BEL,Poverty headcount ratio at $3.00 a day (2021 PPP) (% of population),SI.POV.DDAY,,2019,0.1,SI.POV.DDAY
Belgium,BEL,Poverty headcount ratio at $3.00 a day (2021 PPP) (% of population),SI.POV.DDAY,,2020,0.1,SI.POV.DDAY
Belgium,BEL,Poverty headcount ratio at $3.00 a day (2021 PPP) (% of population),SI.POV.DDAY,,2021,0.0,SI.POV.DDAY
Belgium,BEL,Poverty headcount ratio at $3.00 a day (2021 PPP) (% of population),SI.POV.DDAY,,2022,0.0,SI.POV.DDAY
Belgium,BEL,Poverty headcount ratio at $3.00 a day (2021 PPP) (% of population),SI.POV.DDAY,,2023,0.1,SI.POV.DDAY
Benin,BEN,Poverty headcount ratio at $3.00 a day (2021 PPP) (% of population),SI.POV.DDAY,,2003,70.5,SI.POV.DDAY
Benin,BEN,Poverty headcount ratio at $3.00 a day (2021 PPP) (% of population),SI.POV.DDAY,,2011,68.4,SI.POV.DDAY
Benin,BEN,Poverty headcount ratio at $3.00 a day (2021 PPP) (% of population),SI.POV.DDAY,,2015,65.8,SI.POV.DDAY
Benin,BEN,Poverty headcount ratio at $3.00 a day (2021 PPP) (% of population),SI.POV.DDAY,,2018,37.2,SI.POV.DDAY
Benin,BEN,Poverty headcount ratio at $3.00 a day (2021 PPP) (% of population),SI.POV.DDAY,,2021,27.2,SI.POV.DDAY
Burkina Faso,BFA,Poverty headcount ratio at $3.00 a day (2021 PPP) (% of population),SI.POV.DDAY,,2003,69.6,SI.POV.DDAY
Burkina Faso,BFA,Poverty headcount ratio at $3.00 a day (2021 PPP) (% of population),SI.POV.DDAY,,2009,67.2,SI.POV.DDAY
Burkina Faso,BFA,Poverty headcount ratio at $3.00 a day (2021 PPP) (% of population),SI.POV.DDAY,,2014,58.7,SI.POV.DDAY
Burkina Faso,BFA,Poverty headcount ratio at $3.00 a day (2021 PPP) (% of population),SI.POV.DDAY,,2018,47.7,SI.POV.DDAY
Burkina Faso,BFA,Poverty headcount ratio at $3.00 a day (2021 PPP) (% of population),SI.POV.DDAY,,2021,42.1,SI.POV.DDAY
Bangladesh,BGD,Poverty headcount ratio at $3.00 a day (2021 PPP) (% of population),SI.POV.DDAY,,2000,41.4,SI.POV.DDAY
Bangladesh,BGD,Poverty headcount ratio at $3.00 a day (2021 PPP) (% of population),SI.POV.DDAY,,2005,32.3,SI.POV.DDAY
Bangladesh,BGD,Poverty headcount ratio at $3.00 a day (2021 PPP) (% of population),SI.POV.DDAY,,2010,25.1,SI.POV.DDAY
Bangladesh,BGD,Poverty headcount ratio at $3.00 a day (2021 PPP) (% of population),SI.POV.DDAY,,2016,19.5,SI.POV.DDAY
Bangladesh,BGD,Poverty headcount ratio at $3.00 a day (2021 PPP) (% of population),SI.POV.DDAY,,2022,5.9,SI.POV.DDAY
Bulgaria,BGR,Poverty headcount ratio at $3.00 a day (2021 PPP) (% of population),SI.POV.DDAY,,2001,4.7,SI.POV.DDAY
Bulgaria,BGR,Poverty headcount ratio at $3.00 a day (2021 PPP) (% of population),SI.POV.DDAY,,2003,2.2,SI.POV.DDAY
Bulgaria,BGR,Poverty headcount ratio at $3.00 a day (2021 PPP) (% of population),SI.POV.DDAY,,2006,8.0,SI.POV.DDAY
Bulgaria,BGR,Poverty headcount ratio at $3.00 a day (2021 PPP) (% of population),SI.POV.DDAY,,2007,2.5,SI.POV.DDAY
Bulgaria,BGR,Poverty headcount ratio at $3.00 a day (2021 PPP) (% of population),SI.POV.DDAY,,2008,1.9,SI.POV.DDAY
Bulgaria,BGR,Poverty headcount ratio at $3.00 a day (2021 PPP) (% of population),SI.POV.DDAY,,2009,1.8,SI.POV.DDAY
Bulgaria,BGR,Poverty headcount ratio at $3.00 a day (2021 PPP) (% of population),SI.POV.DDAY,,2010,2.7,SI.POV.DDAY
Bulgaria,BGR,Poverty headcount ratio at $3.00 a day (2021 PPP) (% of population),SI.POV.DDAY,,2011,3.4,SI.POV.DDAY
Bulgaria,BGR,Poverty headcount ratio at $3.00 a day (2021 PPP) (% of population),SI.POV.DDAY,,2012,3.0,SI.POV.DDAY
Bulgaria,BGR,Poverty headcount ratio at $3.00 a day (2021 PPP) (% of population),SI.POV.DDAY,,2013,3.3,SI.POV.DDAY
Bulgaria,BGR,Poverty headcount ratio at $3.00 a day (2021 PPP) (% of population),SI.POV.DDAY,,2014,2.7,SI.POV.DDAY
Bulgaria,BGR,Poverty headcount ratio at $3.00 a day (2021 PPP) (% of population),SI.POV.DDAY,,2015,4.6,SI.POV.DDAY
Bulgaria,BGR,Poverty headcount ratio at $3.00 a day (2021 PPP) (% of population),SI.POV.DDAY,,2016,3.1,SI.POV.DDAY
Bulgaria,BGR,Poverty headcount ratio at $3.00 a day (2021 PPP) (% of population),SI.POV.DDAY,,2017,2.0,SI.POV.DDAY
Bulgaria,BGR,Poverty headcount ratio at $3.00 a day (2021 PPP) (% of population),SI.POV.DDAY,,2018,1.5,SI.POV.DDAY
Bulgaria,BGR,Poverty headcount ratio at $3.00 a day (2021 PPP) (% of population),SI.POV.DDAY,,2019,1.6,SI.POV.DDAY
Bulgaria,BGR,Poverty headcount ratio at $3.00 a day (2021 PPP) (% of population),SI.POV.DDAY,,2020,0.7,SI.POV.DDAY
Bulgaria,BGR,Poverty headcount ratio at $3.00 a day (2021 PPP) (% of population),SI.POV.DDAY,,2021,1.2,SI.POV.DDAY
Bulgaria,BGR,Poverty headcount ratio at $3.00 a day (2021 PPP) (% of population),SI.POV.DDAY,,2022,1.1,SI.POV.DDAY
Bulgaria,BGR,Poverty headcount ratio at $3.00 a day (2021 PPP) (% of population),SI.POV.DDAY,,2023,1.0,SI.POV.DDAY
Bosnia and Herzegovina,BIH,Poverty headcount ratio at $3.00 a day (2021 PPP) (% of population),SI.POV.DDAY,,2001,0.6,SI.POV.DDAY
Bosnia and Herzegovina,BIH,Poverty headcount ratio at $3.00 a day (2021 PPP) (% of population),SI.POV.DDAY,,2004,0.4,SI.POV.DDAY
Bosnia and Herzegovina,BIH,Poverty headcount ratio at $3.00 a day (2021 PPP) (% of population),SI.POV.DDAY,,2007,0.2,SI.POV.DDAY
Bosnia and Herzegovina,BIH,Poverty headcount ratio at $3.00 a day (2021 PPP) (% of population),SI.POV.DDAY,,2011,0.2,SI.POV.DDAY
Belarus,BLR,Poverty headcount ratio at $3.00 a day (2021 PPP) (% of population),SI.POV.DDAY,,2000,26.5,SI.POV.DDAY
Belarus,BLR,Poverty headcount ratio at $3.00 a day (2021 PPP) (% of population),SI.POV.DDAY,,2001,14.7,SI.POV.DDAY
Belarus,BLR,Poverty headcount ratio at $3.00 a day (2021 PPP) (% of population),SI.POV.DDAY,,2002,10.4,SI.POV.DDAY
Belarus,BLR,Poverty headcount ratio at $3.00 a day (2021 PPP) (% of population),SI.POV.DDAY,,2003,8.7,SI.POV.DDAY
Belarus,BLR,Poverty headcount ratio at $3.00 a day (2021 PPP) (% of population),SI.POV.DDAY,,2004,4.3,SI.POV.DDAY
Belarus,BLR,Poverty headcount ratio at $3.00 a day (2021 PPP) (% of population),SI.POV.DDAY,,2005,2.4,SI.POV.DDAY
Belarus,BLR,Poverty headcount ratio at $3.00 a day (2021 PPP) (% of population),SI.POV.DDAY,,2006,1.1,SI.POV.DDAY
Belarus,BLR,Poverty headcount ratio at $3.00 a day (2021 PPP) (% of population),SI.POV.DDAY,,2007,1.1,SI.POV.DDAY
Belarus,BLR,Poverty headcount ratio at $3.00 a day (2021 PPP) (% of population),SI.POV.DDAY,,2008,0.5,SI.POV.DDAY
Belarus,BLR,Poverty headcount ratio at $3.00 a day (2021 PPP) (% of population),SI.POV.DDAY,,2009,0.5,SI.POV.DDAY
Belarus,BLR,Poverty headcount ratio at $3.00 a day (2021 PPP) (% of population),SI.POV.DDAY,,2010,0.2,SI.POV.DDAY
Belarus,BLR,Poverty headcount ratio at $3.00 a day (2021 PPP) (% of population),SI.POV.DDAY,,2011,0.1,SI.POV.DDAY
Belarus,BLR,Poverty headcount ratio at $3.00 a day (2021 PPP) (% of population),SI.POV.DDAY,,2012,0.1,SI.POV.DDAY
Belarus,BLR,Poverty headcount ratio at $3.00 a day (2021 PPP) (% of population),SI.POV.DDAY,,2013,0.0,SI.POV.DDAY
Belarus,BLR,Poverty headcount ratio at $3.00 a day (2021 PPP) (% of population),SI.POV.DDAY,,2014,0.0,SI.POV.DDAY
Belarus,BLR,Poverty headcount ratio at $3.00 a day (2021 PPP) (% of population),SI.POV.DDAY,,2015,0.0,SI.POV.DDAY
Belarus,BLR,Poverty headcount ratio at $3.00 a day (2021 PPP) (% of population),SI.POV.DDAY,,2016,0.0,SI.POV.DDAY
Belarus,BLR,Poverty headcount ratio at $3.00 a day (2021 PPP) (% of population),SI.POV.DDAY,,2017,0.0,SI.POV.DDAY
Belarus,BLR,Poverty headcount ratio at $3.00 a day (2021 PPP) (% of population),SI.POV.DDAY,,2018,0.0,SI.POV.DDAY
Belarus,BLR,Poverty headcount ratio at $3.00 a day (2021 PPP) (% of population),SI.POV.DDAY,,2019,0.0,SI.POV.DDAY
Belarus,BLR,Poverty headcount ratio at $3.00 a day (2021 PPP) (% of population),SI.POV.DDAY,,2020,0.0,SI.POV.DDAY
Belize,BLZ,Poverty headcount ratio at $3.00 a day (2021 PPP) (% of population),SI.POV.DDAY,,2018,1.0,SI.POV.DDAY
Bolivia,BOL,Poverty headcount ratio at $3.00 a day (2021 PPP) (% of population),SI.POV.DDAY,,2000,28.3,SI.POV.DDAY
Bolivia,BOL,Poverty headcount ratio at $3.00 a day (2021 PPP) (% of population),SI.POV.DDAY,,2001,22.3,SI.POV.DDAY
Bolivia,BOL,Poverty headcount ratio at $3.00 a day (2021 PPP) (% of population),SI.POV.DDAY,,2002,23.9,SI.POV.DDAY
Bolivia,BOL,Poverty headcount ratio at $3.00 a day (2021 PPP) (% of population),SI.POV.DDAY,,2004,13.2,SI.POV.DDAY
Bolivia,BOL,Poverty headcount ratio at $3.00 a day (2021 PPP) (% of population),SI.POV.DDAY,,2005,18.7,SI.POV.DDAY
Bolivia,BOL,Poverty headcount ratio at $3.00 a day (2021 PPP) (% of population),SI.POV.DDAY,,2006,15.9,SI.POV.DDAY
Bolivia,BOL,Poverty headcount ratio at $3.00 a day (2021 PPP) (% of population),SI.POV.DDAY,,2007,12.1,SI.POV.DDAY
Bolivia,BOL,Poverty headcount ratio at $3.00 a day (2021 PPP) (% of population),SI.POV.DDAY,,2008,10.6,SI.POV.DDAY
Bolivia,BOL,Poverty headcount ratio at $3.00 a day (2021 PPP) (% of population),SI.POV.DDAY,,2009,10.0,SI.POV.DDAY
Bolivia,BOL,Poverty headcount ratio at $3.00 a day (2021 PPP) (% of population),SI.POV.DDAY,,2011,6.9,SI.POV.DDAY
Bolivia,BOL,Poverty headcount ratio at $3.00 a day (2021 PPP) (% of population),SI.POV.DDAY,,2012,7.9,SI.POV.DDAY
Bolivia,BOL,Poverty headcount ratio at $3.00 a day (2021 PPP) (% of population),SI.POV.DDAY,,2013,6.8,SI.POV.DDAY
Bolivia,BOL,Poverty headcount ratio at $3.00 a day (2021 PPP) (% of population),SI.POV.DDAY,,2014,5.6,SI.POV.DDAY
Bolivia,BOL,Poverty headcount ratio at $3.00 a day (2021 PPP) (% of population),SI.POV.DDAY,,2015,6.2,SI.POV.DDAY
Bolivia,BOL,Poverty headcount ratio at $3.00 a day (2021 PPP) (% of population),SI.POV.DDAY,,2016,7.2,SI.POV.DDAY
Bolivia,BOL,Poverty headcount ratio at $3.00 a day (2021 PPP) (% of population),SI.POV.DDAY,,2017,6.4,SI.POV.DDAY
Bolivia,BOL,Poverty headcount ratio at $3.00 a day (2021 PPP) (% of population),SI.POV.DDAY,,2018,4.7,SI.POV.DDAY
Bolivia,BOL,Poverty headcount ratio at $3.00 a day (2021 PPP) (% of population),SI.POV.DDAY,,2019,3.1,SI.POV.DDAY
Bolivia,BOL,Poverty headcount ratio at $3.00 a day (2021 PPP) (% of population),SI.POV.DDAY,,2020,4.2,SI.POV.DDAY
Bolivia,BOL,Poverty headcount ratio at $3.00 a day (2021 PPP) (% of population),SI.POV.DDAY,,2021,3.1,SI.POV.DDAY
Bolivia,BOL,Poverty headcount ratio at $3.00 a day (2021 PPP) (% of population),SI.POV.DDAY,,2022,3.3,SI.POV.DDAY
Bolivia,BOL,Poverty headcount ratio at $3.00 a day (2021 PPP) (% of population),SI.POV.DDAY,,2023,2.8,SI.POV.DDAY
Brazil,BRA,Poverty headcount ratio at $3.00 a day (2021 PPP) (% of population),SI.POV.DDAY,,2001,17.5,SI.POV.DDAY
Brazil,BRA,Poverty headcount ratio at $3.00 a day (2021 PPP) (% of population),SI.POV.DDAY,,2002,16.2,SI.POV.DDAY
Brazil,BRA,Poverty headcount ratio at $3.00 a day (2021 PPP) (% of population),SI.POV.DDAY,,2003,17.1,SI.POV.DDAY
Brazil,BRA,Poverty headcount ratio at $3.00 a day (2021 PPP) (% of population),SI.POV.DDAY,,2004,15.3,SI.POV.DDAY
Brazil,BRA,Poverty headcount ratio at $3.00 a day (2021 PPP) (% of population),SI.POV.DDAY,,2005,13.7,SI.POV.DDAY
Brazil,BRA,Poverty headcount ratio at $3.00 a day (2021 PPP) (% of population),SI.POV.DDAY,,2006,11.4,SI.POV.DDAY
Brazil,BRA,Poverty headcount ratio at $3.00 a day (2021 PPP) (% of population),SI.POV.DDAY,,2007,10.8,SI.POV.DDAY
Brazil,BRA,Poverty headcount ratio at $3.00 a day (2021 PPP) (% of population),SI.POV.DDAY,,2008,9.1,SI.POV.DDAY
Brazil,BRA,Poverty headcount ratio at $3.00 a day (2021 PPP) (% of population),SI.POV.DDAY,,2009,8.4,SI.POV.DDAY
Brazil,BRA,Poverty headcount ratio at $3.00 a day (2021 PPP) (% of population),SI.POV.DDAY,,2011,7.1,SI.POV.DDAY
Brazil,BRA,Poverty headcount ratio at $3.00 a day (2021 PPP) (% of population),SI.POV.DDAY,,2012,6.4,SI.POV.DDAY
Brazil,BRA,Poverty headcount ratio at $3.00 a day (2021 PPP) (% of population),SI.POV.DDAY,,2013,5.4,SI.POV.DDAY
Brazil,BRA,Poverty headcount ratio at $3.00 a day (2021 PPP) (% of population),SI.POV.DDAY,,2014,4.7,SI.POV.DDAY
Brazil,BRA,Poverty headcount ratio at $3.00 a day (2021 PPP) (% of population),SI.POV.DDAY,,2015,5.4,SI.POV.DDAY
Brazil,BRA,Poverty headcount ratio at $3.00 a day (2021 PPP) (% of population),SI.POV.DDAY,,2016,6.5,SI.POV.DDAY
Brazil,BRA,Poverty headcount ratio at $3.00 a day (2021 PPP) (% of population),SI.POV.DDAY,,2017,6.9,SI.POV.DDAY
Brazil,BRA,Poverty headcount ratio at $3.00 a day (2021 PPP) (% of population),SI.POV.DDAY,,2018,6.9,SI.POV.DDAY
Brazil,BRA,Poverty headcount ratio at $3.00 a day (2021 PPP) (% of population),SI.POV.DDAY,,2019,7.0,SI.POV.DDAY
Brazil,BRA,Poverty headcount ratio at $3.00 a day (2021 PPP) (% of population),SI.POV.DDAY,,2020,2.8,SI.POV.DDAY
Brazil,BRA,Poverty headcount ratio at $3.00 a day (2021 PPP) (% of population),SI.POV.DDAY,,2021,7.5,SI.POV.DDAY
Brazil,BRA,Poverty headcount ratio at $3.00 a day (2021 PPP) (% of population),SI.POV.DDAY,,2022,4.9,SI.POV.DDAY
Brazil,BRA,Poverty headcount ratio at $3.00 a day (2021 PPP) (% of population),SI.POV.DDAY,,2023,3.8,SI.POV.DDAY
Barbados,BRB,Poverty headcount ratio at $3.00 a day (2021 PPP) (% of population),SI.POV.DDAY,,2016,1.7,SI.POV.DDAY
Bhutan,BTN,Poverty headcount ratio at $3.00 a day (2021 PPP) (% of population),SI.POV.DDAY,,2003,23.1,SI.POV.DDAY
Bhutan,BTN,Poverty headcount ratio at $3.00 a day (2021 PPP) (% of population),SI.POV.DDAY,,2007,12.0,SI.POV.DDAY
Bhutan,BTN,Poverty headcount ratio at $3.00 a day (2021 PPP) (% of population),SI.POV.DDAY,,2012,3.6,SI.POV.DDAY
Bhutan,BTN,Poverty headcount ratio at $3.00 a day (2021 PPP) (% of population),SI.POV.DDAY,,2017,2.6,SI.POV.DDAY
Bhutan,BTN,Poverty headcount ratio at $3.00 a day (2021 PPP) (% of population),SI.POV.DDAY,,2022,0.0,SI.POV.DDAY
Botswana,BWA,Poverty headcount ratio at $3.00 a day (2021 PPP) (% of population),SI.POV.DDAY,,2002,34.8,SI.POV.DDAY
Botswana,BWA,Poverty headcount ratio at $3.00 a day (2021 PPP) (% of population),SI.POV.DDAY,,2009,21.1,SI.POV.DDAY
Botswana,BWA,Poverty headcount ratio at $3.00 a day (2021 PPP) (% of population),SI.POV.DDAY,,2015,21.4,SI.POV.DDAY
Central African Republic,CAF,Poverty headcount ratio at $3.00 a day (2021 PPP) (% of population),SI.POV.DDAY,,2008,67.3,SI.POV.DDAY
Central African Republic,CAF,Poverty headcount ratio at $3.00 a day (2021 PPP) (% of population),SI.POV.DDAY,,2021,71.6,SI.POV.DDAY
Canada,CAN,Poverty headcount ratio at $3.00 a day (2021 PPP) (% of population),SI.POV.DDAY,,2000,0.2,SI.POV.DDAY
Canada,CAN,Poverty headcount ratio at $3.00 a day (2021 PPP) (% of population),SI.POV.DDAY,,2001,0.2,SI.POV.DDAY
Canada,CAN,Poverty headcount ratio at $3.00 a day (2021 PPP) (% of population),SI.POV.DDAY,,2002,0.2,SI.POV.DDAY
Canada,CAN,Poverty headcount ratio at $3.00 a day (2021 PPP) (% of population),SI.POV.DDAY,,2003,0.2,SI.POV.DDAY
Canada,CAN,Poverty headcount ratio at $3.00 a day (2021 PPP) (% of population),SI.POV.DDAY,,2004,0.2,SI.POV.DDAY
Canada,CAN,Poverty headcount ratio at $3.00 a day (2021 PPP) (% of population),SI.POV.DDAY,,2005,0.2,SI.POV.DDAY
Canada,CAN,Poverty headcount ratio at $3.00 a day (2021 PPP) (% of population),SI.POV.DDAY,,2006,0.2,SI.POV.DDAY
Canada,CAN,Poverty headcount ratio at $3.00 a day (2021 PPP) (% of population),SI.POV.DDAY,,2007,0.2,SI.POV.DDAY
Canada,CAN,Poverty headcount ratio at $3.00 a day (2021 PPP) (% of population),SI.POV.DDAY,,2008,0.2,SI.POV.DDAY
Canada,CAN,Poverty headcount ratio at $3.00 a day (2021 PPP) (% of population),SI.POV.DDAY,,2009,0.2,SI.POV.DDAY
Canada,CAN,Poverty headcount ratio at $3.00 a day (2021 PPP) (% of population),SI.POV.DDAY,,2010,0.2,SI.POV.DDAY
Canada,CAN,Poverty headcount ratio at $3.00 a day (2021 PPP) (% of population),SI.POV.DDAY,,2011,0.2,SI.POV.DDAY
Canada,CAN,Poverty headcount ratio at $3.00 a day (2021 PPP) (% of population),SI.POV.DDAY,,2012,0.2,SI.POV.DDAY
Canada,CAN,Poverty headcount ratio at $3.00 a day (2021 PPP) (% of population),SI.POV.DDAY,,2013,0.5,SI.POV.DDAY
Canada,CAN,Poverty headcount ratio at $3.00 a day (2021 PPP) (% of population),SI.POV.DDAY,,2014,0.2,SI.POV.DDAY
Canada,CAN,Poverty headcount ratio at $3.00 a day (2021 PPP) (% of population),SI.POV.DDAY,,2015,0.5,SI.POV.DDAY
Canada,CAN,Poverty headcount ratio at $3.00 a day (2021 PPP) (% of population),SI.POV.DDAY,,2016,0.5,SI.POV.DDAY
Canada,CAN,Poverty headcount ratio at $3.00 a day (2021 PPP) (% of population),SI.POV.DDAY,,2017,0.5,SI.POV.DDAY
Canada,CAN,Poverty headcount ratio at $3.00 a day (2021 PPP) (% of population),SI.POV.DDAY,,2018,0.2,SI.POV.DDAY
Canada,CAN,Poverty headcount ratio at $3.00 a day (2021 PPP) (% of population),SI.POV.DDAY,,2019,0.2,SI.POV.DDAY
Canada,CAN,Poverty headcount ratio at $3.00 a day (2021 PPP) (% of population),SI.POV.DDAY,,2020,0.2,SI.POV.DDAY
Canada,CAN,Poverty headcount ratio at $3.00 a day (2021 PPP) (% of population),SI.POV.DDAY,,2021,0.2,SI.POV.DDAY
Switzerland,CHE,Poverty headcount ratio at $3.00 a day (2021 PPP) (% of population),SI.POV.DDAY,,2000,0.2,SI.POV.DDAY
Switzerland,CHE,Poverty headcount ratio at $3.00 a day (2021 PPP) (% of population),SI.POV.DDAY,,2002,0.0,SI.POV.DDAY
Switzerland,CHE,Poverty headcount ratio at $3.00 a day (2021 PPP) (% of population),SI.POV.DDAY,,2004,0.2,SI.POV.DDAY
Switzerland,CHE,Poverty headcount ratio at $3.00 a day (2021 PPP) (% of population),SI.POV.DDAY,,2006,0.1,SI.POV.DDAY
Switzerland,CHE,Poverty headcount ratio at $3.00 a day (2021 PPP) (% of population),SI.POV.DDAY,,2007,0.1,SI.POV.DDAY
Switzerland,CHE,Poverty headcount ratio at $3.00 a day (2021 PPP) (% of population),SI.POV.DDAY,,2008,0.1,SI.POV.DDAY
Switzerland,CHE,Poverty headcount ratio at $3.00 a day (2021 PPP) (% of population),SI.POV.DDAY,,2009,0.0,SI.POV.DDAY
Switzerland,CHE,Poverty headcount ratio at $3.00 a day (2021 PPP) (% of population),SI.POV.DDAY,,2010,0.1,SI.POV.DDAY
Switzerland,CHE,Poverty headcount ratio at $3.00 a day (2021 PPP) (% of population),SI.POV.DDAY,,2011,0.0,SI.POV.DDAY
Switzerland,CHE,Poverty headcount ratio at $3.00 a day (2021 PPP) (% of population),SI.POV.DDAY,,2012,0.0,SI.POV.DDAY
Switzerland,CHE,Poverty headcount ratio at $3.00 a day (2021 PPP) (% of population),SI.POV.DDAY,,2013,0.0,SI.POV.DDAY
Switzerland,CHE,Poverty headcount ratio at $3.00 a day (2021 PPP) (% of population),SI.POV.DDAY,,2014,0.0,SI.POV.DDAY
Switzerland,CHE,Poverty headcount ratio at $3.00 a day (2021 PPP) (% of population),SI.POV.DDAY,,2015,0.0,SI.POV.DDAY
Switzerland,CHE,Poverty headcount ratio at $3.00 a day (2021 PPP) (% of population),SI.POV.DDAY,,2016,0.0,SI.POV.DDAY
Switzerland,CHE,Poverty headcount ratio at $3.00 a day (2021 PPP) (% of population),SI.POV.DDAY,,2017,0.0,SI.POV.DDAY
Switzerland,CHE,Poverty headcount ratio at $3.00 a day (2021 PPP) (% of population),SI.POV.DDAY,,2018,0.0,SI.POV.DDAY
Switzerland,CHE,Poverty headcount ratio at $3.00 a day (2021 PPP) (% of population),SI.POV.DDAY,,2019,0.0,SI.POV.DDAY
Switzerland,CHE,Poverty headcount ratio at $3.00 a day (2021 PPP) (% of population),SI.POV.DDAY,,2020,0.1,SI.POV.DDAY
Switzerland,CHE,Poverty headcount ratio at $3.00 a day (2021 PPP) (% of population),SI.POV.DDAY,,2021,0.0,SI.POV.DDAY
Switzerland,CHE,Poverty headcount ratio at $3.00 a day (2021 PPP) (% of population),SI.POV.DDAY,,2022,0.2,SI.POV.DDAY
Chile,CHL,Poverty headcount ratio at $3.00 a day (2021 PPP) (% of population),SI.POV.DDAY,,2000,8.6,SI.POV.DDAY
Chile,CHL,Poverty headcount ratio at $3.00 a day (2021 PPP) (% of population),SI.POV.DDAY,,2003,7.9,SI.POV.DDAY
Chile,CHL,Poverty headcount ratio at $3.00 a day (2021 PPP) (% of population),SI.POV.DDAY,,2006,3.3,SI.POV.DDAY
Chile,CHL,Poverty headcount ratio at $3.00 a day (2021 PPP) (% of population),SI.POV.DDAY,,2009,2.6,SI.POV.DDAY
Chile,CHL,Poverty headcount ratio at $3.00 a day (2021 PPP) (% of population),SI.POV.DDAY,,2011,1.7,SI.POV.DDAY
Chile,CHL,Poverty headcount ratio at $3.00 a day (2021 PPP) (% of population),SI.POV.DDAY,,2013,0.8,SI.POV.DDAY
Chile,CHL,Poverty headcount ratio at $3.00 a day (2021 PPP) (% of population),SI.POV.DDAY,,2015,0.7,SI.POV.DDAY
Chile,CHL,Poverty headcount ratio at $3.00 a day (2021 PPP) (% of population),SI.POV.DDAY,,2017,0.5,SI.POV.DDAY
Chile,CHL,Poverty headcount ratio at $3.00 a day (2021 PPP) (% of population),SI.POV.DDAY,,2020,1.7,SI.POV.DDAY
Chile,CHL,Poverty headcount ratio at $3.00 a day (2021 PPP) (% of population),SI.POV.DDAY,,2022,0.5,SI.POV.DDAY
China,CHN,Poverty headcount ratio at $3.00 a day (2021 PPP) (% of population),SI.POV.DDAY,,2002,48.1,SI.POV.DDAY
China,CHN,Poverty headcount ratio at $3.00 a day (2021 PPP) (% of population),SI.POV.DDAY,,2005,33.1,SI.POV.DDAY
China,CHN,Poverty headcount ratio at $3.00 a day (2021 PPP) (% of population),SI.POV.DDAY,,2008,26.2,SI.POV.DDAY
China,CHN,Poverty headcount ratio at $3.00 a day (2021 PPP) (% of population),SI.POV.DDAY,,2010,20.6,SI.POV.DDAY
China,CHN,Poverty headcount ratio at $3.00 a day (2021 PPP) (% of population),SI.POV.DDAY,,2011,15.7,SI.POV.DDAY
China,CHN,Poverty headcount ratio at $3.00 a day (2021 PPP) (% of population),SI.POV.DDAY,,2012,13.2,SI.POV.DDAY
China,CHN,Poverty headcount ratio at $3.00 a day (2021 PPP) (% of population),SI.POV.DDAY,,2013,6.2,SI.POV.DDAY
China,CHN,Poverty headcount ratio at $3.00 a day (2021 PPP) (% of population),SI.POV.DDAY,,2014,4.7,SI.POV.DDAY
China,CHN,Poverty headcount ratio at $3.00 a day (2021 PPP) (% of population),SI.POV.DDAY,,2015,3.0,SI.POV.DDAY
China,CHN,Poverty headcount ratio at $3.00 a day (2021 PPP) (% of population),SI.POV.DDAY,,2016,2.2,SI.POV.DDAY
China,CHN,Poverty headcount ratio at $3.00 a day (2021 PPP) (% of population),SI.POV.DDAY,,2017,1.7,SI.POV.DDAY
China,CHN,Poverty headcount ratio at $3.00 a day (2021 PPP) (% of population),SI.POV.DDAY,,2018,0.8,SI.POV.DDAY
China,CHN,Poverty headcount ratio at $3.00 a day (2021 PPP) (% of population),SI.POV.DDAY,,2019,0.0,SI.POV.DDAY
China,CHN,Poverty headcount ratio at $3.00 a day (2021 PPP) (% of population),SI.POV.DDAY,,2020,0.0,SI.POV.DDAY
China,CHN,Poverty headcount ratio at $3.00 a day (2021 PPP) (% of population),SI.POV.DDAY,,2021,0.0,SI.POV.DDAY
China,CHN,Poverty headcount ratio at $3.00 a day (2021 PPP) (% of population),SI.POV.DDAY,,2022,0.0,SI.POV.DDAY
Cote d'Ivoire,CIV,Poverty headcount ratio at $3.00 a day (2021 PPP) (% of population),SI.POV.DDAY,,2002,44.7,SI.POV.DDAY
Cote d'Ivoire,CIV,Poverty headcount ratio at $3.00 a day (2021 PPP) (% of population),SI.POV.DDAY,,2008,47.9,SI.POV.DDAY
Cote d'Ivoire,CIV,Poverty headcount ratio at $3.00 a day (2021 PPP) (% of population),SI.POV.DDAY,,2015,47.5,SI.POV.DDAY
Cote d'Ivoire,CIV,Poverty headcount ratio at $3.00 a day (2021 PPP) (% of population),SI.POV.DDAY,,2018,22.7,SI.POV.DDAY
Cote d'Ivoire,CIV,Poverty headcount ratio at $3.00 a day (2021 PPP) (% of population),SI.POV.DDAY,,2021,20.9,SI.POV.DDAY
Cameroon,CMR,Poverty headcount ratio at $3.00 a day (2021 PPP) (% of population),SI.POV.DDAY,,2001,30.8,SI.POV.DDAY
Cameroon,CMR,Poverty headcount ratio at $3.00 a day (2021 PPP) (% of population),SI.POV.DDAY,,2007,36.0,SI.POV.DDAY
Cameroon,CMR,Poverty headcount ratio at $3.00 a day (2021 PPP) (% of population),SI.POV.DDAY,,2014,29.0,SI.POV.DDAY
Cameroon,CMR,Poverty headcount ratio at $3.00 a day (2021 PPP) (% of population),SI.POV.DDAY,,2021,26.7,SI.POV.DDAY
"Congo, Dem. Rep.",COD,Poverty headcount ratio at $3.00 a day (2021 PPP) (% of population),SI.POV.DDAY,,2004,94.9,SI.POV.DDAY
"Congo, Dem. Rep.",COD,Poverty headcount ratio at $3.00 a day (2021 PPP) (% of population),SI.POV.DDAY,,2012,78.9,SI.POV.DDAY
"Congo, Dem. Rep.",COD,Poverty headcount ratio at $3.00 a day (2021 PPP) (% of population),SI.POV.DDAY,,2020,85.3,SI.POV.DDAY
"Congo, Rep.",COG,Poverty headcount ratio at $3.00 a day (2021 PPP) (% of population),SI.POV.DDAY,,2005,54.5,SI.POV.DDAY
"Congo, Rep.",COG,Poverty headcount ratio at $3.00 a day (2021 PPP) (% of population),SI.POV.DDAY,,2011,39.2,SI.POV.DDAY
Colombia,COL,Poverty headcount ratio at $3.00 a day (2021 PPP) (% of population),SI.POV.DDAY,,2000,23.9,SI.POV.DDAY
Colombia,COL,Poverty headcount ratio at $3.00 a day (2021 PPP) (% of population),SI.POV.DDAY,,2001,29.6,SI.POV.DDAY
Colombia,COL,Poverty headcount ratio at $3.00 a day (2021 PPP) (% of population),SI.POV.DDAY,,2002,21.2,SI.POV.DDAY
Colombia,COL,Poverty headcount ratio at $3.00 a day (2021 PPP) (% of population),SI.POV.DDAY,,2003,19.8,SI.POV.DDAY
Colombia,COL,Poverty headcount ratio at $3.00 a day (2021 PPP) (% of population),SI.POV.DDAY,,2004,19.2,SI.POV.DDAY
Colombia,COL,Poverty headcount ratio at $3.00 a day (2021 PPP) (% of population),SI.POV.DDAY,,2005,16.8,SI.POV.DDAY
Colombia,COL,Poverty headcount ratio at $3.00 a day (2021 PPP) (% of population),SI.POV.DDAY,,2008,16.6,SI.POV.DDAY
Colombia,COL,Poverty headcount ratio at $3.00 a day (2021 PPP) (% of population),SI.POV.DDAY,,2009,15.0,SI.POV.DDAY
Colombia,COL,Poverty headcount ratio at $3.00 a day (2021 PPP) (% of population),SI.POV.DDAY,,2010,13.1,SI.POV.DDAY
Colombia,COL,Poverty headcount ratio at $3.00 a day (2021 PPP) (% of population),SI.POV.DDAY,,2011,11.2,SI.POV.DDAY
Colombia,COL,Poverty headcount ratio at $3.00 a day (2021 PPP) (% of population),SI.POV.DDAY,,2012,10.9,SI.POV.DDAY
Colombia,COL,Poverty headcount ratio at $3.00 a day (2021 PPP) (% of population),SI.POV.DDAY,,2013,9.9,SI.POV.DDAY
Colombia,COL,Poverty headcount ratio at $3.00 a day (2021 PPP) (% of population),SI.POV.DDAY,,2014,9.0,SI.POV.DDAY
Colombia,COL,Poverty headcount ratio at $3.00 a day (2021 PPP) (% of population),SI.POV.DDAY,,2015,8.1,SI.POV.DDAY
Colombia,COL,Poverty headcount ratio at $3.00 a day (2021 PPP) (% of population),SI.POV.DDAY,,2016,8.0,SI.POV.DDAY
Colombia,COL,Poverty headcount ratio at $3.00 a day (2021 PPP) (% of population),SI.POV.DDAY,,2017,7.3,SI.POV.DDAY
Colombia,COL,Poverty headcount ratio at $3.00 a day (2021 PPP) (% of population),SI.POV.DDAY,,2018,7.4,SI.POV.DDAY
Colombia,COL,Poverty headcount ratio at $3.00 a day (2021 PPP) (% of population),SI.POV.DDAY,,2019,8.8,SI.POV.DDAY
Colombia,COL,Poverty headcount ratio at $3.00 a day (2021 PPP) (% of population),SI.POV.DDAY,,2020,13.5,SI.POV.DDAY
Colombia,COL,Poverty headcount ratio at $3.00 a day (2021 PPP) (% of population),SI.POV.DDAY,,2021,11.2,SI.POV.DDAY
Colombia,COL,Poverty headcount ratio at $3.00 a day (2021 PPP) (% of population),SI.POV.DDAY,,2022,9.3,SI.POV.DDAY
Colombia,COL,Poverty headcount ratio at $3.00 a day (2021 PPP) (% of population),SI.POV.DDAY,,2023,7.7,SI.POV.DDAY
Comoros,COM,Poverty headcount ratio at $3.00 a day (2021 PPP) (% of population),SI.POV.DDAY,,2004,27.9,SI.POV.DDAY
Comoros,COM,Poverty headcount ratio at $3.00 a day (2021 PPP) (% of population),SI.POV.DDAY,,2014,31.4,SI.POV.DDAY
Cabo Verde,CPV,Poverty headcount ratio at $3.00 a day (2021 PPP) (% of population),SI.POV.DDAY,,2001,37.1,SI.POV.DDAY
Cabo Verde,CPV,Poverty headcount ratio at $3.00 a day (2021 PPP) (% of population),SI.POV.DDAY,,2007,26.2,SI.POV.DDAY
Cabo Verde,CPV,Poverty headcount ratio at $3.00 a day (2021 PPP) (% of population),SI.POV.DDAY,,2015,14.6,SI.POV.DDAY
Costa Rica,CRI,Poverty headcount ratio at $3.00 a day (2021 PPP) (% of population),SI.POV.DDAY,,2000,9.8,SI.POV.DDAY
Costa Rica,CRI,Poverty headcount ratio at $3.00 a day (2021 PPP) (% of population),SI.POV.DDAY,,2001,7.6,SI.POV.DDAY
Costa Rica,CRI,Poverty headcount ratio at $3.00 a day (2021 PPP) (% of population),SI.POV.DDAY,,2002,6.6,SI.POV.DDAY
Costa Rica,CRI,Poverty headcount ratio at $3.00 a day (2021 PPP) (% of population),SI.POV.DDAY,,2003,6.9,SI.POV.DDAY
Costa Rica,CRI,Poverty headcount ratio at $3.00 a day (2021 PPP) (% of population),SI.POV.DDAY,,2004,6.6,SI.POV.DDAY
Costa Rica,CRI,Poverty headcount ratio at $3.00 a day (2021 PPP) (% of population),SI.POV.DDAY,,2005,5.0,SI.POV.DDAY
Costa Rica,CRI,Poverty headcount ratio at $3.00 a day (2021 PPP) (% of population),SI.POV.DDAY,,2006,5.2,SI.POV.DDAY
Costa Rica,CRI,Poverty headcount ratio at $3.00 a day (2021 PPP) (% of population),SI.POV.DDAY,,2007,3.1,SI.POV.DDAY
Costa Rica,CRI,Poverty headcount ratio at $3.00 a day (2021 PPP) (% of population),SI.POV.DDAY,,2008,3.4,SI.POV.DDAY
Costa Rica,CRI,Poverty headcount ratio at $3.00 a day (2021 PPP) (% of population),SI.POV.DDAY,,2009,3.6,SI.POV.DDAY
Costa Rica,CRI,Poverty headcount ratio at $3.00 a day (2021 PPP) (% of population),SI.POV.DDAY,,2010,2.2,SI.POV.DDAY
Costa Rica,CRI,Poverty headcount ratio at $3.00 a day (2021 PPP) (% of population),SI.POV.DDAY,,2011,2.7,SI.POV.DDAY
Costa Rica,CRI,Poverty headcount ratio at $3.00 a day (2021 PPP) (% of population),SI.POV.DDAY,,2012,2.6,SI.POV.DDAY
Costa Rica,CRI,Poverty headcount ratio at $3.00 a day (2021 PPP) (% of population),SI.POV.DDAY,,2013,2.6,SI.POV.DDAY
Costa Rica,CRI,Poverty headcount ratio at $3.00 a day (2021 PPP) (% of population),SI.POV.DDAY,,2014,2.4,SI.POV.DDAY
Costa Rica,CRI,Poverty headcount ratio at $3.00 a day (2021 PPP) (% of population),SI.POV.DDAY,,2015,2.4,SI.POV.DDAY
Costa Rica,CRI,Poverty headcount ratio at $3.00 a day (2021 PPP) (% of population),SI.POV.DDAY,,2016,2.4,SI.POV.DDAY
Costa Rica,CRI,Poverty headcount ratio at $3.00 a day (2021 PPP) (% of population),SI.POV.DDAY,,2017,1.7,SI.POV.DDAY
Costa Rica,CRI,Poverty headcount ratio at $3.00 a day (2021 PPP) (% of population),SI.POV.DDAY,,2018,2.3,SI.POV.DDAY
Costa Rica,CRI,Poverty headcount ratio at $3.00 a day (2021 PPP) (% of population),SI.POV.DDAY,,2019,1.7,SI.POV.DDAY
Costa Rica,CRI,Poverty headcount ratio at $3.00 a day (2021 PPP) (% of population),SI.POV.DDAY,,2020,3.4,SI.POV.DDAY
Costa Rica,CRI,Poverty headcount ratio at $3.00 a day (2021 PPP) (% of population),SI.POV.DDAY,,2021,2.2,SI.POV.DDAY
Costa Rica,CRI,Poverty headcount ratio at $3.00 a day (2021 PPP) (% of population),SI.POV.DDAY,,2022,1.6,SI.POV.DDAY
Costa Rica,CRI,Poverty headcount ratio at $3.00 a day (2021 PPP) (% of population),SI.POV.DDAY,,2023,1.5,SI.POV.DDAY
Cyprus,CYP,Poverty headcount ratio at $3.00 a day (2021 PPP) (% of population),SI.POV.DDAY,,2004,0.1,SI.POV.DDAY
Cyprus,CYP,Poverty headcount ratio at $3.00 a day (2021 PPP) (% of population),SI.POV.DDAY,,2005,0.1,SI.POV.DDAY
Cyprus,CYP,Poverty headcount ratio at $3.00 a day (2021 PPP) (% of population),SI.POV.DDAY,,2006,0.0,SI.POV.DDAY
Cyprus,CYP,Poverty headcount ratio at $3.00 a day (2021 PPP) (% of population),SI.POV.DDAY,,2007,0.0,SI.POV.DDAY
Cyprus,CYP,Poverty headcount ratio at $3.00 a day (2021 PPP) (% of population),SI.POV.DDAY,,2008,0.0,SI.POV.DDAY
Cyprus,CYP,Poverty headcount ratio at $3.00 a day (2021 PPP) (% of population),SI.POV.DDAY,,2009,0.1,SI.POV.DDAY
Cyprus,CYP,Poverty headcount ratio at $3.00 a day (2021 PPP) (% of population),SI.POV.DDAY,,2010,0.1,SI.POV.DDAY
Cyprus,CYP,Poverty headcount ratio at $3.00 a day (2021 PPP) (% of population),SI.POV.DDAY,,2011,0.0,SI.POV.DDAY
Cyprus,CYP,Poverty headcount ratio at $3.00 a day (2021 PPP) (% of population),SI.POV.DDAY,,2012,0.0,SI.POV.DDAY
Cyprus,CYP,Poverty headcount ratio at $3.00 a day (2021 PPP) (% of population),SI.POV.DDAY,,2013,0.1,SI.POV.DDAY
Cyprus,CYP,Poverty headcount ratio at $3.00 a day (2021 PPP) (% of population),SI.POV.DDAY,,2014,0.1,SI.POV.DDAY
Cyprus,CYP,Poverty headcount ratio at $3.00 a day (2021 PPP) (% of population),SI.POV.DDAY,,2015,0.0,SI.POV.DDAY
Cyprus,CYP,Poverty headcount ratio at $3.00 a day (2021 PPP) (% of population),SI.POV.DDAY,,2016,0.1,SI.POV.DDAY
Cyprus,CYP,Poverty headcount ratio at $3.00 a day (2021 PPP) (% of population),SI.POV.DDAY,,2017,0.1,SI.POV.DDAY
Cyprus,CYP,Poverty headcount ratio at $3.00 a day (2021 PPP) (% of population),SI.POV.DDAY,,2018,0.1,SI.POV.DDAY
Cyprus,CYP,Poverty headcount ratio at $3.00 a day (2021 PPP) (% of population),SI.POV.DDAY,,2019,0.2,SI.POV.DDAY
Cyprus,CYP,Poverty headcount ratio at $3.00 a day (2021 PPP) (% of population),SI.POV.DDAY,,2020,0.0,SI.POV.DDAY
Cyprus,CYP,Poverty headcount ratio at $3.00 a day (2021 PPP) (% of population),SI.POV.DDAY,,2021,0.0,SI.POV.DDAY
Cyprus,CYP,Poverty headcount ratio at $3.00 a day (2021 PPP) (% of population),SI.POV.DDAY,,2022,0.0,SI.POV.DDAY
Cyprus,CYP,Poverty headcount ratio at $3.00 a day (2021 PPP) (% of population),SI.POV.DDAY,,2023,0.0,SI.POV.DDAY
Czechia,CZE,Poverty headcount ratio at $3.00 a day (2021 PPP) (% of population),SI.POV.DDAY,,2002,0.0,SI.POV.DDAY
Czechia,CZE,Poverty headcount ratio at $3.00 a day (2021 PPP) (% of population),SI.POV.DDAY,,2004,0.0,SI.POV.DDAY
Czechia,CZE,Poverty headcount ratio at $3.00 a day (2021 PPP) (% of population),SI.POV.DDAY,,2005,0.0,SI.POV.DDAY
Czechia,CZE,Poverty headcount ratio at $3.00 a day (2021 PPP) (% of population),SI.POV.DDAY,,2006,0.1,SI.POV.DDAY
Czechia,CZE,Poverty headcount ratio at $3.00 a day (2021 PPP) (% of population),SI.POV.DDAY,,2007,0.1,SI.POV.DDAY
Czechia,CZE,Poverty headcount ratio at $3.00 a day (2021 PPP) (% of population),SI.POV.DDAY,,2008,0.1,SI.POV.DDAY
Czechia,CZE,Poverty headcount ratio at $3.00 a day (2021 PPP) (% of population),SI.POV.DDAY,,2009,0.0,SI.POV.DDAY
Czechia,CZE,Poverty headcount ratio at $3.00 a day (2021 PPP) (% of population),SI.POV.DDAY,,2010,0.0,SI.POV.DDAY
Czechia,CZE,Poverty headcount ratio at $3.00 a day (2021 PPP) (% of population),SI.POV.DDAY,,2011,0.1,SI.POV.DDAY
Czechia,CZE,Poverty headcount ratio at $3.00 a day (2021 PPP) (% of population),SI.POV.DDAY,,2012,0.1,SI.POV.DDAY
Czechia,CZE,Poverty headcount ratio at $3.00 a day (2021 PPP) (% of population),SI.POV.DDAY,,2013,0.0,SI.POV.DDAY
Czechia,CZE,Poverty headcount ratio at $3.00 a day (2021 PPP) (% of population),SI.POV.DDAY,,2014,0.0,SI.POV.DDAY
Czechia,CZE,Poverty headcount ratio at $3.00 a day (2021 PPP) (% of population),SI.POV.DDAY,,2015,0.0,SI.POV.DDAY
Czechia,CZE,Poverty headcount ratio at $3.00 a day (2021 PPP) (% of population),SI.POV.DDAY,,2016,0.0,SI.POV.DDAY
Czechia,CZE,Poverty headcount ratio at $3.00 a day (2021 PPP) (% of population),SI.POV.DDAY,,2017,0.0,SI.POV.DDAY
Czechia,CZE,Poverty headcount ratio at $3.00 a day (2021 PPP) (% of population),SI.POV.DDAY,,2018,0.0,SI.POV.DDAY
Czechia,CZE,Poverty headcount ratio at $3.00 a day (2021 PPP) (% of population),SI.POV.DDAY,,2019,0.0,SI.POV.DDAY
Czechia,CZE,Poverty headcount ratio at $3.00 a day (2021 PPP) (% of population),SI.POV.DDAY,,2020,0.0,SI.POV.DDAY
Czechia,CZE,Poverty headcount ratio at $3.00 a day (2021 PPP) (% of population),SI.POV.DDAY,,2021,0.1,SI.POV.DDAY
Czechia,CZE,Poverty headcount ratio at $3.00 a day (2021 PPP) (% of population),SI.POV.DDAY,,2022,0.0,SI.POV.DDAY
Czechia,CZE,Poverty headcount ratio at $3.00 a day (2021 PPP) (% of population),SI.POV.DDAY,,2023,0.0,SI.POV.DDAY
Germany,DEU,Poverty headcount ratio at $3.00 a day (2021 PPP) (% of population),SI.POV.DDAY,,2000,0.0,SI.POV.DDAY
Germany,DEU,Poverty headcount ratio at $3.00 a day (2021 PPP) (% of population),SI.POV.DDAY,,2001,0.0,SI.POV.DDAY
Germany,DEU,Poverty headcount ratio at $3.00 a day (2021 PPP) (% of population),SI.POV.DDAY,,2002,0.0,SI.POV.DDAY
Germany,DEU,Poverty headcount ratio at $3.00 a day (2021 PPP) (% of population),SI.POV.DDAY,,2003,0.2,SI.POV.DDAY
Germany,DEU,Poverty headcount ratio at $3.00 a day (2021 PPP) (% of population),SI.POV.DDAY,,2004,0.0,SI.POV.DDAY
Germany,DEU,Poverty headcount ratio at $3.00 a day (2021 PPP) (% of population),SI.POV.DDAY,,2005,0.0,SI.POV.DDAY
Germany,DEU,Poverty headcount ratio at $3.00 a day (2021 PPP) (% of population),SI.POV.DDAY,,2006,0.0,SI.POV.DDAY
Germany,DEU,Poverty headcount ratio at $3.00 a day (2021 PPP) (% of population),SI.POV.DDAY,,2007,0.0,SI.POV.DDAY
Germany,DEU,Poverty headcount ratio at $3.00 a day (2021 PPP) (% of population),SI.POV.DDAY,,2008,0.0,SI.POV.DDAY
Germany,DEU,Poverty headcount ratio at $3.00 a day (2021 PPP) (% of population),SI.POV.DDAY,,2009,0.0,SI.POV.DDAY
Germany,DEU,Poverty headcount ratio at $3.00 a day (2021 PPP) (% of population),SI.POV.DDAY,,2010,0.0,SI.POV.DDAY
Germany,DEU,Poverty headcount ratio at $3.00 a day (2021 PPP) (% of population),SI.POV.DDAY,,2011,0.0,SI.POV.DDAY
Germany,DEU,Poverty headcount ratio at $3.00 a day (2021 PPP) (% of population),SI.POV.DDAY,,2012,0.0,SI.POV.DDAY
Germany,DEU,Poverty headcount ratio at $3.00 a day (2021 PPP) (% of population),SI.POV.DDAY,,2013,0.0,SI.POV.DDAY
Germany,DEU,Poverty headcount ratio at $3.00 a day (2021 PPP) (% of population),SI.POV.DDAY,,2014,0.0,SI.POV.DDAY
Germany,DEU,Poverty headcount ratio at $3.00 a day (2021 PPP) (% of population),SI.POV.DDAY,,2015,0.0,SI.POV.DDAY
Germany,DEU,Poverty headcount ratio at $3.00 a day (2021 PPP) (% of population),SI.POV.DDAY,,2016,0.0,SI.POV.DDAY
Germany,DEU,Poverty headcount ratio at $3.00 a day (2021 PPP) (% of population),SI.POV.DDAY,,2017,0.2,SI.POV.DDAY
Germany,DEU,Poverty headcount ratio at $3.00 a day (2021 PPP) (% of population),SI.POV.DDAY,,2018,0.0,SI.POV.DDAY
Germany,DEU,Poverty headcount ratio at $3.00 a day (2021 PPP) (% of population),SI.POV.DDAY,,2019,0.2,SI.POV.DDAY
Germany,DEU,Poverty headcount ratio at $3.00 a day (2021 PPP) (% of population),SI.POV.DDAY,,2020,0.2,SI.POV.DDAY
Djibouti,DJI,Poverty headcount ratio at $3.00 a day (2021 PPP) (% of population),SI.POV.DDAY,,2002,32.3,SI.POV.DDAY
Djibouti,DJI,Poverty headcount ratio at $3.00 a day (2021 PPP) (% of population),SI.POV.DDAY,,2012,26.4,SI.POV.DDAY
Djibouti,DJI,Poverty headcount ratio at $3.00 a day (2021 PPP) (% of population),SI.POV.DDAY,,2013,31.2,SI.POV.DDAY
Djibouti,DJI,Poverty headcount ratio at $3.00 a day (2021 PPP) (% of population),SI.POV.DDAY,,2017,25.4,SI.POV.DDAY
Denmark,DNK,Poverty headcount ratio at $3.00 a day (2021 PPP) (% of population),SI.POV.DDAY,,2000,0.0,SI.POV.DDAY
Denmark,DNK,Poverty headcount ratio at $3.00 a day (2021 PPP) (% of population),SI.POV.DDAY,,2003,0.4,SI.POV.DDAY
Denmark,DNK,Poverty headcount ratio at $3.00 a day (2021 PPP) (% of population),SI.POV.DDAY,,2004,0.3,SI.POV.DDAY
Denmark,DNK,Poverty headcount ratio at $3.00 a day (2021 PPP) (% of population),SI.POV.DDAY,,2005,0.3,SI.POV.DDAY
Denmark,DNK,Poverty headcount ratio at $3.00 a day (2021 PPP) (% of population),SI.POV.DDAY,,2006,0.2,SI.POV.DDAY
Denmark,DNK,Poverty headcount ratio at $3.00 a day (2021 PPP) (% of population),SI.POV.DDAY,,2007,0.1,SI.POV.DDAY
Denmark,DNK,Poverty headcount ratio at $3.00 a day (2021 PPP) (% of population),SI.POV.DDAY,,2008,0.3,SI.POV.DDAY
Denmark,DNK,Poverty headcount ratio at $3.00 a day (2021 PPP) (% of population),SI.POV.DDAY,,2009,0.6,SI.POV.DDAY
Denmark,DNK,Poverty headcount ratio at $3.00 a day (2021 PPP) (% of population),SI.POV.DDAY,,2010,0.1,SI.POV.DDAY
Denmark,DNK,Poverty headcount ratio at $3.00 a day (2021 PPP) (% of population),SI.POV.DDAY,,2011,0.0,SI.POV.DDAY
Denmark,DNK,Poverty headcount ratio at $3.00 a day (2021 PPP) (% of population),SI.POV.DDAY,,2012,0.0,SI.POV.DDAY
Denmark,DNK,Poverty headcount ratio at $3.00 a day (2021 PPP) (% of population),SI.POV.DDAY,,2013,0.3,SI.POV.DDAY
Denmark,DNK,Poverty headcount ratio at $3.00 a day (2021 PPP) (% of population),SI.POV.DDAY,,2014,0.2,SI.POV.DDAY
Denmark,DNK,Poverty headcount ratio at $3.00 a day (2021 PPP) (% of population),SI.POV.DDAY,,2015,0.2,SI.POV.DDAY
Denmark,DNK,Poverty headcount ratio at $3.00 a day (2021 PPP) (% of population),SI.POV.DDAY,,2016,0.3,SI.POV.DDAY
Denmark,DNK,Poverty headcount ratio at $3.00 a day (2021 PPP) (% of population),SI.POV.DDAY,,2017,0.1,SI.POV.DDAY
Denmark,DNK,Poverty headcount ratio at $3.00 a day (2021 PPP) (% of population),SI.POV.DDAY,,2018,0.2,SI.POV.DDAY
Denmark,DNK,Poverty headcount ratio at $3.00 a day (2021 PPP) (% of population),SI.POV.DDAY,,2019,0.3,SI.POV.DDAY
Denmark,DNK,Poverty headcount ratio at $3.00 a day (2021 PPP) (% of population),SI.POV.DDAY,,2020,0.2,SI.POV.DDAY
Denmark,DNK,Poverty headcount ratio at $3.00 a day (2021 PPP) (% of population),SI.POV.DDAY,,2021,0.2,SI.POV.DDAY
Denmark,DNK,Poverty headcount ratio at $3.00 a day (2021 PPP) (% of population),SI.POV.DDAY,,2022,0.2,SI.POV.DDAY
Denmark,DNK,Poverty headcount ratio at $3.00 a day (2021 PPP) (% of population),SI.POV.DDAY,,2023,0.4,SI.POV.DDAY
Dominican Republic,DOM,Poverty headcount ratio at $3.00 a day (2021 PPP) (% of population),SI.POV.DDAY,,2000,8.3,SI.POV.DDAY
Dominican Republic,DOM,Poverty headcount ratio at $3.00 a day (2021 PPP) (% of population),SI.POV.DDAY,,2001,6.6,SI.POV.DDAY
Dominican Republic,DOM,Poverty headcount ratio at $3.00 a day (2021 PPP) (% of population),SI.POV.DDAY,,2002,9.0,SI.POV.DDAY
Dominican Republic,DOM,Poverty headcount ratio at $3.00 a day (2021 PPP) (% of population),SI.POV.DDAY,,2003,10.7,SI.POV.DDAY
Dominican Republic,DOM,Poverty headcount ratio at $3.00 a day (2021 PPP) (% of population),SI.POV.DDAY,,2004,14.6,SI.POV.DDAY
Dominican Republic,DOM,Poverty headcount ratio at $3.00 a day (2021 PPP) (% of population),SI.POV.DDAY,,2005,9.9,SI.POV.DDAY
Dominican Republic,DOM,Poverty headcount ratio at $3.00 a day (2021 PPP) (% of population),SI.POV.DDAY,,2006,8.1,SI.POV.DDAY
Dominican Republic,DOM,Poverty headcount ratio at $3.00 a day (2021 PPP) (% of population),SI.POV.DDAY,,2007,7.8,SI.POV.DDAY
Dominican Republic,DOM,Poverty headcount ratio at $3.00 a day (2021 PPP) (% of population),SI.POV.DDAY,,2008,7.1,SI.POV.DDAY
Dominican Republic,DOM,Poverty headcount ratio at $3.00 a day (2021 PPP) (% of population),SI.POV.DDAY,,2009,6.3,SI.POV.DDAY
Dominican Republic,DOM,Poverty headcount ratio at $3.00 a day (2021 PPP) (% of population),SI.POV.DDAY,,2010,5.5,SI.POV.DDAY
Dominican Republic,DOM,Poverty headcount ratio at $3.00 a day (2021 PPP) (% of population),SI.POV.DDAY,,2011,5.3,SI.POV.DDAY
Dominican Republic,DOM,Poverty headcount ratio at $3.00 a day (2021 PPP) (% of population),SI.POV.DDAY,,2012,5.4,SI.POV.DDAY
Dominican Republic,DOM,Poverty headcount ratio at $3.00 a day (2021 PPP) (% of population),SI.POV.DDAY,,2013,4.4,SI.POV.DDAY
Dominican Republic,DOM,Poverty headcount ratio at $3.00 a day (2021 PPP) (% of population),SI.POV.DDAY,,2014,4.1,SI.POV.DDAY
Dominican Republic,DOM,Poverty headcount ratio at $3.00 a day (2021 PPP) (% of population),SI.POV.DDAY,,2015,3.3,SI.POV.DDAY
Dominican Republic,DOM,Poverty headcount ratio at $3.00 a day (2021 PPP) (% of population),SI.POV.DDAY,,2016,3.0,SI.POV.DDAY
Dominican Republic,DOM,Poverty headcount ratio at $3.00 a day (2021 PPP) (% of population),SI.POV.DDAY,,2017,1.5,SI.POV.DDAY
Dominican Republic,DOM,Poverty headcount ratio at $3.00 a day (2021 PPP) (% of population),SI.POV.DDAY,,2018,1.1,SI.POV.DDAY
Dominican Republic,DOM,Poverty headcount ratio at $3.00 a day (2021 PPP) (% of population),SI.POV.DDAY,,2019,1.0,SI.POV.DDAY
Dominican Republic,DOM,Poverty headcount ratio at $3.00 a day (2021 PPP) (% of population),SI.POV.DDAY,,2020,1.3,SI.POV.DDAY
Dominican Republic,DOM,Poverty headcount ratio at $3.00 a day (2021 PPP) (% of population),SI.POV.DDAY,,2021,1.3,SI.POV.DDAY
Dominican Republic,DOM,Poverty headcount ratio at $3.00 a day (2021 PPP) (% of population),SI.POV.DDAY,,2022,1.0,SI.POV.DDAY
Dominican Republic,DOM,Poverty headcount ratio at $3.00 a day (2021 PPP) (% of population),SI.POV.DDAY,,2023,1.3,SI.POV.DDAY
Algeria,DZA,Poverty headcount ratio at $3.00 a day (2021 PPP) (% of population),SI.POV.DDAY,,2011,0.0,SI.POV.DDAY
East Asia & Pacific,EAS,Poverty headcount ratio at $3.00 a day (2021 PPP) (% of population),SI.POV.DDAY,,2000,46.8,SI.POV.DDAY
East Asia & Pacific,EAS,Poverty headcount ratio at $3.00 a day (2021 PPP) (% of population),SI.POV.DDAY,,2001,44.2,SI.POV.DDAY
East Asia & Pacific,EAS,Poverty headcount ratio at $3.00 a day (2021 PPP) (% of population),SI.POV.DDAY,,2002,40.2,SI.POV.DDAY
East Asia & Pacific,EAS,Poverty headcount ratio at $3.00 a day (2021 PPP) (% of population),SI.POV.DDAY,,2003,36.5,SI.POV.DDAY
East Asia & Pacific,EAS,Poverty headcount ratio at $3.00 a day (2021 PPP) (% of population),SI.POV.DDAY,,2004,33.1,SI.POV.DDAY
East Asia & Pacific,EAS,Poverty headcount ratio at $3.00 a day (2021 PPP) (% of population),SI.POV.DDAY,,2005,29.0,SI.POV.DDAY
East Asia & Pacific,EAS,Poverty headcount ratio at $3.00 a day (2021 PPP) (% of population),SI.POV.DDAY,,2006,27.8,SI.POV.DDAY
East Asia & Pacific,EAS,Poverty headcount ratio at $3.00 a day (2021 PPP) (% of population),SI.POV.DDAY,,2007,25.2,SI.POV.DDAY
East Asia & Pacific,EAS,Poverty headcount ratio at $3.00 a day (2021 PPP) (% of population),SI.POV.DDAY,,2008,23.5,SI.POV.DDAY
East Asia & Pacific,EAS,Poverty headcount ratio at $3.00 a day (2021 PPP) (% of population),SI.POV.DDAY,,2009,21.5,SI.POV.DDAY
East Asia & Pacific,EAS,Poverty headcount ratio at $3.00 a day (2021 PPP) (% of population),SI.POV.DDAY,,2010,18.8,SI.POV.DDAY
East Asia & Pacific,EAS,Poverty headcount ratio at $3.00 a day (2021 PPP) (% of population),SI.POV.DDAY,,2011,15.5,SI.POV.DDAY
East Asia & Pacific,EAS,Poverty headcount ratio at $3.00 a day (2021 PPP) (% of population),SI.POV.DDAY,,2012,13.5,SI.POV.DDAY
East Asia & Pacific,EAS,Poverty headcount ratio at $3.00 a day (2021 PPP) (% of population),SI.POV.DDAY,,2013,9.1,SI.POV.DDAY
East Asia & Pacific,EAS,Poverty headcount ratio at $3.00 a day (2021 PPP) (% of population),SI.POV.DDAY,,2014,7.8,SI.POV.DDAY
East Asia & Pacific,EAS,Poverty headcount ratio at $3.00 a day (2021 PPP) (% of population),SI.POV.DDAY,,2015,6.1,SI.POV.DDAY
East Asia & Pacific,EAS,Poverty headcount ratio at $3.00 a day (2021 PPP) (% of population),SI.POV.DDAY,,2016,5.1,SI.POV.DDAY
East Asia & Pacific,EAS,Poverty headcount ratio at $3.00 a day (2021 PPP) (% of population),SI.POV.DDAY,,2017,4.2,SI.POV.DDAY
East Asia & Pacific,EAS,Poverty headcount ratio at $3.00 a day (2021 PPP) (% of population),SI.POV.DDAY,,2018,3.3,SI.POV.DDAY
East Asia & Pacific,EAS,Poverty headcount ratio at $3.00 a day (2021 PPP) (% of population),SI.POV.DDAY,,2019,2.6,SI.POV.DDAY
East Asia & Pacific,EAS,Poverty headcount ratio at $3.00 a day (2021 PPP) (% of population),SI.POV.DDAY,,2020,2.7,SI.POV.DDAY
East Asia & Pacific,EAS,Poverty headcount ratio at $3.00 a day (2021 PPP) (% of population),SI.POV.DDAY,,2021,2.6,SI.POV.DDAY
East Asia & Pacific,EAS,Poverty headcount ratio at $3.00 a day (2021 PPP) (% of population),SI.POV.DDAY,,2022,2.4,SI.POV.DDAY
East Asia & Pacific,EAS,Poverty headcount ratio at $3.00 a day (2021 PPP) (% of population),SI.POV.DDAY,,2023,2.2,SI.POV.DDAY
Europe & Central Asia,ECS,Poverty headcount ratio at $3.00 a day (2021 PPP) (% of population),SI.POV.DDAY,,2000,7.6,SI.POV.DDAY
Europe & Central Asia,ECS,Poverty headcount ratio at $3.00 a day (2021 PPP) (% of population),SI.POV.DDAY,,2001,6.9,SI.POV.DDAY
Europe & Central Asia,ECS,Poverty headcount ratio at $3.00 a day (2021 PPP) (% of population),SI.POV.DDAY,,2002,6.2,SI.POV.DDAY
Europe & Central Asia,ECS,Poverty headcount ratio at $3.00 a day (2021 PPP) (% of population),SI.POV.DDAY,,2003,5.9,SI.POV.DDAY
Europe & Central Asia,ECS,Poverty headcount ratio at $3.00 a day (2021 PPP) (% of population),SI.POV.DDAY,,2004,5.1,SI.POV.DDAY
Europe & Central Asia,ECS,Poverty headcount ratio at $3.00 a day (2021 PPP) (% of population),SI.POV.DDAY,,2005,5.0,SI.POV.DDAY
Europe & Central Asia,ECS,Poverty headcount ratio at $3.00 a day (2021 PPP) (% of population),SI.POV.DDAY,,2006,4.4,SI.POV.DDAY
Europe & Central Asia,ECS,Poverty headcount ratio at $3.00 a day (2021 PPP) (% of population),SI.POV.DDAY,,2007,4.0,SI.POV.DDAY
Europe & Central Asia,ECS,Poverty headcount ratio at $3.00 a day (2021 PPP) (% of population),SI.POV.DDAY,,2008,3.7,SI.POV.DDAY
Europe & Central Asia,ECS,Poverty headcount ratio at $3.00 a day (2021 PPP) (% of population),SI.POV.DDAY,,2009,3.7,SI.POV.DDAY
Europe & Central Asia,ECS,Poverty headcount ratio at $3.00 a day (2021 PPP) (% of population),SI.POV.DDAY,,2010,3.8,SI.POV.DDAY
Europe & Central Asia,ECS,Poverty headcount ratio at $3.00 a day (2021 PPP) (% of population),SI.POV.DDAY,,2011,3.6,SI.POV.DDAY
Europe & Central Asia,ECS,Poverty headcount ratio at $3.00 a day (2021 PPP) (% of population),SI.POV.DDAY,,2012,3.6,SI.POV.DDAY
Europe & Central Asia,ECS,Poverty headcount ratio at $3.00 a day (2021 PPP) (% of population),SI.POV.DDAY,,2013,1.1,SI.POV.DDAY
Europe & Central Asia,ECS,Poverty headcount ratio at $3.00 a day (2021 PPP) (% of population),SI.POV.DDAY,,2014,1.2,SI.POV.DDAY
Europe & Central Asia,ECS,Poverty headcount ratio at $3.00 a day (2021 PPP) (% of population),SI.POV.DDAY,,2015,1.2,SI.POV.DDAY
Europe & Central Asia,ECS,Poverty headcount ratio at $3.00 a day (2021 PPP) (% of population),SI.POV.DDAY,,2016,1.0,SI.POV.DDAY
Europe & Central Asia,ECS,Poverty headcount ratio at $3.00 a day (2021 PPP) (% of population),SI.POV.DDAY,,2017,1.0,SI.POV.DDAY
Europe & Central Asia,ECS,Poverty headcount ratio at $3.00 a day (2021 PPP) (% of population),SI.POV.DDAY,,2018,0.8,SI.POV.DDAY
Europe & Central Asia,ECS,Poverty headcount ratio at $3.00 a day (2021 PPP) (% of population),SI.POV.DDAY,,2019,0.8,SI.POV.DDAY
Europe & Central Asia,ECS,Poverty headcount ratio at $3.00 a day (2021 PPP) (% of population),SI.POV.DDAY,,2020,0.8,SI.POV.DDAY
Europe & Central Asia,ECS,Poverty headcount ratio at $3.00 a day (2021 PPP) (% of population),SI.POV.DDAY,,2021,0.8,SI.POV.DDAY
Europe & Central Asia,ECS,Poverty headcount ratio at $3.00 a day (2021 PPP) (% of population),SI.POV.DDAY,,2022,0.7,SI.POV.DDAY
Europe & Central Asia,ECS,Poverty headcount ratio at $3.00 a day (2021 PPP) (% of population),SI.POV.DDAY,,2023,0.6,SI.POV.DDAY
Ecuador,ECU,Poverty headcount ratio at $3.00 a day (2021 PPP) (% of population),SI.POV.DDAY,,2000,34.1,SI.POV.DDAY
Ecuador,ECU,Poverty headcount ratio at $3.00 a day (2021 PPP) (% of population),SI.POV.DDAY,,2003,18.9,SI.POV.DDAY
Ecuador,ECU,Poverty headcount ratio at $3.00 a day (2021 PPP) (% of population),SI.POV.DDAY,,2004,19.4,SI.POV.DDAY
Ecuador,ECU,Poverty headcount ratio at $3.00 a day (2021 PPP) (% of population),SI.POV.DDAY,,2005,15.4,SI.POV.DDAY
Ecuador,ECU,Poverty headcount ratio at $3.00 a day (2021 PPP) (% of population),SI.POV.DDAY,,2006,10.9,SI.POV.DDAY
Ecuador,ECU,Poverty headcount ratio at $3.00 a day (2021 PPP) (% of population),SI.POV.DDAY,,2007,10.9,SI.POV.DDAY
Ecuador,ECU,Poverty headcount ratio at $3.00 a day (2021 PPP) (% of population),SI.POV.DDAY,,2008,9.8,SI.POV.DDAY
Ecuador,ECU,Poverty headcount ratio at $3.00 a day (2021 PPP) (% of population),SI.POV.DDAY,,2009,9.3,SI.POV.DDAY
Ecuador,ECU,Poverty headcount ratio at $3.00 a day (2021 PPP) (% of population),SI.POV.DDAY,,2010,7.8,SI.POV.DDAY
Ecuador,ECU,Poverty headcount ratio at $3.00 a day (2021 PPP) (% of population),SI.POV.DDAY,,2011,6.4,SI.POV.DDAY
Ecuador,ECU,Poverty headcount ratio at $3.00 a day (2021 PPP) (% of population),SI.POV.DDAY,,2012,6.0,SI.POV.DDAY
Ecuador,ECU,Poverty headcount ratio at $3.00 a day (2021 PPP) (% of population),SI.POV.DDAY,,2013,4.5,SI.POV.DDAY
Ecuador,ECU,Poverty headcount ratio at $3.00 a day (2021 PPP) (% of population),SI.POV.DDAY,,2014,4.0,SI.POV.DDAY
Ecuador,ECU,Poverty headcount ratio at $3.00 a day (2021 PPP) (% of population),SI.POV.DDAY,,2015,4.8,SI.POV.DDAY
Ecuador,ECU,Poverty headcount ratio at $3.00 a day (2021 PPP) (% of population),SI.POV.DDAY,,2016,5.0,SI.POV.DDAY
Ecuador,ECU,Poverty headcount ratio at $3.00 a day (2021 PPP) (% of population),SI.POV.DDAY,,2017,4.3,SI.POV.DDAY
Ecuador,ECU,Poverty headcount ratio at $3.00 a day (2021 PPP) (% of population),SI.POV.DDAY,,2018,4.7,SI.POV.DDAY
Ecuador,ECU,Poverty headcount ratio at $3.00 a day (2021 PPP) (% of population),SI.POV.DDAY,,2019,4.6,SI.POV.DDAY
Ecuador,ECU,Poverty headcount ratio at $3.00 a day (2021 PPP) (% of population),SI.POV.DDAY,,2020,8.4,SI.POV.DDAY
Ecuador,ECU,Poverty headcount ratio at $3.00 a day (2021 PPP) (% of population),SI.POV.DDAY,,2021,5.3,SI.POV.DDAY
Ecuador,ECU,Poverty headcount ratio at $3.00 a day (2021 PPP) (% of population),SI.POV.DDAY,,2022,4.4,SI.POV.DDAY
Ecuador,ECU,Poverty headcount ratio at $3.00 a day (2021 PPP) (% of population),SI.POV.DDAY,,2023,4.7,SI.POV.DDAY
"Egypt, Arab Rep.",EGY,Poverty headcount ratio at $3.00 a day (2021 PPP) (% of population),SI.POV.DDAY,,2004,4.1,SI.POV.DDAY
"Egypt, Arab Rep.",EGY,Poverty headcount ratio at $3.00 a day (2021 PPP) (% of population),SI.POV.DDAY,,2008,3.7,SI.POV.DDAY
"Egypt, Arab Rep.",EGY,Poverty headcount ratio at $3.00 a day (2021 PPP) (% of population),SI.POV.DDAY,,2010,1.5,SI.POV.DDAY
"Egypt, Arab Rep.",EGY,Poverty headcount ratio at $3.00 a day (2021 PPP) (% of population),SI.POV.DDAY,,2012,1.2,SI.POV.DDAY
"Egypt, Arab Rep.",EGY,Poverty headcount ratio at $3.00 a day (2021 PPP) (% of population),SI.POV.DDAY,,2015,1.2,SI.POV.DDAY
"Egypt, Arab Rep.",EGY,Poverty headcount ratio at $3.00 a day (2021 PPP) (% of population),SI.POV.DDAY,,2017,3.1,SI.POV.DDAY
"Egypt, Arab Rep.",EGY,Poverty headcount ratio at $3.00 a day (2021 PPP) (% of population),SI.POV.DDAY,,2019,2.0,SI.POV.DDAY
"Egypt, Arab Rep.",EGY,Poverty headcount ratio at $3.00 a day (2021 PPP) (% of population),SI.POV.DDAY,,2021,1.4,SI.POV.DDAY
Spain,ESP,Poverty headcount ratio at $3.00 a day (2021 PPP) (% of population),SI.POV.DDAY,,2000,0.9,SI.POV.DDAY
Spain,ESP,Poverty headcount ratio at $3.00 a day (2021 PPP) (% of population),SI.POV.DDAY,,2003,0.9,SI.POV.DDAY
Spain,ESP,Poverty headcount ratio at $3.00 a day (2021 PPP) (% of population),SI.POV.DDAY,,2004,1.0,SI.POV.DDAY
Spain,ESP,Poverty headcount ratio at $3.00 a day (2021 PPP) (% of population),SI.POV.DDAY,,2005,0.9,SI.POV.DDAY
Spain,ESP,Poverty headcount ratio at $3.00 a day (2021 PPP) (% of population),SI.POV.DDAY,,2006,0.9,SI.POV.DDAY
Spain,ESP,Poverty headcount ratio at $3.00 a day (2021 PPP) (% of population),SI.POV.DDAY,,2007,0.6,SI.POV.DDAY
Spain,ESP,Poverty headcount ratio at $3.00 a day (2021 PPP) (% of population),SI.POV.DDAY,,2008,0.6,SI.POV.DDAY
Spain,ESP,Poverty headcount ratio at $3.00 a day (2021 PPP) (% of population),SI.POV.DDAY,,2009,0.9,SI.POV.DDAY
Spain,ESP,Poverty headcount ratio at $3.00 a day (2021 PPP) (% of population),SI.POV.DDAY,,2010,0.7,SI.POV.DDAY
Spain,ESP,Poverty headcount ratio at $3.00 a day (2021 PPP) (% of population),SI.POV.DDAY,,2011,1.3,SI.POV.DDAY
Spain,ESP,Poverty headcount ratio at $3.00 a day (2021 PPP) (% of population),SI.POV.DDAY,,2012,1.0,SI.POV.DDAY
Spain,ESP,Poverty headcount ratio at $3.00 a day (2021 PPP) (% of population),SI.POV.DDAY,,2013,1.3,SI.POV.DDAY
Spain,ESP,Poverty headcount ratio at $3.00 a day (2021 PPP) (% of population),SI.POV.DDAY,,2014,0.9,SI.POV.DDAY
Spain,ESP,Poverty headcount ratio at $3.00 a day (2021 PPP) (% of population),SI.POV.DDAY,,2015,1.1,SI.POV.DDAY
Spain,ESP,Poverty headcount ratio at $3.00 a day (2021 PPP) (% of population),SI.POV.DDAY,,2016,1.3,SI.POV.DDAY
Spain,ESP,Poverty headcount ratio at $3.00 a day (2021 PPP) (% of population),SI.POV.DDAY,,2017,0.8,SI.POV.DDAY
Spain,ESP,Poverty headcount ratio at $3.00 a day (2021 PPP) (% of population),SI.POV.DDAY,,2018,1.0,SI.POV.DDAY
Spain,ESP,Poverty headcount ratio at $3.00 a day (2021 PPP) (% of population),SI.POV.DDAY,,2019,0.9,SI.POV.DDAY
Spain,ESP,Poverty headcount ratio at $3.00 a day (2021 PPP) (% of population),SI.POV.DDAY,,2020,1.1,SI.POV.DDAY
Spain,ESP,Poverty headcount ratio at $3.00 a day (2021 PPP) (% of population),SI.POV.DDAY,,2021,0.7,SI.POV.DDAY
Spain,ESP,Poverty headcount ratio at $3.00 a day (2021 PPP) (% of population),SI.POV.DDAY,,2022,0.8,SI.POV.DDAY
Spain,ESP,Poverty headcount ratio at $3.00 a day (2021 PPP) (% of population),SI.POV.DDAY,,2023,0.8,SI.POV.DDAY
Estonia,EST,Poverty headcount ratio at $3.00 a day (2021 PPP) (% of population),SI.POV.DDAY,,2000,3.0,SI.POV.DDAY
Estonia,EST,Poverty headcount ratio at $3.00 a day (2021 PPP) (% of population),SI.POV.DDAY,,2001,3.0,SI.POV.DDAY
Estonia,EST,Poverty headcount ratio at $3.00 a day (2021 PPP) (% of population),SI.POV.DDAY,,2002,2.9,SI.POV.DDAY
Estonia,EST,Poverty headcount ratio at $3.00 a day (2021 PPP) (% of population),SI.POV.DDAY,,2003,3.6,SI.POV.DDAY
Estonia,EST,Poverty headcount ratio at $3.00 a day (2021 PPP) (% of population),SI.POV.DDAY,,2004,1.6,SI.POV.DDAY
Estonia,EST,Poverty headcount ratio at $3.00 a day (2021 PPP) (% of population),SI.POV.DDAY,,2005,1.1,SI.POV.DDAY
Estonia,EST,Poverty headcount ratio at $3.00 a day (2021 PPP) (% of population),SI.POV.DDAY,,2006,1.1,SI.POV.DDAY
Estonia,EST,Poverty headcount ratio at $3.00 a day (2021 PPP) (% of population),SI.POV.DDAY,,2007,0.6,SI.POV.DDAY
Estonia,EST,Poverty headcount ratio at $3.00 a day (2021 PPP) (% of population),SI.POV.DDAY,,2008,0.6,SI.POV.DDAY
Estonia,EST,Poverty headcount ratio at $3.00 a day (2021 PPP) (% of population),SI.POV.DDAY,,2009,0.8,SI.POV.DDAY
Estonia,EST,Poverty headcount ratio at $3.00 a day (2021 PPP) (% of population),SI.POV.DDAY,,2010,1.0,SI.POV.DDAY
Estonia,EST,Poverty headcount ratio at $3.00 a day (2021 PPP) (% of population),SI.POV.DDAY,,2011,1.2,SI.POV.DDAY
Estonia,EST,Poverty headcount ratio at $3.00 a day (2021 PPP) (% of population),SI.POV.DDAY,,2012,1.0,SI.POV.DDAY
Estonia,EST,Poverty headcount ratio at $3.00 a day (2021 PPP) (% of population),SI.POV.DDAY,,2013,1.1,SI.POV.DDAY
Estonia,EST,Poverty headcount ratio at $3.00 a day (2021 PPP) (% of population),SI.POV.DDAY,,2014,1.0,SI.POV.DDAY
Estonia,EST,Poverty headcount ratio at $3.00 a day (2021 PPP) (% of population),SI.POV.DDAY,,2015,0.7,SI.POV.DDAY
Estonia,EST,Poverty headcount ratio at $3.00 a day (2021 PPP) (% of population),SI.POV.DDAY,,2016,0.6,SI.POV.DDAY
Estonia,EST,Poverty headcount ratio at $3.00 a day (2021 PPP) (% of population),SI.POV.DDAY,,2017,0.5,SI.POV.DDAY
Estonia,EST,Poverty headcount ratio at $3.00 a day (2021 PPP) (% of population),SI.POV.DDAY,,2018,0.4,SI.POV.DDAY
Estonia,EST,Poverty headcount ratio at $3.00 a day (2021 PPP) (% of population),SI.POV.DDAY,,2019,0.7,SI.POV.DDAY
Estonia,EST,Poverty headcount ratio at $3.00 a day (2021 PPP) (% of population),SI.POV.DDAY,,2020,0.4,SI.POV.DDAY
Estonia,EST,Poverty headcount ratio at $3.00 a day (2021 PPP) (% of population),SI.POV.DDAY,,2021,0.3,SI.POV.DDAY
Estonia,EST,Poverty headcount ratio at $3.00 a day (2021 PPP) (% of population),SI.POV.DDAY,,2022,0.5,SI.POV.DDAY
Estonia,EST,Poverty headcount ratio at $3.00 a day (2021 PPP) (% of population),SI.POV.DDAY,,2023,0.3,SI.POV.DDAY
Ethiopia,ETH,Poverty headcount ratio at $3.00 a day (2021 PPP) (% of population),SI.POV.DDAY,,2004,41.3,SI.POV.DDAY
Ethiopia,ETH,Poverty headcount ratio at $3.00 a day (2021 PPP) (% of population),SI.POV.DDAY,,2010,37.4,SI.POV.DDAY
Ethiopia,ETH,Poverty headcount ratio at $3.00 a day (2021 PPP) (% of population),SI.POV.DDAY,,2015,33.0,SI.POV.DDAY
Ethiopia,ETH,Poverty headcount ratio at $3.00 a day (2021 PPP) (% of population),SI.POV.DDAY,,2021,38.6,SI.POV.DDAY
Fragile and conflict affected situations,FCS,Poverty headcount ratio at $3.00 a day (2021 PPP) (% of population),SI.POV.DDAY,,2001,51.5,SI.POV.DDAY
Fragile and conflict affected situations,FCS,Poverty headcount ratio at $3.00 a day (2021 PPP) (% of population),SI.POV.DDAY,,2002,51.1,SI.POV.DDAY
Fragile and conflict affected situations,FCS,Poverty headcount ratio at $3.00 a day (2021 PPP) (% of population),SI.POV.DDAY,,2003,50.0,SI.POV.DDAY
Fragile and conflict affected situations,FCS,Poverty headcount ratio at $3.00 a day (2021 PPP) (% of population),SI.POV.DDAY,,2004,47.0,SI.POV.DDAY
Fragile and conflict affected situations,FCS,Poverty headcount ratio at $3.00 a day (2021 PPP) (% of population),SI.POV.DDAY,,2005,45.2,SI.POV.DDAY
Fragile and conflict affected situations,FCS,Poverty headcount ratio at $3.00 a day (2021 PPP) (% of population),SI.POV.DDAY,,2006,44.0,SI.POV.DDAY
Fragile and conflict affected situations,FCS,Poverty headcount ratio at $3.00 a day (2021 PPP) (% of population),SI.POV.DDAY,,2007,42.6,SI.POV.DDAY
Fragile and conflict affected situations,FCS,Poverty headcount ratio at $3.00 a day (2021 PPP) (% of population),SI.POV.DDAY,,2008,41.4,SI.POV.DDAY
Fragile and conflict affected situations,FCS,Poverty headcount ratio at $3.00 a day (2021 PPP) (% of population),SI.POV.DDAY,,2009,40.5,SI.POV.DDAY
Fragile and conflict affected situations,FCS,Poverty headcount ratio at $3.00 a day (2021 PPP) (% of population),SI.POV.DDAY,,2010,38.8,SI.POV.DDAY
Fragile and conflict affected situations,FCS,Poverty headcount ratio at $3.00 a day (2021 PPP) (% of population),SI.POV.DDAY,,2011,38.5,SI.POV.DDAY
Fragile and conflict affected situations,FCS,Poverty headcount ratio at $3.00 a day (2021 PPP) (% of population),SI.POV.DDAY,,2012,37.6,SI.POV.DDAY
Fragile and conflict affected situations,FCS,Poverty headcount ratio at $3.00 a day (2021 PPP) (% of population),SI.POV.DDAY,,2013,36.9,SI.POV.DDAY
Fragile and conflict affected situations,FCS,Poverty headcount ratio at $3.00 a day (2021 PPP) (% of population),SI.POV.DDAY,,2014,36.5,SI.POV.DDAY
Fragile and conflict affected situations,FCS,Poverty headcount ratio at $3.00 a day (2021 PPP) (% of population),SI.POV.DDAY,,2015,36.6,SI.POV.DDAY
Fragile and conflict affected situations,FCS,Poverty headcount ratio at $3.00 a day (2021 PPP) (% of population),SI.POV.DDAY,,2016,37.0,SI.POV.DDAY
Fragile and conflict affected situations,FCS,Poverty headcount ratio at $3.00 a day (2021 PPP) (% of population),SI.POV.DDAY,,2017,36.9,SI.POV.DDAY
Fragile and conflict affected situations,FCS,Poverty headcount ratio at $3.00 a day (2021 PPP) (% of population),SI.POV.DDAY,,2018,36.9,SI.POV.DDAY
Fragile and conflict affected situations,FCS,Poverty headcount ratio at $3.00 a day (2021 PPP) (% of population),SI.POV.DDAY,,2020,39.5,SI.POV.DDAY
Fragile and conflict affected situations,FCS,Poverty headcount ratio at $3.00 a day (2021 PPP) (% of population),SI.POV.DDAY,,2021,40.8,SI.POV.DDAY
Fragile and conflict affected situations,FCS,Poverty headcount ratio at $3.00 a day (2021 PPP) (% of population),SI.POV.DDAY,,2022,40.8,SI.POV.DDAY
Fragile and conflict affected situations,FCS,Poverty headcount ratio at $3.00 a day (2021 PPP) (% of population),SI.POV.DDAY,,2023,41.5,SI.POV.DDAY
Finland,FIN,Poverty headcount ratio at $3.00 a day (2021 PPP) (% of population),SI.POV.DDAY,,2000,0.0,SI.POV.DDAY
Finland,FIN,Poverty headcount ratio at $3.00 a day (2021 PPP) (% of population),SI.POV.DDAY,,2003,0.0,SI.POV.DDAY
Finland,FIN,Poverty headcount ratio at $3.00 a day (2021 PPP) (% of population),SI.POV.DDAY,,2004,0.0,SI.POV.DDAY
Finland,FIN,Poverty headcount ratio at $3.00 a day (2021 PPP) (% of population),SI.POV.DDAY,,2005,0.1,SI.POV.DDAY
Finland,FIN,Poverty headcount ratio at $3.00 a day (2021 PPP) (% of population),SI.POV.DDAY,,2006,0.1,SI.POV.DDAY
Finland,FIN,Poverty headcount ratio at $3.00 a day (2021 PPP) (% of population),SI.POV.DDAY,,2007,0.1,SI.POV.DDAY
Finland,FIN,Poverty headcount ratio at $3.00 a day (2021 PPP) (% of population),SI.POV.DDAY,,2008,0.1,SI.POV.DDAY
Finland,FIN,Poverty headcount ratio at $3.00 a day (2021 PPP) (% of population),SI.POV.DDAY,,2009,0.1,SI.POV.DDAY
Finland,FIN,Poverty headcount ratio at $3.00 a day (2021 PPP) (% of population),SI.POV.DDAY,,2010,0.1,SI.POV.DDAY
Finland,FIN,Poverty headcount ratio at $3.00 a day (2021 PPP) (% of population),SI.POV.DDAY,,2011,0.1,SI.POV.DDAY
Finland,FIN,Poverty headcount ratio at $3.00 a day (2021 PPP) (% of population),SI.POV.DDAY,,2012,0.1,SI.POV.DDAY
Finland,FIN,Poverty headcount ratio at $3.00 a day (2021 PPP) (% of population),SI.POV.DDAY,,2013,0.1,SI.POV.DDAY
Finland,FIN,Poverty headcount ratio at $3.00 a day (2021 PPP) (% of population),SI.POV.DDAY,,2014,0.1,SI.POV.DDAY
Finland,FIN,Poverty headcount ratio at $3.00 a day (2021 PPP) (% of population),SI.POV.DDAY,,2015,0.1,SI.POV.DDAY
Finland,FIN,Poverty headcount ratio at $3.00 a day (2021 PPP) (% of population),SI.POV.DDAY,,2016,0.0,SI.POV.DDAY
Finland,FIN,Poverty headcount ratio at $3.00 a day (2021 PPP) (% of population),SI.POV.DDAY,,2017,0.1,SI.POV.DDAY
Finland,FIN,Poverty headcount ratio at $3.00 a day (2021 PPP) (% of population),SI.POV.DDAY,,2018,0.1,SI.POV.DDAY
Finland,FIN,Poverty headcount ratio at $3.00 a day (2021 PPP) (% of population),SI.POV.DDAY,,2019,0.0,SI.POV.DDAY
Finland,FIN,Poverty headcount ratio at $3.00 a day (2021 PPP) (% of population),SI.POV.DDAY,,2020,0.0,SI.POV.DDAY
Finland,FIN,Poverty headcount ratio at $3.00 a day (2021 PPP) (% of population),SI.POV.DDAY,,2021,0.0,SI.POV.DDAY
Finland,FIN,Poverty headcount ratio at $3.00 a day (2021 PPP) (% of population),SI.POV.DDAY,,2022,0.1,SI.POV.DDAY
Finland,FIN,Poverty headcount ratio at $3.00 a day (2021 PPP) (% of population),SI.POV.DDAY,,2023,0.2,SI.POV.DDAY
Fiji,FJI,Poverty headcount ratio at $3.00 a day (2021 PPP) (% of population),SI.POV.DDAY,,2002,5.4,SI.POV.DDAY
Fiji,FJI,Poverty headcount ratio at $3.00 a day (2021 PPP) (% of population),SI.POV.DDAY,,2008,3.8,SI.POV.DDAY
Fiji,FJI,Poverty headcount ratio at $3.00 a day (2021 PPP) (% of population),SI.POV.DDAY,,2013,1.6,SI.POV.DDAY
Fiji,FJI,Poverty headcount ratio at $3.00 a day (2021 PPP) (% of population),SI.POV.DDAY,,2019,4.7,SI.POV.DDAY
France,FRA,Poverty headcount ratio at $3.00 a day (2021 PPP) (% of population),SI.POV.DDAY,,2000,0.0,SI.POV.DDAY
France,FRA,Poverty headcount ratio at $3.00 a day (2021 PPP) (% of population),SI.POV.DDAY,,2001,0.0,SI.POV.DDAY
France,FRA,Poverty headcount ratio at $3.00 a day (2021 PPP) (% of population),SI.POV.DDAY,,2002,0.0,SI.POV.DDAY
France,FRA,Poverty headcount ratio at $3.00 a day (2021 PPP) (% of population),SI.POV.DDAY,,2003,0.2,SI.POV.DDAY
France,FRA,Poverty headcount ratio at $3.00 a day (2021 PPP) (% of population),SI.POV.DDAY,,2004,0.1,SI.POV.DDAY
France,FRA,Poverty headcount ratio at $3.00 a day (2021 PPP) (% of population),SI.POV.DDAY,,2005,0.1,SI.POV.DDAY
France,FRA,Poverty headcount ratio at $3.00 a day (2021 PPP) (% of population),SI.POV.DDAY,,2006,0.0,SI.POV.DDAY
France,FRA,Poverty headcount ratio at $3.00 a day (2021 PPP) (% of population),SI.POV.DDAY,,2007,0.0,SI.POV.DDAY
France,FRA,Poverty headcount ratio at $3.00 a day (2021 PPP) (% of population),SI.POV.DDAY,,2008,0.0,SI.POV.DDAY
France,FRA,Poverty headcount ratio at $3.00 a day (2021 PPP) (% of population),SI.POV.DDAY,,2009,0.1,SI.POV.DDAY
France,FRA,Poverty headcount ratio at $3.00 a day (2021 PPP) (% of population),SI.POV.DDAY,,2010,0.1,SI.POV.DDAY
France,FRA,Poverty headcount ratio at $3.00 a day (2021 PPP) (% of population),SI.POV.DDAY,,2011,0.0,SI.POV.DDAY
France,FRA,Poverty headcount ratio at $3.00 a day (2021 PPP) (% of population),SI.POV.DDAY,,2012,0.1,SI.POV.DDAY
France,FRA,Poverty headcount ratio at $3.00 a day (2021 PPP) (% of population),SI.POV.DDAY,,2013,0.1,SI.POV.DDAY
France,FRA,Poverty headcount ratio at $3.00 a day (2021 PPP) (% of population),SI.POV.DDAY,,2014,0.0,SI.POV.DDAY
France,FRA,Poverty headcount ratio at $3.00 a day (2021 PPP) (% of population),SI.POV.DDAY,,2015,0.1,SI.POV.DDAY
France,FRA,Poverty headcount ratio at $3.00 a day (2021 PPP) (% of population),SI.POV.DDAY,,2016,0.1,SI.POV.DDAY
France,FRA,Poverty headcount ratio at $3.00 a day (2021 PPP) (% of population),SI.POV.DDAY,,2017,0.0,SI.POV.DDAY
France,FRA,Poverty headcount ratio at $3.00 a day (2021 PPP) (% of population),SI.POV.DDAY,,2018,0.0,SI.POV.DDAY
France,FRA,Poverty headcount ratio at $3.00 a day (2021 PPP) (% of population),SI.POV.DDAY,,2019,0.1,SI.POV.DDAY
France,FRA,Poverty headcount ratio at $3.00 a day (2021 PPP) (% of population),SI.POV.DDAY,,2020,0.1,SI.POV.DDAY
France,FRA,Poverty headcount ratio at $3.00 a day (2021 PPP) (% of population),SI.POV.DDAY,,2021,0.1,SI.POV.DDAY
France,FRA,Poverty headcount ratio at $3.00 a day (2021 PPP) (% of population),SI.POV.DDAY,,2022,0.1,SI.POV.DDAY
France,FRA,Poverty headcount ratio at $3.00 a day (2021 PPP) (% of population),SI.POV.DDAY,,2023,0.1,SI.POV.DDAY
"Micronesia, Fed. Sts.",FSM,Poverty headcount ratio at $3.00 a day (2021 PPP) (% of population),SI.POV.DDAY,,2005,15.8,SI.POV.DDAY
"Micronesia, Fed. Sts.",FSM,Poverty headcount ratio at $3.00 a day (2021 PPP) (% of population),SI.POV.DDAY,,2013,26.1,SI.POV.DDAY
Gabon,GAB,Poverty headcount ratio at $3.00 a day (2021 PPP) (% of population),SI.POV.DDAY,,2005,9.2,SI.POV.DDAY
Gabon,GAB,Poverty headcount ratio at $3.00 a day (2021 PPP) (% of population),SI.POV.DDAY,,2017,3.8,SI.POV.DDAY
United Kingdom,GBR,Poverty headcount ratio at $3.00 a day (2021 PPP) (% of population),SI.POV.DDAY,,2000,0.2,SI.POV.DDAY
United Kingdom,GBR,Poverty headcount ratio at $3.00 a day (2021 PPP) (% of population),SI.POV.DDAY,,2001,0.2,SI.POV.DDAY
United Kingdom,GBR,Poverty headcount ratio at $3.00 a day (2021 PPP) (% of population),SI.POV.DDAY,,2002,0.2,SI.POV.DDAY
United Kingdom,GBR,Poverty headcount ratio at $3.00 a day (2021 PPP) (% of population),SI.POV.DDAY,,2003,0.2,SI.POV.DDAY
United Kingdom,GBR,Poverty headcount ratio at $3.00 a day (2021 PPP) (% of population),SI.POV.DDAY,,2004,0.2,SI.POV.DDAY
United Kingdom,GBR,Poverty headcount ratio at $3.00 a day (2021 PPP) (% of population),SI.POV.DDAY,,2005,0.2,SI.POV.DDAY
United Kingdom,GBR,Poverty headcount ratio at $3.00 a day (2021 PPP) (% of population),SI.POV.DDAY,,2006,0.2,SI.POV.DDAY
United Kingdom,GBR,Poverty headcount ratio at $3.00 a day (2021 PPP) (% of population),SI.POV.DDAY,,2007,0.2,SI.POV.DDAY
United Kingdom,GBR,Poverty headcount ratio at $3.00 a day (2021 PPP) (% of population),SI.POV.DDAY,,2008,0.2,SI.POV.DDAY
United Kingdom,GBR,Poverty headcount ratio at $3.00 a day (2021 PPP) (% of population),SI.POV.DDAY,,2009,0.2,SI.POV.DDAY
United Kingdom,GBR,Poverty headcount ratio at $3.00 a day (2021 PPP) (% of population),SI.POV.DDAY,,2010,0.2,SI.POV.DDAY
United Kingdom,GBR,Poverty headcount ratio at $3.00 a day (2021 PPP) (% of population),SI.POV.DDAY,,2011,0.2,SI.POV.DDAY
United Kingdom,GBR,Poverty headcount ratio at $3.00 a day (2021 PPP) (% of population),SI.POV.DDAY,,2012,0.5,SI.POV.DDAY
United Kingdom,GBR,Poverty headcount ratio at $3.00 a day (2021 PPP) (% of population),SI.POV.DDAY,,2013,0.2,SI.POV.DDAY
United Kingdom,GBR,Poverty headcount ratio at $3.00 a day (2021 PPP) (% of population),SI.POV.DDAY,,2014,0.2,SI.POV.DDAY
United Kingdom,GBR,Poverty headcount ratio at $3.00 a day (2021 PPP) (% of population),SI.POV.DDAY,,2015,0.2,SI.POV.DDAY
United Kingdom,GBR,Poverty headcount ratio at $3.00 a day (2021 PPP) (% of population),SI.POV.DDAY,,2016,0.2,SI.POV.DDAY
United Kingdom,GBR,Poverty headcount ratio at $3.00 a day (2021 PPP) (% of population),SI.POV.DDAY,,2017,0.2,SI.POV.DDAY
United Kingdom,GBR,Poverty headcount ratio at $3.00 a day (2021 PPP) (% of population),SI.POV.DDAY,,2018,0.5,SI.POV.DDAY
United Kingdom,GBR,Poverty headcount ratio at $3.00 a day (2021 PPP) (% of population),SI.POV.DDAY,,2019,0.5,SI.POV.DDAY
United Kingdom,GBR,Poverty headcount ratio at $3.00 a day (2021 PPP) (% of population),SI.POV.DDAY,,2020,0.5,SI.POV.DDAY
United Kingdom,GBR,Poverty headcount ratio at $3.00 a day (2021 PPP) (% of population),SI.POV.DDAY,,2021,0.5,SI.POV.DDAY
Georgia,GEO,Poverty headcount ratio at $3.00 a day (2021 PPP) (% of population),SI.POV.DDAY,,2000,35.0,SI.POV.DDAY
Georgia,GEO,Poverty headcount ratio at $3.00 a day (2021 PPP) (% of population),SI.POV.DDAY,,2001,36.7,SI.POV.DDAY
Georgia,GEO,Poverty headcount ratio at $3.00 a day (2021 PPP) (% of population),SI.POV.DDAY,,2002,22.3,SI.POV.DDAY
Georgia,GEO,Poverty headcount ratio at $3.00 a day (2021 PPP) (% of population),SI.POV.DDAY,,2003,22.3,SI.POV.DDAY
Georgia,GEO,Poverty headcount ratio at $3.00 a day (2021 PPP) (% of population),SI.POV.DDAY,,2004,20.9,SI.POV.DDAY
Georgia,GEO,Poverty headcount ratio at $3.00 a day (2021 PPP) (% of population),SI.POV.DDAY,,2005,22.3,SI.POV.DDAY
Georgia,GEO,Poverty headcount ratio at $3.00 a day (2021 PPP) (% of population),SI.POV.DDAY,,2006,22.5,SI.POV.DDAY
Georgia,GEO,Poverty headcount ratio at $3.00 a day (2021 PPP) (% of population),SI.POV.DDAY,,2007,23.9,SI.POV.DDAY
Georgia,GEO,Poverty headcount ratio at $3.00 a day (2021 PPP) (% of population),SI.POV.DDAY,,2008,21.7,SI.POV.DDAY
Georgia,GEO,Poverty headcount ratio at $3.00 a day (2021 PPP) (% of population),SI.POV.DDAY,,2009,21.1,SI.POV.DDAY
Georgia,GEO,Poverty headcount ratio at $3.00 a day (2021 PPP) (% of population),SI.POV.DDAY,,2010,23.6,SI.POV.DDAY
Georgia,GEO,Poverty headcount ratio at $3.00 a day (2021 PPP) (% of population),SI.POV.DDAY,,2011,21.6,SI.POV.DDAY
Georgia,GEO,Poverty headcount ratio at $3.00 a day (2021 PPP) (% of population),SI.POV.DDAY,,2012,18.8,SI.POV.DDAY
Georgia,GEO,Poverty headcount ratio at $3.00 a day (2021 PPP) (% of population),SI.POV.DDAY,,2013,14.9,SI.POV.DDAY
Georgia,GEO,Poverty headcount ratio at $3.00 a day (2021 PPP) (% of population),SI.POV.DDAY,,2014,12.0,SI.POV.DDAY
Georgia,GEO,Poverty headcount ratio at $3.00 a day (2021 PPP) (% of population),SI.POV.DDAY,,2015,10.6,SI.POV.DDAY
Georgia,GEO,Poverty headcount ratio at $3.00 a day (2021 PPP) (% of population),SI.POV.DDAY,,2016,10.5,SI.POV.DDAY
Georgia,GEO,Poverty headcount ratio at $3.00 a day (2021 PPP) (% of population),SI.POV.DDAY,,2017,11.1,SI.POV.DDAY
Georgia,GEO,Poverty headcount ratio at $3.00 a day (2021 PPP) (% of population),SI.POV.DDAY,,2018,11.0,SI.POV.DDAY
Georgia,GEO,Poverty headcount ratio at $3.00 a day (2021 PPP) (% of population),SI.POV.DDAY,,2019,9.7,SI.POV.DDAY
Georgia,GEO,Poverty headcount ratio at $3.00 a day (2021 PPP) (% of population),SI.POV.DDAY,,2020,12.0,SI.POV.DDAY
Georgia,GEO,Poverty headcount ratio at $3.00 a day (2021 PPP) (% of population),SI.POV.DDAY,,2021,10.8,SI.POV.DDAY
Georgia,GEO,Poverty headcount ratio at $3.00 a day (2021 PPP) (% of population),SI.POV.DDAY,,2022,7.7,SI.POV.DDAY
Georgia,GEO,Poverty headcount ratio at $3.00 a day (2021 PPP) (% of population),SI.POV.DDAY,,2023,5.8,SI.POV.DDAY
Ghana,GHA,Poverty headcount ratio at $3.00 a day (2021 PPP) (% of population),SI.POV.DDAY,,2005,60.9,SI.POV.DDAY
Ghana,GHA,Poverty headcount ratio at $3.00 a day (2021 PPP) (% of population),SI.POV.DDAY,,2012,41.8,SI.POV.DDAY
Ghana,GHA,Poverty headcount ratio at $3.00 a day (2021 PPP) (% of population),SI.POV.DDAY,,2016,39.0,SI.POV.DDAY
Guinea,GIN,Poverty headcount ratio at $3.00 a day (2021 PPP) (% of population),SI.POV.DDAY,,2002,50.3,SI.POV.DDAY
Guinea,GIN,Poverty headcount ratio at $3.00 a day (2021 PPP) (% of population),SI.POV.DDAY,,2007,44.0,SI.POV.DDAY
Guinea,GIN,Poverty headcount ratio at $3.00 a day (2021 PPP) (% of population),SI.POV.DDAY,,2012,21.3,SI.POV.DDAY
Guinea,GIN,Poverty headcount ratio at $3.00 a day (2021 PPP) (% of population),SI.POV.DDAY,,2018,11.7,SI.POV.DDAY
"Gambia, The",GMB,Poverty headcount ratio at $3.00 a day (2021 PPP) (% of population),SI.POV.DDAY,,2003,55.2,SI.POV.DDAY
"Gambia, The",GMB,Poverty headcount ratio at $3.00 a day (2021 PPP) (% of population),SI.POV.DDAY,,2010,34.2,SI.POV.DDAY
"Gambia, The",GMB,Poverty headcount ratio at $3.00 a day (2021 PPP) (% of population),SI.POV.DDAY,,2015,17.1,SI.POV.DDAY
"Gambia, The",GMB,Poverty headcount ratio at $3.00 a day (2021 PPP) (% of population),SI.POV.DDAY,,2020,22.0,SI.POV.DDAY
Guinea-Bissau,GNB,Poverty headcount ratio at $3.00 a day (2021 PPP) (% of population),SI.POV.DDAY,,2002,68.2,SI.POV.DDAY
Guinea-Bissau,GNB,Poverty headcount ratio at $3.00 a day (2021 PPP) (% of population),SI.POV.DDAY,,2010,75.7,SI.POV.DDAY
Guinea-Bissau,GNB,Poverty headcount ratio at $3.00 a day (2021 PPP) (% of population),SI.POV.DDAY,,2018,37.1,SI.POV.DDAY
Guinea-Bissau,GNB,Poverty headcount ratio at $3.00 a day (2021 PPP) (% of population),SI.POV.DDAY,,2021,39.9,SI.POV.DDAY
Equatorial Guinea,GNQ,Poverty headcount ratio at $3.00 a day (2021 PPP) (% of population),SI.POV.DDAY,,2022,8.8,SI.POV.DDAY
Greece,GRC,Poverty headcount ratio at $3.00 a day (2021 PPP) (% of population),SI.POV.DDAY,,2000,0.2,SI.POV.DDAY
Greece,GRC,Poverty headcount ratio at $3.00 a day (2021 PPP) (% of population),SI.POV.DDAY,,2002,0.2,SI.POV.DDAY
Greece,GRC,Poverty headcount ratio at $3.00 a day (2021 PPP) (% of population),SI.POV.DDAY,,2003,0.6,SI.POV.DDAY
Greece,GRC,Poverty headcount ratio at $3.00 a day (2021 PPP) (% of population),SI.POV.DDAY,,2004,0.9,SI.POV.DDAY
Greece,GRC,Poverty headcount ratio at $3.00 a day (2021 PPP) (% of population),SI.POV.DDAY,,2005,0.4,SI.POV.DDAY
Greece,GRC,Poverty headcount ratio at $3.00 a day (2021 PPP) (% of population),SI.POV.DDAY,,2006,0.7,SI.POV.DDAY
Greece,GRC,Poverty headcount ratio at $3.00 a day (2021 PPP) (% of population),SI.POV.DDAY,,2007,0.6,SI.POV.DDAY
Greece,GRC,Poverty headcount ratio at $3.00 a day (2021 PPP) (% of population),SI.POV.DDAY,,2008,0.4,SI.POV.DDAY
Greece,GRC,Poverty headcount ratio at $3.00 a day (2021 PPP) (% of population),SI.POV.DDAY,,2009,0.6,SI.POV.DDAY
Greece,GRC,Poverty headcount ratio at $3.00 a day (2021 PPP) (% of population),SI.POV.DDAY,,2010,1.1,SI.POV.DDAY
Greece,GRC,Poverty headcount ratio at $3.00 a day (2021 PPP) (% of population),SI.POV.DDAY,,2011,1.5,SI.POV.DDAY
Greece,GRC,Poverty headcount ratio at $3.00 a day (2021 PPP) (% of population),SI.POV.DDAY,,2012,2.1,SI.POV.DDAY
Greece,GRC,Poverty headcount ratio at $3.00 a day (2021 PPP) (% of population),SI.POV.DDAY,,2013,1.5,SI.POV.DDAY
Greece,GRC,Poverty headcount ratio at $3.00 a day (2021 PPP) (% of population),SI.POV.DDAY,,2014,2.0,SI.POV.DDAY
Greece,GRC,Poverty headcount ratio at $3.00 a day (2021 PPP) (% of population),SI.POV.DDAY,,2015,2.0,SI.POV.DDAY
Greece,GRC,Poverty headcount ratio at $3.00 a day (2021 PPP) (% of population),SI.POV.DDAY,,2016,1.4,SI.POV.DDAY
Greece,GRC,Poverty headcount ratio at $3.00 a day (2021 PPP) (% of population),SI.POV.DDAY,,2017,1.1,SI.POV.DDAY
Greece,GRC,Poverty headcount ratio at $3.00 a day (2021 PPP) (% of population),SI.POV.DDAY,,2018,0.2,SI.POV.DDAY
Greece,GRC,Poverty headcount ratio at $3.00 a day (2021 PPP) (% of population),SI.POV.DDAY,,2019,1.0,SI.POV.DDAY
Greece,GRC,Poverty headcount ratio at $3.00 a day (2021 PPP) (% of population),SI.POV.DDAY,,2020,1.1,SI.POV.DDAY
Greece,GRC,Poverty headcount ratio at $3.00 a day (2021 PPP) (% of population),SI.POV.DDAY,,2021,0.7,SI.POV.DDAY
Greece,GRC,Poverty headcount ratio at $3.00 a day (2021 PPP) (% of population),SI.POV.DDAY,,2022,0.6,SI.POV.DDAY
Greece,GRC,Poverty headcount ratio at $3.00 a day (2021 PPP) (% of population),SI.POV.DDAY,,2023,0.6,SI.POV.DDAY
Grenada,GRD,Poverty headcount ratio at $3.00 a day (2021 PPP) (% of population),SI.POV.DDAY,,2018,0.8,SI.POV.DDAY
Guatemala,GTM,Poverty headcount ratio at $3.00 a day (2021 PPP) (% of population),SI.POV.DDAY,,2000,8.8,SI.POV.DDAY
Guatemala,GTM,Poverty headcount ratio at $3.00 a day (2021 PPP) (% of population),SI.POV.DDAY,,2006,10.5,SI.POV.DDAY
Guatemala,GTM,Poverty headcount ratio at $3.00 a day (2021 PPP) (% of population),SI.POV.DDAY,,2014,8.0,SI.POV.DDAY
Guatemala,GTM,Poverty headcount ratio at $3.00 a day (2021 PPP) (% of population),SI.POV.DDAY,,2023,9.7,SI.POV.DDAY
High income,HIC,Poverty headcount ratio at $3.00 a day (2021 PPP) (% of population),SI.POV.DDAY,,2000,1.5,SI.POV.DDAY
High income,HIC,Poverty headcount ratio at $3.00 a day (2021 PPP) (% of population),SI.POV.DDAY,,2001,1.3,SI.POV.DDAY
High income,HIC,Poverty headcount ratio at $3.00 a day (2021 PPP) (% of population),SI.POV.DDAY,,2002,1.1,SI.POV.DDAY
High income,HIC,Poverty headcount ratio at $3.00 a day (2021 PPP) (% of population),SI.POV.DDAY,,2003,1.0,SI.POV.DDAY
High income,HIC,Poverty headcount ratio at $3.00 a day (2021 PPP) (% of population),SI.POV.DDAY,,2004,0.9,SI.POV.DDAY
High income,HIC,Poverty headcount ratio at $3.00 a day (2021 PPP) (% of population),SI.POV.DDAY,,2005,0.8,SI.POV.DDAY
High income,HIC,Poverty headcount ratio at $3.00 a day (2021 PPP) (% of population),SI.POV.DDAY,,2006,0.8,SI.POV.DDAY
High income,HIC,Poverty headcount ratio at $3.00 a day (2021 PPP) (% of population),SI.POV.DDAY,,2007,0.6,SI.POV.DDAY
High income,HIC,Poverty headcount ratio at $3.00 a day (2021 PPP) (% of population),SI.POV.DDAY,,2008,0.6,SI.POV.DDAY
High income,HIC,Poverty headcount ratio at $3.00 a day (2021 PPP) (% of population),SI.POV.DDAY,,2009,0.6,SI.POV.DDAY
High income,HIC,Poverty headcount ratio at $3.00 a day (2021 PPP) (% of population),SI.POV.DDAY,,2010,0.6,SI.POV.DDAY
High income,HIC,Poverty headcount ratio at $3.00 a day (2021 PPP) (% of population),SI.POV.DDAY,,2011,0.6,SI.POV.DDAY
High income,HIC,Poverty headcount ratio at $3.00 a day (2021 PPP) (% of population),SI.POV.DDAY,,2012,0.6,SI.POV.DDAY
High income,HIC,Poverty headcount ratio at $3.00 a day (2021 PPP) (% of population),SI.POV.DDAY,,2013,0.6,SI.POV.DDAY
High income,HIC,Poverty headcount ratio at $3.00 a day (2021 PPP) (% of population),SI.POV.DDAY,,2014,0.7,SI.POV.DDAY
High income,HIC,Poverty headcount ratio at $3.00 a day (2021 PPP) (% of population),SI.POV.DDAY,,2015,0.7,SI.POV.DDAY
High income,HIC,Poverty headcount ratio at $3.00 a day (2021 PPP) (% of population),SI.POV.DDAY,,2016,0.6,SI.POV.DDAY
High income,HIC,Poverty headcount ratio at $3.00 a day (2021 PPP) (% of population),SI.POV.DDAY,,2017,0.6,SI.POV.DDAY
High income,HIC,Poverty headcount ratio at $3.00 a day (2021 PPP) (% of population),SI.POV.DDAY,,2018,0.6,SI.POV.DDAY
High income,HIC,Poverty headcount ratio at $3.00 a day (2021 PPP) (% of population),SI.POV.DDAY,,2019,0.5,SI.POV.DDAY
High income,HIC,Poverty headcount ratio at $3.00 a day (2021 PPP) (% of population),SI.POV.DDAY,,2020,0.4,SI.POV.DDAY
High income,HIC,Poverty headcount ratio at $3.00 a day (2021 PPP) (% of population),SI.POV.DDAY,,2021,0.3,SI.POV.DDAY
High income,HIC,Poverty headcount ratio at $3.00 a day (2021 PPP) (% of population),SI.POV.DDAY,,2022,0.6,SI.POV.DDAY
High income,HIC,Poverty headcount ratio at $3.00 a day (2021 PPP) (% of population),SI.POV.DDAY,,2023,0.6,SI.POV.DDAY
Honduras,HND,Poverty headcount ratio at $3.00 a day (2021 PPP) (% of population),SI.POV.DDAY,,2001,26.5,SI.POV.DDAY
Honduras,HND,Poverty headcount ratio at $3.00 a day (2021 PPP) (% of population),SI.POV.DDAY,,2002,29.0,SI.POV.DDAY
Honduras,HND,Poverty headcount ratio at $3.00 a day (2021 PPP) (% of population),SI.POV.DDAY,,2003,34.0,SI.POV.DDAY
Honduras,HND,Poverty headcount ratio at $3.00 a day (2021 PPP) (% of population),SI.POV.DDAY,,2004,33.3,SI.POV.DDAY
Honduras,HND,Poverty headcount ratio at $3.00 a day (2021 PPP) (% of population),SI.POV.DDAY,,2005,31.3,SI.POV.DDAY
Honduras,HND,Poverty headcount ratio at $3.00 a day (2021 PPP) (% of population),SI.POV.DDAY,,2006,27.3,SI.POV.DDAY
Honduras,HND,Poverty headcount ratio at $3.00 a day (2021 PPP) (% of population),SI.POV.DDAY,,2007,22.0,SI.POV.DDAY
Honduras,HND,Poverty headcount ratio at $3.00 a day (2021 PPP) (% of population),SI.POV.DDAY,,2008,20.9,SI.POV.DDAY
Honduras,HND,Poverty headcount ratio at $3.00 a day (2021 PPP) (% of population),SI.POV.DDAY,,2009,18.1,SI.POV.DDAY
Honduras,HND,Poverty headcount ratio at $3.00 a day (2021 PPP) (% of population),SI.POV.DDAY,,2010,19.6,SI.POV.DDAY
Honduras,HND,Poverty headcount ratio at $3.00 a day (2021 PPP) (% of population),SI.POV.DDAY,,2011,20.1,SI.POV.DDAY
Honduras,HND,Poverty headcount ratio at $3.00 a day (2021 PPP) (% of population),SI.POV.DDAY,,2012,24.0,SI.POV.DDAY
Honduras,HND,Poverty headcount ratio at $3.00 a day (2021 PPP) (% of population),SI.POV.DDAY,,2013,20.8,SI.POV.DDAY
Honduras,HND,Poverty headcount ratio at $3.00 a day (2021 PPP) (% of population),SI.POV.DDAY,,2014,20.6,SI.POV.DDAY
Honduras,HND,Poverty headcount ratio at $3.00 a day (2021 PPP) (% of population),SI.POV.DDAY,,2015,19.9,SI.POV.DDAY
Honduras,HND,Poverty headcount ratio at $3.00 a day (2021 PPP) (% of population),SI.POV.DDAY,,2016,19.8,SI.POV.DDAY
Honduras,HND,Poverty headcount ratio at $3.00 a day (2021 PPP) (% of population),SI.POV.DDAY,,2017,19.3,SI.POV.DDAY
Honduras,HND,Poverty headcount ratio at $3.00 a day (2021 PPP) (% of population),SI.POV.DDAY,,2018,19.8,SI.POV.DDAY
Honduras,HND,Poverty headcount ratio at $3.00 a day (2021 PPP) (% of population),SI.POV.DDAY,,2019,18.8,SI.POV.DDAY
Honduras,HND,Poverty headcount ratio at $3.00 a day (2021 PPP) (% of population),SI.POV.DDAY,,2023,17.0,SI.POV.DDAY
Croatia,HRV,Poverty headcount ratio at $3.00 a day (2021 PPP) (% of population),SI.POV.DDAY,,2000,0.0,SI.POV.DDAY
Croatia,HRV,Poverty headcount ratio at $3.00 a day (2021 PPP) (% of population),SI.POV.DDAY,,2001,0.0,SI.POV.DDAY
Croatia,HRV,Poverty headcount ratio at $3.00 a day (2021 PPP) (% of population),SI.POV.DDAY,,2004,0.0,SI.POV.DDAY
Croatia,HRV,Poverty headcount ratio at $3.00 a day (2021 PPP) (% of population),SI.POV.DDAY,,2008,0.0,SI.POV.DDAY
Croatia,HRV,Poverty headcount ratio at $3.00 a day (2021 PPP) (% of population),SI.POV.DDAY,,2009,1.0,SI.POV.DDAY
Croatia,HRV,Poverty headcount ratio at $3.00 a day (2021 PPP) (% of population),SI.POV.DDAY,,2010,1.4,SI.POV.DDAY
Croatia,HRV,Poverty headcount ratio at $3.00 a day (2021 PPP) (% of population),SI.POV.DDAY,,2011,1.0,SI.POV.DDAY
Croatia,HRV,Poverty headcount ratio at $3.00 a day (2021 PPP) (% of population),SI.POV.DDAY,,2012,1.1,SI.POV.DDAY
Croatia,HRV,Poverty headcount ratio at $3.00 a day (2021 PPP) (% of population),SI.POV.DDAY,,2013,1.2,SI.POV.DDAY
Croatia,HRV,Poverty headcount ratio at $3.00 a day (2021 PPP) (% of population),SI.POV.DDAY,,2014,1.2,SI.POV.DDAY
Croatia,HRV,Poverty headcount ratio at $3.00 a day (2021 PPP) (% of population),SI.POV.DDAY,,2015,0.7,SI.POV.DDAY
Croatia,HRV,Poverty headcount ratio at $3.00 a day (2021 PPP) (% of population),SI.POV.DDAY,,2016,0.9,SI.POV.DDAY
Croatia,HRV,Poverty headcount ratio at $3.00 a day (2021 PPP) (% of population),SI.POV.DDAY,,2017,0.6,SI.POV.DDAY
Croatia,HRV,Poverty headcount ratio at $3.00 a day (2021 PPP) (% of population),SI.POV.DDAY,,2018,0.5,SI.POV.DDAY
Croatia,HRV,Poverty headcount ratio at $3.00 a day (2021 PPP) (% of population),SI.POV.DDAY,,2019,0.4,SI.POV.DDAY
Croatia,HRV,Poverty headcount ratio at $3.00 a day (2021 PPP) (% of population),SI.POV.DDAY,,2020,0.4,SI.POV.DDAY
Croatia,HRV,Poverty headcount ratio at $3.00 a day (2021 PPP) (% of population),SI.POV.DDAY,,2021,0.3,SI.POV.DDAY
Croatia,HRV,Poverty headcount ratio at $3.00 a day (2021 PPP) (% of population),SI.POV.DDAY,,2022,0.4,SI.POV.DDAY
Croatia,HRV,Poverty headcount ratio at $3.00 a day (2021 PPP) (% of population),SI.POV.DDAY,,2023,0.3,SI.POV.DDAY
Haiti,HTI,Poverty headcount ratio at $3.00 a day (2021 PPP) (% of population),SI.POV.DDAY,,2001,75.1,SI.POV.DDAY
Haiti,HTI,Poverty headcount ratio at $3.00 a day (2021 PPP) (% of population),SI.POV.DDAY,,2012,40.4,SI.POV.DDAY
Hungary,HUN,Poverty headcount ratio at $3.00 a day (2021 PPP) (% of population),SI.POV.DDAY,,2000,0.1,SI.POV.DDAY
Hungary,HUN,Poverty headcount ratio at $3.00 a day (2021 PPP) (% of population),SI.POV.DDAY,,2001,0.0,SI.POV.DDAY
Hungary,HUN,Poverty headcount ratio at $3.00 a day (2021 PPP) (% of population),SI.POV.DDAY,,2002,0.1,SI.POV.DDAY
Hungary,HUN,Poverty headcount ratio at $3.00 a day (2021 PPP) (% of population),SI.POV.DDAY,,2003,0.2,SI.POV.DDAY
Hungary,HUN,Poverty headcount ratio at $3.00 a day (2021 PPP) (% of population),SI.POV.DDAY,,2004,0.3,SI.POV.DDAY
Hungary,HUN,Poverty headcount ratio at $3.00 a day (2021 PPP) (% of population),SI.POV.DDAY,,2005,1.0,SI.POV.DDAY
Hungary,HUN,Poverty headcount ratio at $3.00 a day (2021 PPP) (% of population),SI.POV.DDAY,,2006,0.2,SI.POV.DDAY
Hungary,HUN,Poverty headcount ratio at $3.00 a day (2021 PPP) (% of population),SI.POV.DDAY,,2007,0.2,SI.POV.DDAY
Hungary,HUN,Poverty headcount ratio at $3.00 a day (2021 PPP) (% of population),SI.POV.DDAY,,2008,0.1,SI.POV.DDAY
Hungary,HUN,Poverty headcount ratio at $3.00 a day (2021 PPP) (% of population),SI.POV.DDAY,,2009,0.1,SI.POV.DDAY
Hungary,HUN,Poverty headcount ratio at $3.00 a day (2021 PPP) (% of population),SI.POV.DDAY,,2010,0.2,SI.POV.DDAY
Hungary,HUN,Poverty headcount ratio at $3.00 a day (2021 PPP) (% of population),SI.POV.DDAY,,2011,0.2,SI.POV.DDAY
Hungary,HUN,Poverty headcount ratio at $3.00 a day (2021 PPP) (% of population),SI.POV.DDAY,,2012,0.5,SI.POV.DDAY
Hungary,HUN,Poverty headcount ratio at $3.00 a day (2021 PPP) (% of population),SI.POV.DDAY,,2013,0.5,SI.POV.DDAY
Hungary,HUN,Poverty headcount ratio at $3.00 a day (2021 PPP) (% of population),SI.POV.DDAY,,2014,1.0,SI.POV.DDAY
Hungary,HUN,Poverty headcount ratio at $3.00 a day (2021 PPP) (% of population),SI.POV.DDAY,,2015,1.0,SI.POV.DDAY
Hungary,HUN,Poverty headcount ratio at $3.00 a day (2021 PPP) (% of population),SI.POV.DDAY,,2016,1.6,SI.POV.DDAY
Hungary,HUN,Poverty headcount ratio at $3.00 a day (2021 PPP) (% of population),SI.POV.DDAY,,2017,0.9,SI.POV.DDAY
IDA total,IDA,Poverty headcount ratio at $3.00 a day (2021 PPP) (% of population),SI.POV.DDAY,,2000,58.5,SI.POV.DDAY
IDA total,IDA,Poverty headcount ratio at $3.00 a day (2021 PPP) (% of population),SI.POV.DDAY,,2001,57.8,SI.POV.DDAY
IDA total,IDA,Poverty headcount ratio at $3.00 a day (2021 PPP) (% of population),SI.POV.DDAY,,2002,57.1,SI.POV.DDAY
IDA total,IDA,Poverty headcount ratio at $3.00 a day (2021 PPP) (% of population),SI.POV.DDAY,,2003,55.3,SI.POV.DDAY
IDA total,IDA,Poverty headcount ratio at $3.00 a day (2021 PPP) (% of population),SI.POV.DDAY,,2004,51.9,SI.POV.DDAY
IDA total,IDA,Poverty headcount ratio at $3.00 a day (2021 PPP) (% of population),SI.POV.DDAY,,2005,50.0,SI.POV.DDAY
IDA total,IDA,Poverty headcount ratio at $3.00 a day (2021 PPP) (% of population),SI.POV.DDAY,,2006,48.3,SI.POV.DDAY
IDA total,IDA,Poverty headcount ratio at $3.00 a day (2021 PPP) (% of population),SI.POV.DDAY,,2007,46.5,SI.POV.DDAY
IDA total,IDA,Poverty headcount ratio at $3.00 a day (2021 PPP) (% of population),SI.POV.DDAY,,2008,44.3,SI.POV.DDAY
IDA total,IDA,Poverty headcount ratio at $3.00 a day (2021 PPP) (% of population),SI.POV.DDAY,,2009,43.8,SI.POV.DDAY
IDA total,IDA,Poverty headcount ratio at $3.00 a day (2021 PPP) (% of population),SI.POV.DDAY,,2010,41.8,SI.POV.DDAY
IDA total,IDA,Poverty headcount ratio at $3.00 a day (2021 PPP) (% of population),SI.POV.DDAY,,2011,40.8,SI.POV.DDAY
IDA total,IDA,Poverty headcount ratio at $3.00 a day (2021 PPP) (% of population),SI.POV.DDAY,,2012,39.6,SI.POV.DDAY
IDA total,IDA,Poverty headcount ratio at $3.00 a day (2021 PPP) (% of population),SI.POV.DDAY,,2013,37.1,SI.POV.DDAY
IDA total,IDA,Poverty headcount ratio at $3.00 a day (2021 PPP) (% of population),SI.POV.DDAY,,2014,36.3,SI.POV.DDAY
IDA total,IDA,Poverty headcount ratio at $3.00 a day (2021 PPP) (% of population),SI.POV.DDAY,,2015,36.0,SI.POV.DDAY
IDA total,IDA,Poverty headcount ratio at $3.00 a day (2021 PPP) (% of population),SI.POV.DDAY,,2016,35.6,SI.POV.DDAY
IDA total,IDA,Poverty headcount ratio at $3.00 a day (2021 PPP) (% of population),SI.POV.DDAY,,2017,34.7,SI.POV.DDAY
IDA total,IDA,Poverty headcount ratio at $3.00 a day (2021 PPP) (% of population),SI.POV.DDAY,,2018,34.1,SI.POV.DDAY
IDA total,IDA,Poverty headcount ratio at $3.00 a day (2021 PPP) (% of population),SI.POV.DDAY,,2019,33.8,SI.POV.DDAY
IDA total,IDA,Poverty headcount ratio at $3.00 a day (2021 PPP) (% of population),SI.POV.DDAY,,2020,35.3,SI.POV.DDAY
IDA total,IDA,Poverty headcount ratio at $3.00 a day (2021 PPP) (% of population),SI.POV.DDAY,,2021,35.5,SI.POV.DDAY
IDA total,IDA,Poverty headcount ratio at $3.00 a day (2021 PPP) (% of population),SI.POV.DDAY,,2022,35.1,SI.POV.DDAY
IDA total,IDA,Poverty headcount ratio at $3.00 a day (2021 PPP) (% of population),SI.POV.DDAY,,2023,35.2,SI.POV.DDAY
Indonesia,IDN,Poverty headcount ratio at $3.00 a day (2021 PPP) (% of population),SI.POV.DDAY,,2000,65.7,SI.POV.DDAY
Indonesia,IDN,Poverty headcount ratio at $3.00 a day (2021 PPP) (% of population),SI.POV.DDAY,,2001,62.3,SI.POV.DDAY
Indonesia,IDN,Poverty headcount ratio at $3.00 a day (2021 PPP) (% of population),SI.POV.DDAY,,2002,46.8,SI.POV.DDAY
Indonesia,IDN,Poverty headcount ratio at $3.00 a day (2021 PPP) (% of population),SI.POV.DDAY,,2003,45.5,SI.POV.DDAY
Indonesia,IDN,Poverty headcount ratio at $3.00 a day (2021 PPP) (% of population),SI.POV.DDAY,,2004,45.4,SI.POV.DDAY
Indonesia,IDN,Poverty headcount ratio at $3.00 a day (2021 PPP) (% of population),SI.POV.DDAY,,2005,41.1,SI.POV.DDAY
Indonesia,IDN,Poverty headcount ratio at $3.00 a day (2021 PPP) (% of population),SI.POV.DDAY,,2006,46.8,SI.POV.DDAY
Indonesia,IDN,Poverty headcount ratio at $3.00 a day (2021 PPP) (% of population),SI.POV.DDAY,,2007,41.1,SI.POV.DDAY
Indonesia,IDN,Poverty headcount ratio at $3.00 a day (2021 PPP) (% of population),SI.POV.DDAY,,2008,38.0,SI.POV.DDAY
Indonesia,IDN,Poverty headcount ratio at $3.00 a day (2021 PPP) (% of population),SI.POV.DDAY,,2009,37.9,SI.POV.DDAY
Indonesia,IDN,Poverty headcount ratio at $3.00 a day (2021 PPP) (% of population),SI.POV.DDAY,,2010,34.1,SI.POV.DDAY
Indonesia,IDN,Poverty headcount ratio at $3.00 a day (2021 PPP) (% of population),SI.POV.DDAY,,2011,31.2,SI.POV.DDAY
Indonesia,IDN,Poverty headcount ratio at $3.00 a day (2021 PPP) (% of population),SI.POV.DDAY,,2012,26.6,SI.POV.DDAY
Indonesia,IDN,Poverty headcount ratio at $3.00 a day (2021 PPP) (% of population),SI.POV.DDAY,,2013,27.2,SI.POV.DDAY
Indonesia,IDN,Poverty headcount ratio at $3.00 a day (2021 PPP) (% of population),SI.POV.DDAY,,2014,25.7,SI.POV.DDAY
Indonesia,IDN,Poverty headcount ratio at $3.00 a day (2021 PPP) (% of population),SI.POV.DDAY,,2015,21.6,SI.POV.DDAY
Indonesia,IDN,Poverty headcount ratio at $3.00 a day (2021 PPP) (% of population),SI.POV.DDAY,,2016,18.0,SI.POV.DDAY
Indonesia,IDN,Poverty headcount ratio at $3.00 a day (2021 PPP) (% of population),SI.POV.DDAY,,2017,14.8,SI.POV.DDAY
Indonesia,IDN,Poverty headcount ratio at $3.00 a day (2021 PPP) (% of population),SI.POV.DDAY,,2018,12.5,SI.POV.DDAY
Indonesia,IDN,Poverty headcount ratio at $3.00 a day (2021 PPP) (% of population),SI.POV.DDAY,,2019,10.8,SI.POV.DDAY
Indonesia,IDN,Poverty headcount ratio at $3.00 a day (2021 PPP) (% of population),SI.POV.DDAY,,2020,9.8,SI.POV.DDAY
Indonesia,IDN,Poverty headcount ratio at $3.00 a day (2021 PPP) (% of population),SI.POV.DDAY,,2021,8.6,SI.POV.DDAY
Indonesia,IDN,Poverty headcount ratio at $3.00 a day (2021 PPP) (% of population),SI.POV.DDAY,,2022,7.9,SI.POV.DDAY
Indonesia,IDN,Poverty headcount ratio at $3.00 a day (2021 PPP) (% of population),SI.POV.DDAY,,2023,6.7,SI.POV.DDAY
India,IND,Poverty headcount ratio at $3.00 a day (2021 PPP) (% of population),SI.POV.DDAY,,2004,46.4,SI.POV.DDAY
India,IND,Poverty headcount ratio at $3.00 a day (2021 PPP) (% of population),SI.POV.DDAY,,2009,34.6,SI.POV.DDAY
India,IND,Poverty headcount ratio at $3.00 a day (2021 PPP) (% of population),SI.POV.DDAY,,2011,27.1,SI.POV.DDAY
India,IND,Poverty headcount ratio at $3.00 a day (2021 PPP) (% of population),SI.POV.DDAY,,2022,5.3,SI.POV.DDAY
Ireland,IRL,Poverty headcount ratio at $3.00 a day (2021 PPP) (% of population),SI.POV.DDAY,,2000,0.2,SI.POV.DDAY
Ireland,IRL,Poverty headcount ratio at $3.00 a day (2021 PPP) (% of population),SI.POV.DDAY,,2002,0.2,SI.POV.DDAY
Ireland,IRL,Poverty headcount ratio at $3.00 a day (2021 PPP) (% of population),SI.POV.DDAY,,2003,0.2,SI.POV.DDAY
Ireland,IRL,Poverty headcount ratio at $3.00 a day (2021 PPP) (% of population),SI.POV.DDAY,,2004,0.1,SI.POV.DDAY
Ireland,IRL,Poverty headcount ratio at $3.00 a day (2021 PPP) (% of population),SI.POV.DDAY,,2005,0.1,SI.POV.DDAY
Ireland,IRL,Poverty headcount ratio at $3.00 a day (2021 PPP) (% of population),SI.POV.DDAY,,2006,0.5,SI.POV.DDAY
Ireland,IRL,Poverty headcount ratio at $3.00 a day (2021 PPP) (% of population),SI.POV.DDAY,,2007,0.1,SI.POV.DDAY
Ireland,IRL,Poverty headcount ratio at $3.00 a day (2021 PPP) (% of population),SI.POV.DDAY,,2008,0.2,SI.POV.DDAY
Ireland,IRL,Poverty headcount ratio at $3.00 a day (2021 PPP) (% of population),SI.POV.DDAY,,2009,0.6,SI.POV.DDAY
Ireland,IRL,Poverty headcount ratio at $3.00 a day (2021 PPP) (% of population),SI.POV.DDAY,,2010,0.7,SI.POV.DDAY
Ireland,IRL,Poverty headcount ratio at $3.00 a day (2021 PPP) (% of population),SI.POV.DDAY,,2011,0.7,SI.POV.DDAY
Ireland,IRL,Poverty headcount ratio at $3.00 a day (2021 PPP) (% of population),SI.POV.DDAY,,2012,0.5,SI.POV.DDAY
Ireland,IRL,Poverty headcount ratio at $3.00 a day (2021 PPP) (% of population),SI.POV.DDAY,,2013,0.7,SI.POV.DDAY
Ireland,IRL,Poverty headcount ratio at $3.00 a day (2021 PPP) (% of population),SI.POV.DDAY,,2014,0.4,SI.POV.DDAY
Ireland,IRL,Poverty headcount ratio at $3.00 a day (2021 PPP) (% of population),SI.POV.DDAY,,2015,0.4,SI.POV.DDAY
Ireland,IRL,Poverty headcount ratio at $3.00 a day (2021 PPP) (% of population),SI.POV.DDAY,,2016,0.3,SI.POV.DDAY
Ireland,IRL,Poverty headcount ratio at $3.00 a day (2021 PPP) (% of population),SI.POV.DDAY,,2017,0.3,SI.POV.DDAY
Ireland,IRL,Poverty headcount ratio at $3.00 a day (2021 PPP) (% of population),SI.POV.DDAY,,2018,0.1,SI.POV.DDAY
Ireland,IRL,Poverty headcount ratio at $3.00 a day (2021 PPP) (% of population),SI.POV.DDAY,,2019,0.1,SI.POV.DDAY
Ireland,IRL,Poverty headcount ratio at $3.00 a day (2021 PPP) (% of population),SI.POV.DDAY,,2020,0.2,SI.POV.DDAY
Ireland,IRL,Poverty headcount ratio at $3.00 a day (2021 PPP) (% of population),SI.POV.DDAY,,2021,0.1,SI.POV.DDAY
Ireland,IRL,Poverty headcount ratio at $3.00 a day (2021 PPP) (% of population),SI.POV.DDAY,,2022,0.2,SI.POV.DDAY
Ireland,IRL,Poverty headcount ratio at $3.00 a day (2021 PPP) (% of population),SI.POV.DDAY,,2023,0.1,SI.POV.DDAY
"Iran, Islamic Rep.",IRN,Poverty headcount ratio at $3.00 a day (2021 PPP) (% of population),SI.POV.DDAY,,2005,4.5,SI.POV.DDAY
"Iran, Islamic Rep.",IRN,Poverty headcount ratio at $3.00 a day (2021 PPP) (% of population),SI.POV.DDAY,,2006,4.5,SI.POV.DDAY
"Iran, Islamic Rep.",IRN,Poverty headcount ratio at $3.00 a day (2021 PPP) (% of population),SI.POV.DDAY,,2009,4.9,SI.POV.DDAY
"Iran, Islamic Rep.",IRN,Poverty headcount ratio at $3.00 a day (2021 PPP) (% of population),SI.POV.DDAY,,2011,2.3,SI.POV.DDAY
"Iran, Islamic Rep.",IRN,Poverty headcount ratio at $3.00 a day (2021 PPP) (% of population),SI.POV.DDAY,,2012,1.8,SI.POV.DDAY
"Iran, Islamic Rep.",IRN,Poverty headcount ratio at $3.00 a day (2021 PPP) (% of population),SI.POV.DDAY,,2013,1.9,SI.POV.DDAY
"Iran, Islamic Rep.",IRN,Poverty headcount ratio at $3.00 a day (2021 PPP) (% of population),SI.POV.DDAY,,2014,3.3,SI.POV.DDAY
"Iran, Islamic Rep.",IRN,Poverty headcount ratio at $3.00 a day (2021 PPP) (% of population),SI.POV.DDAY,,2015,3.0,SI.POV.DDAY
"Iran, Islamic Rep.",IRN,Poverty headcount ratio at $3.00 a day (2021 PPP) (% of population),SI.POV.DDAY,,2016,3.0,SI.POV.DDAY
"Iran, Islamic Rep.",IRN,Poverty headcount ratio at $3.00 a day (2021 PPP) (% of population),SI.POV.DDAY,,2017,2.7,SI.POV.DDAY
"Iran, Islamic Rep.",IRN,Poverty headcount ratio at $3.00 a day (2021 PPP) (% of population),SI.POV.DDAY,,2018,3.2,SI.POV.DDAY
"Iran, Islamic Rep.",IRN,Poverty headcount ratio at $3.00 a day (2021 PPP) (% of population),SI.POV.DDAY,,2019,4.3,SI.POV.DDAY
"Iran, Islamic Rep.",IRN,Poverty headcount ratio at $3.00 a day (2021 PPP) (% of population),SI.POV.DDAY,,2020,4.6,SI.POV.DDAY
"Iran, Islamic Rep.",IRN,Poverty headcount ratio at $3.00 a day (2021 PPP) (% of population),SI.POV.DDAY,,2021,3.7,SI.POV.DDAY
"Iran, Islamic Rep.",IRN,Poverty headcount ratio at $3.00 a day (2021 PPP) (% of population),SI.POV.DDAY,,2022,2.8,SI.POV.DDAY
"Iran, Islamic Rep.",IRN,Poverty headcount ratio at $3.00 a day (2021 PPP) (% of population),SI.POV.DDAY,,2023,2.5,SI.POV.DDAY
Iraq,IRQ,Poverty headcount ratio at $3.00 a day (2021 PPP) (% of population),SI.POV.DDAY,,2006,0.6,SI.POV.DDAY
Iraq,IRQ,Poverty headcount ratio at $3.00 a day (2021 PPP) (% of population),SI.POV.DDAY,,2012,0.6,SI.POV.DDAY
Iraq,IRQ,Poverty headcount ratio at $3.00 a day (2021 PPP) (% of population),SI.POV.DDAY,,2023,0.5,SI.POV.DDAY
Iceland,ISL,Poverty headcount ratio at $3.00 a day (2021 PPP) (% of population),SI.POV.DDAY,,2003,0.0,SI.POV.DDAY
Iceland,ISL,Poverty headcount ratio at $3.00 a day (2021 PPP) (% of population),SI.POV.DDAY,,2004,0.2,SI.POV.DDAY
Iceland,ISL,Poverty headcount ratio at $3.00 a day (2021 PPP) (% of population),SI.POV.DDAY,,2005,0.0,SI.POV.DDAY
Iceland,ISL,Poverty headcount ratio at $3.00 a day (2021 PPP) (% of population),SI.POV.DDAY,,2006,0.2,SI.POV.DDAY
Iceland,ISL,Poverty headcount ratio at $3.00 a day (2021 PPP) (% of population),SI.POV.DDAY,,2007,0.1,SI.POV.DDAY
Iceland,ISL,Poverty headcount ratio at $3.00 a day (2021 PPP) (% of population),SI.POV.DDAY,,2008,0.1,SI.POV.DDAY
Iceland,ISL,Poverty headcount ratio at $3.00 a day (2021 PPP) (% of population),SI.POV.DDAY,,2009,0.1,SI.POV.DDAY
Iceland,ISL,Poverty headcount ratio at $3.00 a day (2021 PPP) (% of population),SI.POV.DDAY,,2010,0.1,SI.POV.DDAY
Iceland,ISL,Poverty headcount ratio at $3.00 a day (2021 PPP) (% of population),SI.POV.DDAY,,2011,0.2,SI.POV.DDAY
Iceland,ISL,Poverty headcount ratio at $3.00 a day (2021 PPP) (% of population),SI.POV.DDAY,,2012,0.0,SI.POV.DDAY
Iceland,ISL,Poverty headcount ratio at $3.00 a day (2021 PPP) (% of population),SI.POV.DDAY,,2013,0.1,SI.POV.DDAY
Iceland,ISL,Poverty headcount ratio at $3.00 a day (2021 PPP) (% of population),SI.POV.DDAY,,2014,0.0,SI.POV.DDAY
Iceland,ISL,Poverty headcount ratio at $3.00 a day (2021 PPP) (% of population),SI.POV.DDAY,,2015,0.0,SI.POV.DDAY
Iceland,ISL,Poverty headcount ratio at $3.00 a day (2021 PPP) (% of population),SI.POV.DDAY,,2016,0.0,SI.POV.DDAY
Iceland,ISL,Poverty headcount ratio at $3.00 a day (2021 PPP) (% of population),SI.POV.DDAY,,2017,0.0,SI.POV.DDAY
Iceland,ISL,Poverty headcount ratio at $3.00 a day (2021 PPP) (% of population),SI.POV.DDAY,,2018,0.3,SI.POV.DDAY
Iceland,ISL,Poverty headcount ratio at $3.00 a day (2021 PPP) (% of population),SI.POV.DDAY,,2019,0.1,SI.POV.DDAY
Israel,ISR,Poverty headcount ratio at $3.00 a day (2021 PPP) (% of population),SI.POV.DDAY,,2001,0.2,SI.POV.DDAY
Israel,ISR,Poverty headcount ratio at $3.00 a day (2021 PPP) (% of population),SI.POV.DDAY,,2002,0.7,SI.POV.DDAY
Israel,ISR,Poverty headcount ratio at $3.00 a day (2021 PPP) (% of population),SI.POV.DDAY,,2003,0.9,SI.POV.DDAY
Israel,ISR,Poverty headcount ratio at $3.00 a day (2021 PPP) (% of population),SI.POV.DDAY,,2004,1.0,SI.POV.DDAY
Israel,ISR,Poverty headcount ratio at $3.00 a day (2021 PPP) (% of population),SI.POV.DDAY,,2005,1.0,SI.POV.DDAY
Israel,ISR,Poverty headcount ratio at $3.00 a day (2021 PPP) (% of population),SI.POV.DDAY,,2006,0.5,SI.POV.DDAY
Israel,ISR,Poverty headcount ratio at $3.00 a day (2021 PPP) (% of population),SI.POV.DDAY,,2007,0.5,SI.POV.DDAY
Israel,ISR,Poverty headcount ratio at $3.00 a day (2021 PPP) (% of population),SI.POV.DDAY,,2008,0.7,SI.POV.DDAY
Israel,ISR,Poverty headcount ratio at $3.00 a day (2021 PPP) (% of population),SI.POV.DDAY,,2009,0.7,SI.POV.DDAY
Israel,ISR,Poverty headcount ratio at $3.00 a day (2021 PPP) (% of population),SI.POV.DDAY,,2010,0.5,SI.POV.DDAY
Israel,ISR,Poverty headcount ratio at $3.00 a day (2021 PPP) (% of population),SI.POV.DDAY,,2011,0.3,SI.POV.DDAY
Israel,ISR,Poverty headcount ratio at $3.00 a day (2021 PPP) (% of population),SI.POV.DDAY,,2012,0.7,SI.POV.DDAY
Israel,ISR,Poverty headcount ratio at $3.00 a day (2021 PPP) (% of population),SI.POV.DDAY,,2013,0.5,SI.POV.DDAY
Israel,ISR,Poverty headcount ratio at $3.00 a day (2021 PPP) (% of population),SI.POV.DDAY,,2014,0.7,SI.POV.DDAY
Israel,ISR,Poverty headcount ratio at $3.00 a day (2021 PPP) (% of population),SI.POV.DDAY,,2015,0.5,SI.POV.DDAY
Israel,ISR,Poverty headcount ratio at $3.00 a day (2021 PPP) (% of population),SI.POV.DDAY,,2016,0.5,SI.POV.DDAY
Israel,ISR,Poverty headcount ratio at $3.00 a day (2021 PPP) (% of population),SI.POV.DDAY,,2017,0.7,SI.POV.DDAY
Israel,ISR,Poverty headcount ratio at $3.00 a day (2021 PPP) (% of population),SI.POV.DDAY,,2018,0.7,SI.POV.DDAY
Israel,ISR,Poverty headcount ratio at $3.00 a day (2021 PPP) (% of population),SI.POV.DDAY,,2019,1.0,SI.POV.DDAY
Israel,ISR,Poverty headcount ratio at $3.00 a day (2021 PPP) (% of population),SI.POV.DDAY,,2020,0.7,SI.POV.DDAY
Israel,ISR,Poverty headcount ratio at $3.00 a day (2021 PPP) (% of population),SI.POV.DDAY,,2021,0.7,SI.POV.DDAY
Italy,ITA,Poverty headcount ratio at $3.00 a day (2021 PPP) (% of population),SI.POV.DDAY,,2000,1.2,SI.POV.DDAY
Italy,ITA,Poverty headcount ratio at $3.00 a day (2021 PPP) (% of population),SI.POV.DDAY,,2002,1.7,SI.POV.DDAY
Italy,ITA,Poverty headcount ratio at $3.00 a day (2021 PPP) (% of population),SI.POV.DDAY,,2003,0.9,SI.POV.DDAY
Italy,ITA,Poverty headcount ratio at $3.00 a day (2021 PPP) (% of population),SI.POV.DDAY,,2004,0.8,SI.POV.DDAY
Italy,ITA,Poverty headcount ratio at $3.00 a day (2021 PPP) (% of population),SI.POV.DDAY,,2005,0.8,SI.POV.DDAY
Italy,ITA,Poverty headcount ratio at $3.00 a day (2021 PPP) (% of population),SI.POV.DDAY,,2006,0.8,SI.POV.DDAY
Italy,ITA,Poverty headcount ratio at $3.00 a day (2021 PPP) (% of population),SI.POV.DDAY,,2007,0.8,SI.POV.DDAY
Italy,ITA,Poverty headcount ratio at $3.00 a day (2021 PPP) (% of population),SI.POV.DDAY,,2008,0.9,SI.POV.DDAY
Italy,ITA,Poverty headcount ratio at $3.00 a day (2021 PPP) (% of population),SI.POV.DDAY,,2009,1.1,SI.POV.DDAY
Italy,ITA,Poverty headcount ratio at $3.00 a day (2021 PPP) (% of population),SI.POV.DDAY,,2010,1.4,SI.POV.DDAY
Italy,ITA,Poverty headcount ratio at $3.00 a day (2021 PPP) (% of population),SI.POV.DDAY,,2011,1.3,SI.POV.DDAY
Italy,ITA,Poverty headcount ratio at $3.00 a day (2021 PPP) (% of population),SI.POV.DDAY,,2012,1.4,SI.POV.DDAY
Italy,ITA,Poverty headcount ratio at $3.00 a day (2021 PPP) (% of population),SI.POV.DDAY,,2013,1.6,SI.POV.DDAY
Italy,ITA,Poverty headcount ratio at $3.00 a day (2021 PPP) (% of population),SI.POV.DDAY,,2014,1.4,SI.POV.DDAY
Italy,ITA,Poverty headcount ratio at $3.00 a day (2021 PPP) (% of population),SI.POV.DDAY,,2015,2.1,SI.POV.DDAY
Italy,ITA,Poverty headcount ratio at $3.00 a day (2021 PPP) (% of population),SI.POV.DDAY,,2016,1.8,SI.POV.DDAY
Italy,ITA,Poverty headcount ratio at $3.00 a day (2021 PPP) (% of population),SI.POV.DDAY,,2017,1.5,SI.POV.DDAY
Italy,ITA,Poverty headcount ratio at $3.00 a day (2021 PPP) (% of population),SI.POV.DDAY,,2018,1.7,SI.POV.DDAY
Italy,ITA,Poverty headcount ratio at $3.00 a day (2021 PPP) (% of population),SI.POV.DDAY,,2019,1.0,SI.POV.DDAY
Italy,ITA,Poverty headcount ratio at $3.00 a day (2021 PPP) (% of population),SI.POV.DDAY,,2020,0.9,SI.POV.DDAY
Italy,ITA,Poverty headcount ratio at $3.00 a day (2021 PPP) (% of population),SI.POV.DDAY,,2021,0.9,SI.POV.DDAY
Italy,ITA,Poverty headcount ratio at $3.00 a day (2021 PPP) (% of population),SI.POV.DDAY,,2022,0.7,SI.POV.DDAY
Italy,ITA,Poverty headcount ratio at $3.00 a day (2021 PPP) (% of population),SI.POV.DDAY,,2023,0.9,SI.POV.DDAY
Jamaica,JAM,Poverty headcount ratio at $3.00 a day (2021 PPP) (% of population),SI.POV.DDAY,,2002,6.4,SI.POV.DDAY
Jamaica,JAM,Poverty headcount ratio at $3.00 a day (2021 PPP) (% of population),SI.POV.DDAY,,2004,4.5,SI.POV.DDAY
Jamaica,JAM,Poverty headcount ratio at $3.00 a day (2021 PPP) (% of population),SI.POV.DDAY,,2018,0.4,SI.POV.DDAY
Jamaica,JAM,Poverty headcount ratio at $3.00 a day (2021 PPP) (% of population),SI.POV.DDAY,,2021,1.4,SI.POV.DDAY
Jordan,JOR,Poverty headcount ratio at $3.00 a day (2021 PPP) (% of population),SI.POV.DDAY,,2002,1.0,SI.POV.DDAY
Jordan,JOR,Poverty headcount ratio at $3.00 a day (2021 PPP) (% of population),SI.POV.DDAY,,2006,0.3,SI.POV.DDAY
Jordan,JOR,Poverty headcount ratio at $3.00 a day (2021 PPP) (% of population),SI.POV.DDAY,,2008,0.1,SI.POV.DDAY
Jordan,JOR,Poverty headcount ratio at $3.00 a day (2021 PPP) (% of population),SI.POV.DDAY,,2010,0.1,SI.POV.DDAY
Japan,JPN,Poverty headcount ratio at $3.00 a day (2021 PPP) (% of population),SI.POV.DDAY,,2008,1.0,SI.POV.DDAY
Japan,JPN,Poverty headcount ratio at $3.00 a day (2021 PPP) (% of population),SI.POV.DDAY,,2009,0.9,SI.POV.DDAY
Japan,JPN,Poverty headcount ratio at $3.00 a day (2021 PPP) (% of population),SI.POV.DDAY,,2010,0.7,SI.POV.DDAY
Japan,JPN,Poverty headcount ratio at $3.00 a day (2021 PPP) (% of population),SI.POV.DDAY,,2011,0.5,SI.POV.DDAY
Japan,JPN,Poverty headcount ratio at $3.00 a day (2021 PPP) (% of population),SI.POV.DDAY,,2012,1.5,SI.POV.DDAY
Japan,JPN,Poverty headcount ratio at $3.00 a day (2021 PPP) (% of population),SI.POV.DDAY,,2013,1.0,SI.POV.DDAY
Japan,JPN,Poverty headcount ratio at $3.00 a day (2021 PPP) (% of population),SI.POV.DDAY,,2014,0.7,SI.POV.DDAY
Japan,JPN,Poverty headcount ratio at $3.00 a day (2021 PPP) (% of population),SI.POV.DDAY,,2015,0.4,SI.POV.DDAY
Japan,JPN,Poverty headcount ratio at $3.00 a day (2021 PPP) (% of population),SI.POV.DDAY,,2016,0.7,SI.POV.DDAY
Japan,JPN,Poverty headcount ratio at $3.00 a day (2021 PPP) (% of population),SI.POV.DDAY,,2017,0.6,SI.POV.DDAY
Japan,JPN,Poverty headcount ratio at $3.00 a day (2021 PPP) (% of population),SI.POV.DDAY,,2018,1.0,SI.POV.DDAY
Japan,JPN,Poverty headcount ratio at $3.00 a day (2021 PPP) (% of population),SI.POV.DDAY,,2019,1.2,SI.POV.DDAY
Japan,JPN,Poverty headcount ratio at $3.00 a day (2021 PPP) (% of population),SI.POV.DDAY,,2020,1.2,SI.POV.DDAY
Kazakhstan,KAZ,Poverty headcount ratio at $3.00 a day (2021 PPP) (% of population),SI.POV.DDAY,,2001,20.7,SI.POV.DDAY
Kazakhstan,KAZ,Poverty headcount ratio at $3.00 a day (2021 PPP) (% of population),SI.POV.DDAY,,2002,16.2,SI.POV.DDAY
Kazakhstan,KAZ,Poverty headcount ratio at $3.00 a day (2021 PPP) (% of population),SI.POV.DDAY,,2003,12.3,SI.POV.DDAY
Kazakhstan,KAZ,Poverty headcount ratio at $3.00 a day (2021 PPP) (% of population),SI.POV.DDAY,,2004,7.6,SI.POV.DDAY
Kazakhstan,KAZ,Poverty headcount ratio at $3.00 a day (2021 PPP) (% of population),SI.POV.DDAY,,2005,14.6,SI.POV.DDAY
Kazakhstan,KAZ,Poverty headcount ratio at $3.00 a day (2021 PPP) (% of population),SI.POV.DDAY,,2006,2.4,SI.POV.DDAY
Kazakhstan,KAZ,Poverty headcount ratio at $3.00 a day (2021 PPP) (% of population),SI.POV.DDAY,,2007,1.1,SI.POV.DDAY
Kazakhstan,KAZ,Poverty headcount ratio at $3.00 a day (2021 PPP) (% of population),SI.POV.DDAY,,2008,0.8,SI.POV.DDAY
Kazakhstan,KAZ,Poverty headcount ratio at $3.00 a day (2021 PPP) (% of population),SI.POV.DDAY,,2009,0.8,SI.POV.DDAY
Kazakhstan,KAZ,Poverty headcount ratio at $3.00 a day (2021 PPP) (% of population),SI.POV.DDAY,,2010,0.5,SI.POV.DDAY
Kazakhstan,KAZ,Poverty headcount ratio at $3.00 a day (2021 PPP) (% of population),SI.POV.DDAY,,2011,0.2,SI.POV.DDAY
Kazakhstan,KAZ,Poverty headcount ratio at $3.00 a day (2021 PPP) (% of population),SI.POV.DDAY,,2012,0.1,SI.POV.DDAY
Kazakhstan,KAZ,Poverty headcount ratio at $3.00 a day (2021 PPP) (% of population),SI.POV.DDAY,,2013,0.1,SI.POV.DDAY
Kazakhstan,KAZ,Poverty headcount ratio at $3.00 a day (2021 PPP) (% of population),SI.POV.DDAY,,2014,0.1,SI.POV.DDAY
Kazakhstan,KAZ,Poverty headcount ratio at $3.00 a day (2021 PPP) (% of population),SI.POV.DDAY,,2015,0.1,SI.POV.DDAY
Kazakhstan,KAZ,Poverty headcount ratio at $3.00 a day (2021 PPP) (% of population),SI.POV.DDAY,,2016,0.2,SI.POV.DDAY
Kazakhstan,KAZ,Poverty headcount ratio at $3.00 a day (2021 PPP) (% of population),SI.POV.DDAY,,2017,0.1,SI.POV.DDAY
Kazakhstan,KAZ,Poverty headcount ratio at $3.00 a day (2021 PPP) (% of population),SI.POV.DDAY,,2018,0.1,SI.POV.DDAY
Kazakhstan,KAZ,Poverty headcount ratio at $3.00 a day (2021 PPP) (% of population),SI.POV.DDAY,,2019,0.1,SI.POV.DDAY
Kazakhstan,KAZ,Poverty headcount ratio at $3.00 a day (2021 PPP) (% of population),SI.POV.DDAY,,2020,0.0,SI.POV.DDAY
Kazakhstan,KAZ,Poverty headcount ratio at $3.00 a day (2021 PPP) (% of population),SI.POV.DDAY,,2021,0.0,SI.POV.DDAY
Kenya,KEN,Poverty headcount ratio at $3.00 a day (2021 PPP) (% of population),SI.POV.DDAY,,2005,44.6,SI.POV.DDAY
Kenya,KEN,Poverty headcount ratio at $3.00 a day (2021 PPP) (% of population),SI.POV.DDAY,,2015,37.7,SI.POV.DDAY
Kenya,KEN,Poverty headcount ratio at $3.00 a day (2021 PPP) (% of population),SI.POV.DDAY,,2020,44.4,SI.POV.DDAY
Kenya,KEN,Poverty headcount ratio at $3.00 a day (2021 PPP) (% of population),SI.POV.DDAY,,2021,46.4,SI.POV.DDAY
Kenya,KEN,Poverty headcount ratio at $3.00 a day (2021 PPP) (% of population),SI.POV.DDAY,,2022,46.9,SI.POV.DDAY
Kyrgyz Republic,KGZ,Poverty headcount ratio at $3.00 a day (2021 PPP) (% of population),SI.POV.DDAY,,2000,66.2,SI.POV.DDAY
Kyrgyz Republic,KGZ,Poverty headcount ratio at $3.00 a day (2021 PPP) (% of population),SI.POV.DDAY,,2001,61.5,SI.POV.DDAY
Kyrgyz Republic,KGZ,Poverty headcount ratio at $3.00 a day (2021 PPP) (% of population),SI.POV.DDAY,,2002,58.1,SI.POV.DDAY
Kyrgyz Republic,KGZ,Poverty headcount ratio at $3.00 a day (2021 PPP) (% of population),SI.POV.DDAY,,2003,56.6,SI.POV.DDAY
Kyrgyz Republic,KGZ,Poverty headcount ratio at $3.00 a day (2021 PPP) (% of population),SI.POV.DDAY,,2004,32.5,SI.POV.DDAY
Kyrgyz Republic,KGZ,Poverty headcount ratio at $3.00 a day (2021 PPP) (% of population),SI.POV.DDAY,,2005,36.6,SI.POV.DDAY
Kyrgyz Republic,KGZ,Poverty headcount ratio at $3.00 a day (2021 PPP) (% of population),SI.POV.DDAY,,2006,26.0,SI.POV.DDAY
Kyrgyz Republic,KGZ,Poverty headcount ratio at $3.00 a day (2021 PPP) (% of population),SI.POV.DDAY,,2007,23.3,SI.POV.DDAY
Kyrgyz Republic,KGZ,Poverty headcount ratio at $3.00 a day (2021 PPP) (% of population),SI.POV.DDAY,,2008,13.8,SI.POV.DDAY
Kyrgyz Republic,KGZ,Poverty headcount ratio at $3.00 a day (2021 PPP) (% of population),SI.POV.DDAY,,2009,9.8,SI.POV.DDAY
Kyrgyz Republic,KGZ,Poverty headcount ratio at $3.00 a day (2021 PPP) (% of population),SI.POV.DDAY,,2010,12.6,SI.POV.DDAY
Kyrgyz Republic,KGZ,Poverty headcount ratio at $3.00 a day (2021 PPP) (% of population),SI.POV.DDAY,,2011,9.3,SI.POV.DDAY
Kyrgyz Republic,KGZ,Poverty headcount ratio at $3.00 a day (2021 PPP) (% of population),SI.POV.DDAY,,2012,10.5,SI.POV.DDAY
Kyrgyz Republic,KGZ,Poverty headcount ratio at $3.00 a day (2021 PPP) (% of population),SI.POV.DDAY,,2013,13.5,SI.POV.DDAY
Kyrgyz Republic,KGZ,Poverty headcount ratio at $3.00 a day (2021 PPP) (% of population),SI.POV.DDAY,,2014,8.1,SI.POV.DDAY
Kyrgyz Republic,KGZ,Poverty headcount ratio at $3.00 a day (2021 PPP) (% of population),SI.POV.DDAY,,2015,11.0,SI.POV.DDAY
Kyrgyz Republic,KGZ,Poverty headcount ratio at $3.00 a day (2021 PPP) (% of population),SI.POV.DDAY,,2016,8.0,SI.POV.DDAY
Kyrgyz Republic,KGZ,Poverty headcount ratio at $3.00 a day (2021 PPP) (% of population),SI.POV.DDAY,,2017,8.2,SI.POV.DDAY
Kyrgyz Republic,KGZ,Poverty headcount ratio at $3.00 a day (2021 PPP) (% of population),SI.POV.DDAY,,2018,5.9,SI.POV.DDAY
Kyrgyz Republic,KGZ,Poverty headcount ratio at $3.00 a day (2021 PPP) (% of population),SI.POV.DDAY,,2019,4.9,SI.POV.DDAY
Kyrgyz Republic,KGZ,Poverty headcount ratio at $3.00 a day (2021 PPP) (% of population),SI.POV.DDAY,,2020,9.4,SI.POV.DDAY
Kyrgyz Republic,KGZ,Poverty headcount ratio at $3.00 a day (2021 PPP) (% of population),SI.POV.DDAY,,2021,5.6,SI.POV.DDAY
Kyrgyz Republic,KGZ,Poverty headcount ratio at $3.00 a day (2021 PPP) (% of population),SI.POV.DDAY,,2022,4.5,SI.POV.DDAY
Kyrgyz Republic,KGZ,Poverty headcount ratio at $3.00 a day (2021 PPP) (% of population),SI.POV.DDAY,,2023,2.7,SI.POV.DDAY
Kiribati,KIR,Poverty headcount ratio at $3.00 a day (2021 PPP) (% of population),SI.POV.DDAY,,2006,21.3,SI.POV.DDAY
Kiribati,KIR,Poverty headcount ratio at $3.00 a day (2021 PPP) (% of population),SI.POV.DDAY,,2019,6.1,SI.POV.DDAY
"Korea, Rep.",KOR,Poverty headcount ratio at $3.00 a day (2021 PPP) (% of population),SI.POV.DDAY,,2006,0.5,SI.POV.DDAY
"Korea, Rep.",KOR,Poverty headcount ratio at $3.00 a day (2021 PPP) (% of population),SI.POV.DDAY,,2008,0.5,SI.POV.DDAY
"Korea, Rep.",KOR,Poverty headcount ratio at $3.00 a day (2021 PPP) (% of population),SI.POV.DDAY,,2010,0.5,SI.POV.DDAY
"Korea, Rep.",KOR,Poverty headcount ratio at $3.00 a day (2021 PPP) (% of population),SI.POV.DDAY,,2012,0.5,SI.POV.DDAY
"Korea, Rep.",KOR,Poverty headcount ratio at $3.00 a day (2021 PPP) (% of population),SI.POV.DDAY,,2014,0.2,SI.POV.DDAY
"Korea, Rep.",KOR,Poverty headcount ratio at $3.00 a day (2021 PPP) (% of population),SI.POV.DDAY,,2016,0.2,SI.POV.DDAY
"Korea, Rep.",KOR,Poverty headcount ratio at $3.00 a day (2021 PPP) (% of population),SI.POV.DDAY,,2017,0.2,SI.POV.DDAY
"Korea, Rep.",KOR,Poverty headcount ratio at $3.00 a day (2021 PPP) (% of population),SI.POV.DDAY,,2018,0.2,SI.POV.DDAY
"Korea, Rep.",KOR,Poverty headcount ratio at $3.00 a day (2021 PPP) (% of population),SI.POV.DDAY,,2019,0.2,SI.POV.DDAY
"Korea, Rep.",KOR,Poverty headcount ratio at $3.00 a day (2021 PPP) (% of population),SI.POV.DDAY,,2020,0.0,SI.POV.DDAY
"Korea, Rep.",KOR,Poverty headcount ratio at $3.00 a day (2021 PPP) (% of population),SI.POV.DDAY,,2021,0.2,SI.POV.DDAY
Lao PDR,LAO,Poverty headcount ratio at $3.00 a day (2021 PPP) (% of population),SI.POV.DDAY,,2002,43.1,SI.POV.DDAY
Lao PDR,LAO,Poverty headcount ratio at $3.00 a day (2021 PPP) (% of population),SI.POV.DDAY,,2007,36.0,SI.POV.DDAY
Lao PDR,LAO,Poverty headcount ratio at $3.00 a day (2021 PPP) (% of population),SI.POV.DDAY,,2012,21.7,SI.POV.DDAY
Lao PDR,LAO,Poverty headcount ratio at $3.00 a day (2021 PPP) (% of population),SI.POV.DDAY,,2018,15.7,SI.POV.DDAY
Lebanon,LBN,Poverty headcount ratio at $3.00 a day (2021 PPP) (% of population),SI.POV.DDAY,,2011,0.1,SI.POV.DDAY
Lebanon,LBN,Poverty headcount ratio at $3.00 a day (2021 PPP) (% of population),SI.POV.DDAY,,2022,5.9,SI.POV.DDAY
Liberia,LBR,Poverty headcount ratio at $3.00 a day (2021 PPP) (% of population),SI.POV.DDAY,,2007,61.1,SI.POV.DDAY
Liberia,LBR,Poverty headcount ratio at $3.00 a day (2021 PPP) (% of population),SI.POV.DDAY,,2014,31.7,SI.POV.DDAY
Liberia,LBR,Poverty headcount ratio at $3.00 a day (2021 PPP) (% of population),SI.POV.DDAY,,2016,33.6,SI.POV.DDAY
St. Lucia,LCA,Poverty headcount ratio at $3.00 a day (2021 PPP) (% of population),SI.POV.DDAY,,2015,0.1,SI.POV.DDAY
Latin America & Caribbean,LCN,Poverty headcount ratio at $3.00 a day (2021 PPP) (% of population),SI.POV.DDAY,,2000,18.1,SI.POV.DDAY
Latin America & Caribbean,LCN,Poverty headcount ratio at $3.00 a day (2021 PPP) (% of population),SI.POV.DDAY,,2001,17.9,SI.POV.DDAY
Latin America & Caribbean,LCN,Poverty headcount ratio at $3.00 a day (2021 PPP) (% of population),SI.POV.DDAY,,2002,17.1,SI.POV.DDAY
Latin America & Caribbean,LCN,Poverty headcount ratio at $3.00 a day (2021 PPP) (% of population),SI.POV.DDAY,,2003,16.6,SI.POV.DDAY
Latin America & Caribbean,LCN,Poverty headcount ratio at $3.00 a day (2021 PPP) (% of population),SI.POV.DDAY,,2004,15.3,SI.POV.DDAY
Latin America & Caribbean,LCN,Poverty headcount ratio at $3.00 a day (2021 PPP) (% of population),SI.POV.DDAY,,2005,14.2,SI.POV.DDAY
Latin America & Caribbean,LCN,Poverty headcount ratio at $3.00 a day (2021 PPP) (% of population),SI.POV.DDAY,,2006,12.0,SI.POV.DDAY
Latin America & Caribbean,LCN,Poverty headcount ratio at $3.00 a day (2021 PPP) (% of population),SI.POV.DDAY,,2007,10.8,SI.POV.DDAY
Latin America & Caribbean,LCN,Poverty headcount ratio at $3.00 a day (2021 PPP) (% of population),SI.POV.DDAY,,2008,9.9,SI.POV.DDAY
Latin America & Caribbean,LCN,Poverty headcount ratio at $3.00 a day (2021 PPP) (% of population),SI.POV.DDAY,,2009,9.5,SI.POV.DDAY
Latin America & Caribbean,LCN,Poverty headcount ratio at $3.00 a day (2021 PPP) (% of population),SI.POV.DDAY,,2010,8.5,SI.POV.DDAY
Latin America & Caribbean,LCN,Poverty headcount ratio at $3.00 a day (2021 PPP) (% of population),SI.POV.DDAY,,2011,7.7,SI.POV.DDAY
Latin America & Caribbean,LCN,Poverty headcount ratio at $3.00 a day (2021 PPP) (% of population),SI.POV.DDAY,,2012,7.4,SI.POV.DDAY
Latin America & Caribbean,LCN,Poverty headcount ratio at $3.00 a day (2021 PPP) (% of population),SI.POV.DDAY,,2013,6.7,SI.POV.DDAY
Latin America & Caribbean,LCN,Poverty headcount ratio at $3.00 a day (2021 PPP) (% of population),SI.POV.DDAY,,2014,6.3,SI.POV.DDAY
Latin America & Caribbean,LCN,Poverty headcount ratio at $3.00 a day (2021 PPP) (% of population),SI.POV.DDAY,,2015,5.9,SI.POV.DDAY
Latin America & Caribbean,LCN,Poverty headcount ratio at $3.00 a day (2021 PPP) (% of population),SI.POV.DDAY,,2016,6.1,SI.POV.DDAY
Latin America & Caribbean,LCN,Poverty headcount ratio at $3.00 a day (2021 PPP) (% of population),SI.POV.DDAY,,2017,6.0,SI.POV.DDAY
Latin America & Caribbean,LCN,Poverty headcount ratio at $3.00 a day (2021 PPP) (% of population),SI.POV.DDAY,,2018,5.9,SI.POV.DDAY
Latin America & Caribbean,LCN,Poverty headcount ratio at $3.00 a day (2021 PPP) (% of population),SI.POV.DDAY,,2019,6.0,SI.POV.DDAY
Latin America & Caribbean,LCN,Poverty headcount ratio at $3.00 a day (2021 PPP) (% of population),SI.POV.DDAY,,2020,5.6,SI.POV.DDAY
Latin America & Caribbean,LCN,Poverty headcount ratio at $3.00 a day (2021 PPP) (% of population),SI.POV.DDAY,,2021,6.3,SI.POV.DDAY
Latin America & Caribbean,LCN,Poverty headcount ratio at $3.00 a day (2021 PPP) (% of population),SI.POV.DDAY,,2022,5.0,SI.POV.DDAY
Latin America & Caribbean,LCN,Poverty headcount ratio at $3.00 a day (2021 PPP) (% of population),SI.POV.DDAY,,2023,4.6,SI.POV.DDAY
Low income,LIC,Poverty headcount ratio at $3.00 a day (2021 PPP) (% of population),SI.POV.DDAY,,2002,62.7,SI.POV.DDAY
Low income,LIC,Poverty headcount ratio at $3.00 a day (2021 PPP) (% of population),SI.POV.DDAY,,2003,60.5,SI.POV.DDAY
Low income,LIC,Poverty headcount ratio at $3.00 a day (2021 PPP) (% of population),SI.POV.DDAY,,2004,59.7,SI.POV.DDAY
Low income,LIC,Poverty headcount ratio at $3.00 a day (2021 PPP) (% of population),SI.POV.DDAY,,2005,58.8,SI.POV.DDAY
Low income,LIC,Poverty headcount ratio at $3.00 a day (2021 PPP) (% of population),SI.POV.DDAY,,2006,58.0,SI.POV.DDAY
Low income,LIC,Poverty headcount ratio at $3.00 a day (2021 PPP) (% of population),SI.POV.DDAY,,2007,57.0,SI.POV.DDAY
Low income,LIC,Poverty headcount ratio at $3.00 a day (2021 PPP) (% of population),SI.POV.DDAY,,2008,55.8,SI.POV.DDAY
Low income,LIC,Poverty headcount ratio at $3.00 a day (2021 PPP) (% of population),SI.POV.DDAY,,2009,55.9,SI.POV.DDAY
Low income,LIC,Poverty headcount ratio at $3.00 a day (2021 PPP) (% of population),SI.POV.DDAY,,2010,54.1,SI.POV.DDAY
Low income,LIC,Poverty headcount ratio at $3.00 a day (2021 PPP) (% of population),SI.POV.DDAY,,2011,53.9,SI.POV.DDAY
Low income,LIC,Poverty headcount ratio at $3.00 a day (2021 PPP) (% of population),SI.POV.DDAY,,2012,52.8,SI.POV.DDAY
Low income,LIC,Poverty headcount ratio at $3.00 a day (2021 PPP) (% of population),SI.POV.DDAY,,2013,52.3,SI.POV.DDAY
Low income,LIC,Poverty headcount ratio at $3.00 a day (2021 PPP) (% of population),SI.POV.DDAY,,2014,52.6,SI.POV.DDAY
Low income,LIC,Poverty headcount ratio at $3.00 a day (2021 PPP) (% of population),SI.POV.DDAY,,2015,53.6,SI.POV.DDAY
Low income,LIC,Poverty headcount ratio at $3.00 a day (2021 PPP) (% of population),SI.POV.DDAY,,2016,54.2,SI.POV.DDAY
Low income,LIC,Poverty headcount ratio at $3.00 a day (2021 PPP) (% of population),SI.POV.DDAY,,2017,54.1,SI.POV.DDAY
Low income,LIC,Poverty headcount ratio at $3.00 a day (2021 PPP) (% of population),SI.POV.DDAY,,2020,55.5,SI.POV.DDAY
Low income,LIC,Poverty headcount ratio at $3.00 a day (2021 PPP) (% of population),SI.POV.DDAY,,2021,56.2,SI.POV.DDAY
Low income,LIC,Poverty headcount ratio at $3.00 a day (2021 PPP) (% of population),SI.POV.DDAY,,2022,55.6,SI.POV.DDAY
Low income,LIC,Poverty headcount ratio at $3.00 a day (2021 PPP) (% of population),SI.POV.DDAY,,2023,56.3,SI.POV.DDAY
Sri Lanka,LKA,Poverty headcount ratio at $3.00 a day (2021 PPP) (% of population),SI.POV.DDAY,,2002,20.7,SI.POV.DDAY
Sri Lanka,LKA,Poverty headcount ratio at $3.00 a day (2021 PPP) (% of population),SI.POV.DDAY,,2006,12.2,SI.POV.DDAY
Sri Lanka,LKA,Poverty headcount ratio at $3.00 a day (2021 PPP) (% of population),SI.POV.DDAY,,2009,7.8,SI.POV.DDAY
Sri Lanka,LKA,Poverty headcount ratio at $3.00 a day (2021 PPP) (% of population),SI.POV.DDAY,,2012,6.4,SI.POV.DDAY
Sri Lanka,LKA,Poverty headcount ratio at $3.00 a day (2021 PPP) (% of population),SI.POV.DDAY,,2016,3.8,SI.POV.DDAY
Sri Lanka,LKA,Poverty headcount ratio at $3.00 a day (2021 PPP) (% of population),SI.POV.DDAY,,2019,2.7,SI.POV.DDAY
Lower middle income,LMC,Poverty headcount ratio at $3.00 a day (2021 PPP) (% of population),SI.POV.DDAY,,2002,45.9,SI.POV.DDAY
Lower middle income,LMC,Poverty headcount ratio at $3.00 a day (2021 PPP) (% of population),SI.POV.DDAY,,2003,44.8,SI.POV.DDAY
Lower middle income,LMC,Poverty headcount ratio at $3.00 a day (2021 PPP) (% of population),SI.POV.DDAY,,2004,43.2,SI.POV.DDAY
Lower middle income,LMC,Poverty headcount ratio at $3.00 a day (2021 PPP) (% of population),SI.POV.DDAY,,2005,41.6,SI.POV.DDAY
Lower middle income,LMC,Poverty headcount ratio at $3.00 a day (2021 PPP) (% of population),SI.POV.DDAY,,2006,39.4,SI.POV.DDAY
Lower middle income,LMC,Poverty headcount ratio at $3.00 a day (2021 PPP) (% of population),SI.POV.DDAY,,2007,36.9,SI.POV.DDAY
Lower middle income,LMC,Poverty headcount ratio at $3.00 a day (2021 PPP) (% of population),SI.POV.DDAY,,2008,35.2,SI.POV.DDAY
Lower middle income,LMC,Poverty headcount ratio at $3.00 a day (2021 PPP) (% of population),SI.POV.DDAY,,2009,33.5,SI.POV.DDAY
Lower middle income,LMC,Poverty headcount ratio at $3.00 a day (2021 PPP) (% of population),SI.POV.DDAY,,2010,30.1,SI.POV.DDAY
Lower middle income,LMC,Poverty headcount ratio at $3.00 a day (2021 PPP) (% of population),SI.POV.DDAY,,2011,28.2,SI.POV.DDAY
Lower middle income,LMC,Poverty headcount ratio at $3.00 a day (2021 PPP) (% of population),SI.POV.DDAY,,2012,26.4,SI.POV.DDAY
Lower middle income,LMC,Poverty headcount ratio at $3.00 a day (2021 PPP) (% of population),SI.POV.DDAY,,2013,23.7,SI.POV.DDAY
Lower middle income,LMC,Poverty headcount ratio at $3.00 a day (2021 PPP) (% of population),SI.POV.DDAY,,2014,21.7,SI.POV.DDAY
Lower middle income,LMC,Poverty headcount ratio at $3.00 a day (2021 PPP) (% of population),SI.POV.DDAY,,2020,15.2,SI.POV.DDAY
Lower middle income,LMC,Poverty headcount ratio at $3.00 a day (2021 PPP) (% of population),SI.POV.DDAY,,2021,14.4,SI.POV.DDAY
Lower middle income,LMC,Poverty headcount ratio at $3.00 a day (2021 PPP) (% of population),SI.POV.DDAY,,2022,13.4,SI.POV.DDAY
Lower middle income,LMC,Poverty headcount ratio at $3.00 a day (2021 PPP) (% of population),SI.POV.DDAY,,2023,12.6,SI.POV.DDAY
Low & middle income,LMY,Poverty headcount ratio at $3.00 a day (2021 PPP) (% of population),SI.POV.DDAY,,2000,45.1,SI.POV.DDAY
Low & middle income,LMY,Poverty headcount ratio at $3.00 a day (2021 PPP) (% of population),SI.POV.DDAY,,2001,43.9,SI.POV.DDAY
Low & middle income,LMY,Poverty headcount ratio at $3.00 a day (2021 PPP) (% of population),SI.POV.DDAY,,2002,41.8,SI.POV.DDAY
Low & middle income,LMY,Poverty headcount ratio at $3.00 a day (2021 PPP) (% of population),SI.POV.DDAY,,2003,39.8,SI.POV.DDAY
Low & middle income,LMY,Poverty headcount ratio at $3.00 a day (2021 PPP) (% of population),SI.POV.DDAY,,2004,37.5,SI.POV.DDAY
Low & middle income,LMY,Poverty headcount ratio at $3.00 a day (2021 PPP) (% of population),SI.POV.DDAY,,2005,35.1,SI.POV.DDAY
Low & middle income,LMY,Poverty headcount ratio at $3.00 a day (2021 PPP) (% of population),SI.POV.DDAY,,2006,33.4,SI.POV.DDAY
Low & middle income,LMY,Poverty headcount ratio at $3.00 a day (2021 PPP) (% of population),SI.POV.DDAY,,2007,31.2,SI.POV.DDAY
Low & middle income,LMY,Poverty headcount ratio at $3.00 a day (2021 PPP) (% of population),SI.POV.DDAY,,2008,29.7,SI.POV.DDAY
Low & middle income,LMY,Poverty headcount ratio at $3.00 a day (2021 PPP) (% of population),SI.POV.DDAY,,2009,28.3,SI.POV.DDAY
Low & middle income,LMY,Poverty headcount ratio at $3.00 a day (2021 PPP) (% of population),SI.POV.DDAY,,2010,25.7,SI.POV.DDAY
Low & middle income,LMY,Poverty headcount ratio at $3.00 a day (2021 PPP) (% of population),SI.POV.DDAY,,2011,23.4,SI.POV.DDAY
Low & middle income,LMY,Poverty headcount ratio at $3.00 a day (2021 PPP) (% of population),SI.POV.DDAY,,2012,21.7,SI.POV.DDAY
Low & middle income,LMY,Poverty headcount ratio at $3.00 a day (2021 PPP) (% of population),SI.POV.DDAY,,2013,18.8,SI.POV.DDAY
Low & middle income,LMY,Poverty headcount ratio at $3.00 a day (2021 PPP) (% of population),SI.POV.DDAY,,2014,17.5,SI.POV.DDAY
Low & middle income,LMY,Poverty headcount ratio at $3.00 a day (2021 PPP) (% of population),SI.POV.DDAY,,2015,16.1,SI.POV.DDAY
Low & middle income,LMY,Poverty headcount ratio at $3.00 a day (2021 PPP) (% of population),SI.POV.DDAY,,2016,15.0,SI.POV.DDAY
Low & middle income,LMY,Poverty headcount ratio at $3.00 a day (2021 PPP) (% of population),SI.POV.DDAY,,2017,14.0,SI.POV.DDAY
Low & middle income,LMY,Poverty headcount ratio at $3.00 a day (2021 PPP) (% of population),SI.POV.DDAY,,2018,13.2,SI.POV.DDAY
Low & middle income,LMY,Poverty headcount ratio at $3.00 a day (2021 PPP) (% of population),SI.POV.DDAY,,2019,12.7,SI.POV.DDAY
Low & middle income,LMY,Poverty headcount ratio at $3.00 a day (2021 PPP) (% of population),SI.POV.DDAY,,2020,13.4,SI.POV.DDAY
Low & middle income,LMY,Poverty headcount ratio at $3.00 a day (2021 PPP) (% of population),SI.POV.DDAY,,2021,13.1,SI.POV.DDAY
Low & middle income,LMY,Poverty headcount ratio at $3.00 a day (2021 PPP) (% of population),SI.POV.DDAY,,2022,12.5,SI.POV.DDAY
Low & middle income,LMY,Poverty headcount ratio at $3.00 a day (2021 PPP) (% of population),SI.POV.DDAY,,2023,12.2,SI.POV.DDAY
Lesotho,LSO,Poverty headcount ratio at $3.00 a day (2021 PPP) (% of population),SI.POV.DDAY,,2002,74.9,SI.POV.DDAY
Lesotho,LSO,Poverty headcount ratio at $3.00 a day (2021 PPP) (% of population),SI.POV.DDAY,,2017,41.9,SI.POV.DDAY
Lithuania,LTU,Poverty headcount ratio at $3.00 a day (2021 PPP) (% of population),SI.POV.DDAY,,2000,1.2,SI.POV.DDAY
Lithuania,LTU,Poverty headcount ratio at $3.00 a day (2021 PPP) (% of population),SI.POV.DDAY,,2001,1.6,SI.POV.DDAY
Lithuania,LTU,Poverty headcount ratio at $3.00 a day (2021 PPP) (% of population),SI.POV.DDAY,,2002,1.4,SI.POV.DDAY
Lithuania,LTU,Poverty headcount ratio at $3.00 a day (2021 PPP) (% of population),SI.POV.DDAY,,2003,0.4,SI.POV.DDAY
Lithuania,LTU,Poverty headcount ratio at $3.00 a day (2021 PPP) (% of population),SI.POV.DDAY,,2004,4.0,SI.POV.DDAY
Lithuania,LTU,Poverty headcount ratio at $3.00 a day (2021 PPP) (% of population),SI.POV.DDAY,,2005,2.7,SI.POV.DDAY
Lithuania,LTU,Poverty headcount ratio at $3.00 a day (2021 PPP) (% of population),SI.POV.DDAY,,2006,1.8,SI.POV.DDAY
Lithuania,LTU,Poverty headcount ratio at $3.00 a day (2021 PPP) (% of population),SI.POV.DDAY,,2007,1.6,SI.POV.DDAY
Lithuania,LTU,Poverty headcount ratio at $3.00 a day (2021 PPP) (% of population),SI.POV.DDAY,,2008,1.8,SI.POV.DDAY
Lithuania,LTU,Poverty headcount ratio at $3.00 a day (2021 PPP) (% of population),SI.POV.DDAY,,2009,2.7,SI.POV.DDAY
Lithuania,LTU,Poverty headcount ratio at $3.00 a day (2021 PPP) (% of population),SI.POV.DDAY,,2010,2.0,SI.POV.DDAY
Lithuania,LTU,Poverty headcount ratio at $3.00 a day (2021 PPP) (% of population),SI.POV.DDAY,,2011,0.9,SI.POV.DDAY
Lithuania,LTU,Poverty headcount ratio at $3.00 a day (2021 PPP) (% of population),SI.POV.DDAY,,2012,1.1,SI.POV.DDAY
Lithuania,LTU,Poverty headcount ratio at $3.00 a day (2021 PPP) (% of population),SI.POV.DDAY,,2013,1.2,SI.POV.DDAY
Lithuania,LTU,Poverty headcount ratio at $3.00 a day (2021 PPP) (% of population),SI.POV.DDAY,,2014,1.7,SI.POV.DDAY
Lithuania,LTU,Poverty headcount ratio at $3.00 a day (2021 PPP) (% of population),SI.POV.DDAY,,2015,1.0,SI.POV.DDAY
Lithuania,LTU,Poverty headcount ratio at $3.00 a day (2021 PPP) (% of population),SI.POV.DDAY,,2016,1.5,SI.POV.DDAY
Lithuania,LTU,Poverty headcount ratio at $3.00 a day (2021 PPP) (% of population),SI.POV.DDAY,,2017,1.2,SI.POV.DDAY
Lithuania,LTU,Poverty headcount ratio at $3.00 a day (2021 PPP) (% of population),SI.POV.DDAY,,2018,1.0,SI.POV.DDAY
Lithuania,LTU,Poverty headcount ratio at $3.00 a day (2021 PPP) (% of population),SI.POV.DDAY,,2019,0.6,SI.POV.DDAY
Lithuania,LTU,Poverty headcount ratio at $3.00 a day (2021 PPP) (% of population),SI.POV.DDAY,,2020,0.5,SI.POV.DDAY
Lithuania,LTU,Poverty headcount ratio at $3.00 a day (2021 PPP) (% of population),SI.POV.DDAY,,2021,0.3,SI.POV.DDAY
Lithuania,LTU,Poverty headcount ratio at $3.00 a day (2021 PPP) (% of population),SI.POV.DDAY,,2022,0.8,SI.POV.DDAY
Lithuania,LTU,Poverty headcount ratio at $3.00 a day (2021 PPP) (% of population),SI.POV.DDAY,,2023,1.1,SI.POV.DDAY
Luxembourg,LUX,Poverty headcount ratio at $3.00 a day (2021 PPP) (% of population),SI.POV.DDAY,,2000,0.0,SI.POV.DDAY
Luxembourg,LUX,Poverty headcount ratio at $3.00 a day (2021 PPP) (% of population),SI.POV.DDAY,,2001,0.0,SI.POV.DDAY
Luxembourg,LUX,Poverty headcount ratio at $3.00 a day (2021 PPP) (% of population),SI.POV.DDAY,,2002,0.0,SI.POV.DDAY
Luxembourg,LUX,Poverty headcount ratio at $3.00 a day (2021 PPP) (% of population),SI.POV.DDAY,,2003,0.1,SI.POV.DDAY
Luxembourg,LUX,Poverty headcount ratio at $3.00 a day (2021 PPP) (% of population),SI.POV.DDAY,,2004,0.0,SI.POV.DDAY
Luxembourg,LUX,Poverty headcount ratio at $3.00 a day (2021 PPP) (% of population),SI.POV.DDAY,,2005,0.0,SI.POV.DDAY
Luxembourg,LUX,Poverty headcount ratio at $3.00 a day (2021 PPP) (% of population),SI.POV.DDAY,,2006,0.0,SI.POV.DDAY
Luxembourg,LUX,Poverty headcount ratio at $3.00 a day (2021 PPP) (% of population),SI.POV.DDAY,,2007,0.0,SI.POV.DDAY
Luxembourg,LUX,Poverty headcount ratio at $3.00 a day (2021 PPP) (% of population),SI.POV.DDAY,,2008,0.0,SI.POV.DDAY
Luxembourg,LUX,Poverty headcount ratio at $3.00 a day (2021 PPP) (% of population),SI.POV.DDAY,,2009,0.0,SI.POV.DDAY
Luxembourg,LUX,Poverty headcount ratio at $3.00 a day (2021 PPP) (% of population),SI.POV.DDAY,,2010,0.0,SI.POV.DDAY
Luxembourg,LUX,Poverty headcount ratio at $3.00 a day (2021 PPP) (% of population),SI.POV.DDAY,,2011,0.1,SI.POV.DDAY
Luxembourg,LUX,Poverty headcount ratio at $3.00 a day (2021 PPP) (% of population),SI.POV.DDAY,,2012,0.0,SI.POV.DDAY
Luxembourg,LUX,Poverty headcount ratio at $3.00 a day (2021 PPP) (% of population),SI.POV.DDAY,,2013,0.1,SI.POV.DDAY
Luxembourg,LUX,Poverty headcount ratio at $3.00 a day (2021 PPP) (% of population),SI.POV.DDAY,,2014,0.2,SI.POV.DDAY
Luxembourg,LUX,Poverty headcount ratio at $3.00 a day (2021 PPP) (% of population),SI.POV.DDAY,,2015,0.3,SI.POV.DDAY
Luxembourg,LUX,Poverty headcount ratio at $3.00 a day (2021 PPP) (% of population),SI.POV.DDAY,,2016,0.1,SI.POV.DDAY
Luxembourg,LUX,Poverty headcount ratio at $3.00 a day (2021 PPP) (% of population),SI.POV.DDAY,,2017,0.3,SI.POV.DDAY
Luxembourg,LUX,Poverty headcount ratio at $3.00 a day (2021 PPP) (% of population),SI.POV.DDAY,,2018,0.3,SI.POV.DDAY
Luxembourg,LUX,Poverty headcount ratio at $3.00 a day (2021 PPP) (% of population),SI.POV.DDAY,,2019,0.1,SI.POV.DDAY
Luxembourg,LUX,Poverty headcount ratio at $3.00 a day (2021 PPP) (% of population),SI.POV.DDAY,,2020,0.0,SI.POV.DDAY
Luxembourg,LUX,Poverty headcount ratio at $3.00 a day (2021 PPP) (% of population),SI.POV.DDAY,,2021,0.1,SI.POV.DDAY
Luxembourg,LUX,Poverty headcount ratio at $3.00 a day (2021 PPP) (% of population),SI.POV.DDAY,,2022,0.1,SI.POV.DDAY
Luxembourg,LUX,Poverty headcount ratio at $3.00 a day (2021 PPP) (% of population),SI.POV.DDAY,,2023,0.1,SI.POV.DDAY
Latvia,LVA,Poverty headcount ratio at $3.00 a day (2021 PPP) (% of population),SI.POV.DDAY,,2002,1.5,SI.POV.DDAY
Latvia,LVA,Poverty headcount ratio at $3.00 a day (2021 PPP) (% of population),SI.POV.DDAY,,2003,1.5,SI.POV.DDAY
Latvia,LVA,Poverty headcount ratio at $3.00 a day (2021 PPP) (% of population),SI.POV.DDAY,,2004,3.7,SI.POV.DDAY
Latvia,LVA,Poverty headcount ratio at $3.00 a day (2021 PPP) (% of population),SI.POV.DDAY,,2005,3.1,SI.POV.DDAY
Latvia,LVA,Poverty headcount ratio at $3.00 a day (2021 PPP) (% of population),SI.POV.DDAY,,2006,1.9,SI.POV.DDAY
Latvia,LVA,Poverty headcount ratio at $3.00 a day (2021 PPP) (% of population),SI.POV.DDAY,,2007,0.8,SI.POV.DDAY
Latvia,LVA,Poverty headcount ratio at $3.00 a day (2021 PPP) (% of population),SI.POV.DDAY,,2008,1.6,SI.POV.DDAY
Latvia,LVA,Poverty headcount ratio at $3.00 a day (2021 PPP) (% of population),SI.POV.DDAY,,2009,2.6,SI.POV.DDAY
Latvia,LVA,Poverty headcount ratio at $3.00 a day (2021 PPP) (% of population),SI.POV.DDAY,,2010,2.6,SI.POV.DDAY
Latvia,LVA,Poverty headcount ratio at $3.00 a day (2021 PPP) (% of population),SI.POV.DDAY,,2011,1.7,SI.POV.DDAY
Latvia,LVA,Poverty headcount ratio at $3.00 a day (2021 PPP) (% of population),SI.POV.DDAY,,2012,1.4,SI.POV.DDAY
Latvia,LVA,Poverty headcount ratio at $3.00 a day (2021 PPP) (% of population),SI.POV.DDAY,,2013,1.5,SI.POV.DDAY
Latvia,LVA,Poverty headcount ratio at $3.00 a day (2021 PPP) (% of population),SI.POV.DDAY,,2014,1.1,SI.POV.DDAY
Latvia,LVA,Poverty headcount ratio at $3.00 a day (2021 PPP) (% of population),SI.POV.DDAY,,2015,1.0,SI.POV.DDAY
Latvia,LVA,Poverty headcount ratio at $3.00 a day (2021 PPP) (% of population),SI.POV.DDAY,,2016,1.0,SI.POV.DDAY
Latvia,LVA,Poverty headcount ratio at $3.00 a day (2021 PPP) (% of population),SI.POV.DDAY,,2017,1.0,SI.POV.DDAY
Latvia,LVA,Poverty headcount ratio at $3.00 a day (2021 PPP) (% of population),SI.POV.DDAY,,2018,0.6,SI.POV.DDAY
Latvia,LVA,Poverty headcount ratio at $3.00 a day (2021 PPP) (% of population),SI.POV.DDAY,,2019,0.3,SI.POV.DDAY
Latvia,LVA,Poverty headcount ratio at $3.00 a day (2021 PPP) (% of population),SI.POV.DDAY,,2020,0.5,SI.POV.DDAY
Latvia,LVA,Poverty headcount ratio at $3.00 a day (2021 PPP) (% of population),SI.POV.DDAY,,2021,0.5,SI.POV.DDAY
Latvia,LVA,Poverty headcount ratio at $3.00 a day (2021 PPP) (% of population),SI.POV.DDAY,,2022,0.4,SI.POV.DDAY
Latvia,LVA,Poverty headcount ratio at $3.00 a day (2021 PPP) (% of population),SI.POV.DDAY,,2023,0.4,SI.POV.DDAY
Morocco,MAR,Poverty headcount ratio at $3.00 a day (2021 PPP) (% of population),SI.POV.DDAY,,2000,16.8,SI.POV.DDAY
Morocco,MAR,Poverty headcount ratio at $3.00 a day (2021 PPP) (% of population),SI.POV.DDAY,,2006,9.4,SI.POV.DDAY
Morocco,MAR,Poverty headcount ratio at $3.00 a day (2021 PPP) (% of population),SI.POV.DDAY,,2013,3.7,SI.POV.DDAY
Moldova,MDA,Poverty headcount ratio at $3.00 a day (2021 PPP) (% of population),SI.POV.DDAY,,2000,41.0,SI.POV.DDAY
Moldova,MDA,Poverty headcount ratio at $3.00 a day (2021 PPP) (% of population),SI.POV.DDAY,,2001,32.2,SI.POV.DDAY
Moldova,MDA,Poverty headcount ratio at $3.00 a day (2021 PPP) (% of population),SI.POV.DDAY,,2002,19.9,SI.POV.DDAY
Moldova,MDA,Poverty headcount ratio at $3.00 a day (2021 PPP) (% of population),SI.POV.DDAY,,2003,10.0,SI.POV.DDAY
Moldova,MDA,Poverty headcount ratio at $3.00 a day (2021 PPP) (% of population),SI.POV.DDAY,,2004,11.6,SI.POV.DDAY
Moldova,MDA,Poverty headcount ratio at $3.00 a day (2021 PPP) (% of population),SI.POV.DDAY,,2005,16.6,SI.POV.DDAY
Moldova,MDA,Poverty headcount ratio at $3.00 a day (2021 PPP) (% of population),SI.POV.DDAY,,2006,3.4,SI.POV.DDAY
Moldova,MDA,Poverty headcount ratio at $3.00 a day (2021 PPP) (% of population),SI.POV.DDAY,,2007,1.6,SI.POV.DDAY
Moldova,MDA,Poverty headcount ratio at $3.00 a day (2021 PPP) (% of population),SI.POV.DDAY,,2008,1.7,SI.POV.DDAY
Moldova,MDA,Poverty headcount ratio at $3.00 a day (2021 PPP) (% of population),SI.POV.DDAY,,2009,1.5,SI.POV.DDAY
Moldova,MDA,Poverty headcount ratio at $3.00 a day (2021 PPP) (% of population),SI.POV.DDAY,,2010,0.8,SI.POV.DDAY
Moldova,MDA,Poverty headcount ratio at $3.00 a day (2021 PPP) (% of population),SI.POV.DDAY,,2011,0.5,SI.POV.DDAY
Moldova,MDA,Poverty headcount ratio at $3.00 a day (2021 PPP) (% of population),SI.POV.DDAY,,2012,0.5,SI.POV.DDAY
Moldova,MDA,Poverty headcount ratio at $3.00 a day (2021 PPP) (% of population),SI.POV.DDAY,,2013,0.1,SI.POV.DDAY
Moldova,MDA,Poverty headcount ratio at $3.00 a day (2021 PPP) (% of population),SI.POV.DDAY,,2014,0.0,SI.POV.DDAY
Moldova,MDA,Poverty headcount ratio at $3.00 a day (2021 PPP) (% of population),SI.POV.DDAY,,2015,0.1,SI.POV.DDAY
Moldova,MDA,Poverty headcount ratio at $3.00 a day (2021 PPP) (% of population),SI.POV.DDAY,,2016,0.2,SI.POV.DDAY
Moldova,MDA,Poverty headcount ratio at $3.00 a day (2021 PPP) (% of population),SI.POV.DDAY,,2017,0.1,SI.POV.DDAY
Moldova,MDA,Poverty headcount ratio at $3.00 a day (2021 PPP) (% of population),SI.POV.DDAY,,2018,0.0,SI.POV.DDAY
Moldova,MDA,Poverty headcount ratio at $3.00 a day (2021 PPP) (% of population),SI.POV.DDAY,,2019,0.0,SI.POV.DDAY
Moldova,MDA,Poverty headcount ratio at $3.00 a day (2021 PPP) (% of population),SI.POV.DDAY,,2020,0.0,SI.POV.DDAY
Moldova,MDA,Poverty headcount ratio at $3.00 a day (2021 PPP) (% of population),SI.POV.DDAY,,2021,0.2,SI.POV.DDAY
Moldova,MDA,Poverty headcount ratio at $3.00 a day (2021 PPP) (% of population),SI.POV.DDAY,,2022,0.0,SI.POV.DDAY
Moldova,MDA,Poverty headcount ratio at $3.00 a day (2021 PPP) (% of population),SI.POV.DDAY,,2023,0.1,SI.POV.DDAY
Madagascar,MDG,Poverty headcount ratio at $3.00 a day (2021 PPP) (% of population),SI.POV.DDAY,,2001,57.5,SI.POV.DDAY
Madagascar,MDG,Poverty headcount ratio at $3.00 a day (2021 PPP) (% of population),SI.POV.DDAY,,2005,55.3,SI.POV.DDAY
Madagascar,MDG,Poverty headcount ratio at $3.00 a day (2021 PPP) (% of population),SI.POV.DDAY,,2010,65.3,SI.POV.DDAY
Madagascar,MDG,Poverty headcount ratio at $3.00 a day (2021 PPP) (% of population),SI.POV.DDAY,,2012,67.3,SI.POV.DDAY
Madagascar,MDG,Poverty headcount ratio at $3.00 a day (2021 PPP) (% of population),SI.POV.DDAY,,2021,69.2,SI.POV.DDAY
Maldives,MDV,Poverty headcount ratio at $3.00 a day (2021 PPP) (% of population),SI.POV.DDAY,,2002,18.8,SI.POV.DDAY
Maldives,MDV,Poverty headcount ratio at $3.00 a day (2021 PPP) (% of population),SI.POV.DDAY,,2009,13.1,SI.POV.DDAY
Maldives,MDV,Poverty headcount ratio at $3.00 a day (2021 PPP) (% of population),SI.POV.DDAY,,2016,0.1,SI.POV.DDAY
Maldives,MDV,Poverty headcount ratio at $3.00 a day (2021 PPP) (% of population),SI.POV.DDAY,,2019,0.0,SI.POV.DDAY
"Middle East, North Africa, Afghanistan & Pakistan",MEA,Poverty headcount ratio at $3.00 a day (2021 PPP) (% of population),SI.POV.DDAY,,2000,23.8,SI.POV.DDAY
"Middle East, North Africa, Afghanistan & Pakistan",MEA,Poverty headcount ratio at $3.00 a day (2021 PPP) (% of population),SI.POV.DDAY,,2001,24.6,SI.POV.DDAY
"Middle East, North Africa, Afghanistan & Pakistan",MEA,Poverty headcount ratio at $3.00 a day (2021 PPP) (% of population),SI.POV.DDAY,,2002,24.1,SI.POV.DDAY
"Middle East, North Africa, Afghanistan & Pakistan",MEA,Poverty headcount ratio at $3.00 a day (2021 PPP) (% of population),SI.POV.DDAY,,2003,22.2,SI.POV.DDAY
"Middle East, North Africa, Afghanistan & Pakistan",MEA,Poverty headcount ratio at $3.00 a day (2021 PPP) (% of population),SI.POV.DDAY,,2004,19.9,SI.POV.DDAY
"Middle East, North Africa, Afghanistan & Pakistan",MEA,Poverty headcount ratio at $3.00 a day (2021 PPP) (% of population),SI.POV.DDAY,,2005,18.8,SI.POV.DDAY
"Middle East, North Africa, Afghanistan & Pakistan",MEA,Poverty headcount ratio at $3.00 a day (2021 PPP) (% of population),SI.POV.DDAY,,2006,17.6,SI.POV.DDAY
"Middle East, North Africa, Afghanistan & Pakistan",MEA,Poverty headcount ratio at $3.00 a day (2021 PPP) (% of population),SI.POV.DDAY,,2007,16.7,SI.POV.DDAY
"Middle East, North Africa, Afghanistan & Pakistan",MEA,Poverty headcount ratio at $3.00 a day (2021 PPP) (% of population),SI.POV.DDAY,,2008,14.6,SI.POV.DDAY
"Middle East, North Africa, Afghanistan & Pakistan",MEA,Poverty headcount ratio at $3.00 a day (2021 PPP) (% of population),SI.POV.DDAY,,2009,15.2,SI.POV.DDAY
"Middle East, North Africa, Afghanistan & Pakistan",MEA,Poverty headcount ratio at $3.00 a day (2021 PPP) (% of population),SI.POV.DDAY,,2010,13.3,SI.POV.DDAY
"Middle East, North Africa, Afghanistan & Pakistan",MEA,Poverty headcount ratio at $3.00 a day (2021 PPP) (% of population),SI.POV.DDAY,,2011,13.0,SI.POV.DDAY
"Middle East, North Africa, Afghanistan & Pakistan",MEA,Poverty headcount ratio at $3.00 a day (2021 PPP) (% of population),SI.POV.DDAY,,2012,12.3,SI.POV.DDAY
"Middle East, North Africa, Afghanistan & Pakistan",MEA,Poverty headcount ratio at $3.00 a day (2021 PPP) (% of population),SI.POV.DDAY,,2013,11.6,SI.POV.DDAY
"Middle East, North Africa, Afghanistan & Pakistan",MEA,Poverty headcount ratio at $3.00 a day (2021 PPP) (% of population),SI.POV.DDAY,,2014,11.5,SI.POV.DDAY
"Middle East, North Africa, Afghanistan & Pakistan",MEA,Poverty headcount ratio at $3.00 a day (2021 PPP) (% of population),SI.POV.DDAY,,2015,11.3,SI.POV.DDAY
"Middle East, North Africa, Afghanistan & Pakistan",MEA,Poverty headcount ratio at $3.00 a day (2021 PPP) (% of population),SI.POV.DDAY,,2016,11.3,SI.POV.DDAY
"Middle East, North Africa, Afghanistan & Pakistan",MEA,Poverty headcount ratio at $3.00 a day (2021 PPP) (% of population),SI.POV.DDAY,,2017,11.0,SI.POV.DDAY
"Middle East, North Africa, Afghanistan & Pakistan",MEA,Poverty headcount ratio at $3.00 a day (2021 PPP) (% of population),SI.POV.DDAY,,2018,11.0,SI.POV.DDAY
"Middle East, North Africa, Afghanistan & Pakistan",MEA,Poverty headcount ratio at $3.00 a day (2021 PPP) (% of population),SI.POV.DDAY,,2019,11.4,SI.POV.DDAY
Mexico,MEX,Poverty headcount ratio at $3.00 a day (2021 PPP) (% of population),SI.POV.DDAY,,2000,16.3,SI.POV.DDAY
Mexico,MEX,Poverty headcount ratio at $3.00 a day (2021 PPP) (% of population),SI.POV.DDAY,,2002,12.8,SI.POV.DDAY
Mexico,MEX,Poverty headcount ratio at $3.00 a day (2021 PPP) (% of population),SI.POV.DDAY,,2004,11.0,SI.POV.DDAY
Mexico,MEX,Poverty headcount ratio at $3.00 a day (2021 PPP) (% of population),SI.POV.DDAY,,2005,11.7,SI.POV.DDAY
Mexico,MEX,Poverty headcount ratio at $3.00 a day (2021 PPP) (% of population),SI.POV.DDAY,,2006,9.0,SI.POV.DDAY
Mexico,MEX,Poverty headcount ratio at $3.00 a day (2021 PPP) (% of population),SI.POV.DDAY,,2008,10.1,SI.POV.DDAY
Mexico,MEX,Poverty headcount ratio at $3.00 a day (2021 PPP) (% of population),SI.POV.DDAY,,2010,8.4,SI.POV.DDAY
Mexico,MEX,Poverty headcount ratio at $3.00 a day (2021 PPP) (% of population),SI.POV.DDAY,,2012,7.3,SI.POV.DDAY
Mexico,MEX,Poverty headcount ratio at $3.00 a day (2021 PPP) (% of population),SI.POV.DDAY,,2014,7.2,SI.POV.DDAY
Mexico,MEX,Poverty headcount ratio at $3.00 a day (2021 PPP) (% of population),SI.POV.DDAY,,2016,4.4,SI.POV.DDAY
Mexico,MEX,Poverty headcount ratio at $3.00 a day (2021 PPP) (% of population),SI.POV.DDAY,,2018,3.9,SI.POV.DDAY
Mexico,MEX,Poverty headcount ratio at $3.00 a day (2021 PPP) (% of population),SI.POV.DDAY,,2020,4.3,SI.POV.DDAY
Mexico,MEX,Poverty headcount ratio at $3.00 a day (2021 PPP) (% of population),SI.POV.DDAY,,2022,2.3,SI.POV.DDAY
Marshall Islands,MHL,Poverty headcount ratio at $3.00 a day (2021 PPP) (% of population),SI.POV.DDAY,,2019,2.1,SI.POV.DDAY
North Macedonia,MKD,Poverty headcount ratio at $3.00 a day (2021 PPP) (% of population),SI.POV.DDAY,,2000,11.7,SI.POV.DDAY
North Macedonia,MKD,Poverty headcount ratio at $3.00 a day (2021 PPP) (% of population),SI.POV.DDAY,,2002,3.0,SI.POV.DDAY
North Macedonia,MKD,Poverty headcount ratio at $3.00 a day (2021 PPP) (% of population),SI.POV.DDAY,,2003,2.8,SI.POV.DDAY
North Macedonia,MKD,Poverty headcount ratio at $3.00 a day (2021 PPP) (% of population),SI.POV.DDAY,,2004,1.4,SI.POV.DDAY
North Macedonia,MKD,Poverty headcount ratio at $3.00 a day (2021 PPP) (% of population),SI.POV.DDAY,,2005,3.1,SI.POV.DDAY
North Macedonia,MKD,Poverty headcount ratio at $3.00 a day (2021 PPP) (% of population),SI.POV.DDAY,,2006,4.6,SI.POV.DDAY
North Macedonia,MKD,Poverty headcount ratio at $3.00 a day (2021 PPP) (% of population),SI.POV.DDAY,,2008,1.4,SI.POV.DDAY
North Macedonia,MKD,Poverty headcount ratio at $3.00 a day (2021 PPP) (% of population),SI.POV.DDAY,,2009,12.1,SI.POV.DDAY
North Macedonia,MKD,Poverty headcount ratio at $3.00 a day (2021 PPP) (% of population),SI.POV.DDAY,,2010,12.8,SI.POV.DDAY
North Macedonia,MKD,Poverty headcount ratio at $3.00 a day (2021 PPP) (% of population),SI.POV.DDAY,,2011,10.9,SI.POV.DDAY
North Macedonia,MKD,Poverty headcount ratio at $3.00 a day (2021 PPP) (% of population),SI.POV.DDAY,,2012,9.1,SI.POV.DDAY
North Macedonia,MKD,Poverty headcount ratio at $3.00 a day (2021 PPP) (% of population),SI.POV.DDAY,,2013,7.4,SI.POV.DDAY
North Macedonia,MKD,Poverty headcount ratio at $3.00 a day (2021 PPP) (% of population),SI.POV.DDAY,,2014,6.4,SI.POV.DDAY
North Macedonia,MKD,Poverty headcount ratio at $3.00 a day (2021 PPP) (% of population),SI.POV.DDAY,,2015,7.0,SI.POV.DDAY
North Macedonia,MKD,Poverty headcount ratio at $3.00 a day (2021 PPP) (% of population),SI.POV.DDAY,,2016,5.7,SI.POV.DDAY
North Macedonia,MKD,Poverty headcount ratio at $3.00 a day (2021 PPP) (% of population),SI.POV.DDAY,,2017,5.6,SI.POV.DDAY
North Macedonia,MKD,Poverty headcount ratio at $3.00 a day (2021 PPP) (% of population),SI.POV.DDAY,,2018,4.3,SI.POV.DDAY
North Macedonia,MKD,Poverty headcount ratio at $3.00 a day (2021 PPP) (% of population),SI.POV.DDAY,,2019,3.9,SI.POV.DDAY
Mali,MLI,Poverty headcount ratio at $3.00 a day (2021 PPP) (% of population),SI.POV.DDAY,,2001,68.6,SI.POV.DDAY
Mali,MLI,Poverty headcount ratio at $3.00 a day (2021 PPP) (% of population),SI.POV.DDAY,,2006,64.0,SI.POV.DDAY
Mali,MLI,Poverty headcount ratio at $3.00 a day (2021 PPP) (% of population),SI.POV.DDAY,,2009,63.3,SI.POV.DDAY
Mali,MLI,Poverty headcount ratio at $3.00 a day (2021 PPP) (% of population),SI.POV.DDAY,,2018,29.4,SI.POV.DDAY
Mali,MLI,Poverty headcount ratio at $3.00 a day (2021 PPP) (% of population),SI.POV.DDAY,,2021,36.1,SI.POV.DDAY
Malta,MLT,Poverty headcount ratio at $3.00 a day (2021 PPP) (% of population),SI.POV.DDAY,,2006,0.5,SI.POV.DDAY
Malta,MLT,Poverty headcount ratio at $3.00 a day (2021 PPP) (% of population),SI.POV.DDAY,,2007,0.5,SI.POV.DDAY
Malta,MLT,Poverty headcount ratio at $3.00 a day (2021 PPP) (% of population),SI.POV.DDAY,,2008,0.2,SI.POV.DDAY
Malta,MLT,Poverty headcount ratio at $3.00 a day (2021 PPP) (% of population),SI.POV.DDAY,,2009,0.5,SI.POV.DDAY
Malta,MLT,Poverty headcount ratio at $3.00 a day (2021 PPP) (% of population),SI.POV.DDAY,,2010,0.3,SI.POV.DDAY
Malta,MLT,Poverty headcount ratio at $3.00 a day (2021 PPP) (% of population),SI.POV.DDAY,,2011,0.2,SI.POV.DDAY
Malta,MLT,Poverty headcount ratio at $3.00 a day (2021 PPP) (% of population),SI.POV.DDAY,,2012,0.2,SI.POV.DDAY
Malta,MLT,Poverty headcount ratio at $3.00 a day (2021 PPP) (% of population),SI.POV.DDAY,,2013,0.0,SI.POV.DDAY
Malta,MLT,Poverty headcount ratio at $3.00 a day (2021 PPP) (% of population),SI.POV.DDAY,,2014,0.0,SI.POV.DDAY
Malta,MLT,Poverty headcount ratio at $3.00 a day (2021 PPP) (% of population),SI.POV.DDAY,,2015,0.1,SI.POV.DDAY
Malta,MLT,Poverty headcount ratio at $3.00 a day (2021 PPP) (% of population),SI.POV.DDAY,,2016,0.1,SI.POV.DDAY
Malta,MLT,Poverty headcount ratio at $3.00 a day (2021 PPP) (% of population),SI.POV.DDAY,,2017,0.2,SI.POV.DDAY
Malta,MLT,Poverty headcount ratio at $3.00 a day (2021 PPP) (% of population),SI.POV.DDAY,,2018,0.2,SI.POV.DDAY
Malta,MLT,Poverty headcount ratio at $3.00 a day (2021 PPP) (% of population),SI.POV.DDAY,,2019,0.3,SI.POV.DDAY
Malta,MLT,Poverty headcount ratio at $3.00 a day (2021 PPP) (% of population),SI.POV.DDAY,,2020,0.4,SI.POV.DDAY
Malta,MLT,Poverty headcount ratio at $3.00 a day (2021 PPP) (% of population),SI.POV.DDAY,,2021,0.1,SI.POV.DDAY
Malta,MLT,Poverty headcount ratio at $3.00 a day (2021 PPP) (% of population),SI.POV.DDAY,,2022,0.1,SI.POV.DDAY
Myanmar,MMR,Poverty headcount ratio at $3.00 a day (2021 PPP) (% of population),SI.POV.DDAY,,2015,18.2,SI.POV.DDAY
Myanmar,MMR,Poverty headcount ratio at $3.00 a day (2021 PPP) (% of population),SI.POV.DDAY,,2017,10.3,SI.POV.DDAY
Montenegro,MNE,Poverty headcount ratio at $3.00 a day (2021 PPP) (% of population),SI.POV.DDAY,,2005,0.4,SI.POV.DDAY
Montenegro,MNE,Poverty headcount ratio at $3.00 a day (2021 PPP) (% of population),SI.POV.DDAY,,2006,0.4,SI.POV.DDAY
Montenegro,MNE,Poverty headcount ratio at $3.00 a day (2021 PPP) (% of population),SI.POV.DDAY,,2007,0.4,SI.POV.DDAY
Montenegro,MNE,Poverty headcount ratio at $3.00 a day (2021 PPP) (% of population),SI.POV.DDAY,,2008,0.3,SI.POV.DDAY
Montenegro,MNE,Poverty headcount ratio at $3.00 a day (2021 PPP) (% of population),SI.POV.DDAY,,2009,0.0,SI.POV.DDAY
Montenegro,MNE,Poverty headcount ratio at $3.00 a day (2021 PPP) (% of population),SI.POV.DDAY,,2010,0.0,SI.POV.DDAY
Montenegro,MNE,Poverty headcount ratio at $3.00 a day (2021 PPP) (% of population),SI.POV.DDAY,,2011,0.4,SI.POV.DDAY
Montenegro,MNE,Poverty headcount ratio at $3.00 a day (2021 PPP) (% of population),SI.POV.DDAY,,2012,5.6,SI.POV.DDAY
Montenegro,MNE,Poverty headcount ratio at $3.00 a day (2021 PPP) (% of population),SI.POV.DDAY,,2013,5.2,SI.POV.DDAY
Montenegro,MNE,Poverty headcount ratio at $3.00 a day (2021 PPP) (% of population),SI.POV.DDAY,,2014,3.9,SI.POV.DDAY
Montenegro,MNE,Poverty headcount ratio at $3.00 a day (2021 PPP) (% of population),SI.POV.DDAY,,2015,3.6,SI.POV.DDAY
Montenegro,MNE,Poverty headcount ratio at $3.00 a day (2021 PPP) (% of population),SI.POV.DDAY,,2016,3.3,SI.POV.DDAY
Montenegro,MNE,Poverty headcount ratio at $3.00 a day (2021 PPP) (% of population),SI.POV.DDAY,,2017,4.6,SI.POV.DDAY
Montenegro,MNE,Poverty headcount ratio at $3.00 a day (2021 PPP) (% of population),SI.POV.DDAY,,2018,3.9,SI.POV.DDAY
Montenegro,MNE,Poverty headcount ratio at $3.00 a day (2021 PPP) (% of population),SI.POV.DDAY,,2019,2.5,SI.POV.DDAY
Montenegro,MNE,Poverty headcount ratio at $3.00 a day (2021 PPP) (% of population),SI.POV.DDAY,,2020,2.2,SI.POV.DDAY
Montenegro,MNE,Poverty headcount ratio at $3.00 a day (2021 PPP) (% of population),SI.POV.DDAY,,2021,2.5,SI.POV.DDAY
Mongolia,MNG,Poverty headcount ratio at $3.00 a day (2021 PPP) (% of population),SI.POV.DDAY,,2002,18.7,SI.POV.DDAY
Mongolia,MNG,Poverty headcount ratio at $3.00 a day (2021 PPP) (% of population),SI.POV.DDAY,,2007,4.0,SI.POV.DDAY
Mongolia,MNG,Poverty headcount ratio at $3.00 a day (2021 PPP) (% of population),SI.POV.DDAY,,2010,3.5,SI.POV.DDAY
Mongolia,MNG,Poverty headcount ratio at $3.00 a day (2021 PPP) (% of population),SI.POV.DDAY,,2011,2.2,SI.POV.DDAY
Mongolia,MNG,Poverty headcount ratio at $3.00 a day (2021 PPP) (% of population),SI.POV.DDAY,,2012,1.1,SI.POV.DDAY
Mongolia,MNG,Poverty headcount ratio at $3.00 a day (2021 PPP) (% of population),SI.POV.DDAY,,2014,0.8,SI.POV.DDAY
Mongolia,MNG,Poverty headcount ratio at $3.00 a day (2021 PPP) (% of population),SI.POV.DDAY,,2016,1.9,SI.POV.DDAY
Mongolia,MNG,Poverty headcount ratio at $3.00 a day (2021 PPP) (% of population),SI.POV.DDAY,,2018,1.7,SI.POV.DDAY
Mongolia,MNG,Poverty headcount ratio at $3.00 a day (2021 PPP) (% of population),SI.POV.DDAY,,2022,0.4,SI.POV.DDAY
Mozambique,MOZ,Poverty headcount ratio at $3.00 a day (2021 PPP) (% of population),SI.POV.DDAY,,2002,87.6,SI.POV.DDAY
Mozambique,MOZ,Poverty headcount ratio at $3.00 a day (2021 PPP) (% of population),SI.POV.DDAY,,2008,81.1,SI.POV.DDAY
Mozambique,MOZ,Poverty headcount ratio at $3.00 a day (2021 PPP) (% of population),SI.POV.DDAY,,2014,74.4,SI.POV.DDAY
Mozambique,MOZ,Poverty headcount ratio at $3.00 a day (2021 PPP) (% of population),SI.POV.DDAY,,2019,81.6,SI.POV.DDAY
Mozambique,MOZ,Poverty headcount ratio at $3.00 a day (2021 PPP) (% of population),SI.POV.DDAY,,2022,81.4,SI.POV.DDAY
Mauritania,MRT,Poverty headcount ratio at $3.00 a day (2021 PPP) (% of population),SI.POV.DDAY,,2000,30.7,SI.POV.DDAY
Mauritania,MRT,Poverty headcount ratio at $3.00 a day (2021 PPP) (% of population),SI.POV.DDAY,,2004,28.5,SI.POV.DDAY
Mauritania,MRT,Poverty headcount ratio at $3.00 a day (2021 PPP) (% of population),SI.POV.DDAY,,2008,19.2,SI.POV.DDAY
Mauritania,MRT,Poverty headcount ratio at $3.00 a day (2021 PPP) (% of population),SI.POV.DDAY,,2014,11.7,SI.POV.DDAY
Mauritania,MRT,Poverty headcount ratio at $3.00 a day (2021 PPP) (% of population),SI.POV.DDAY,,2019,10.2,SI.POV.DDAY
Mauritius,MUS,Poverty headcount ratio at $3.00 a day (2021 PPP) (% of population),SI.POV.DDAY,,2006,1.1,SI.POV.DDAY
Mauritius,MUS,Poverty headcount ratio at $3.00 a day (2021 PPP) (% of population),SI.POV.DDAY,,2012,1.1,SI.POV.DDAY
Mauritius,MUS,Poverty headcount ratio at $3.00 a day (2021 PPP) (% of population),SI.POV.DDAY,,2017,0.5,SI.POV.DDAY
Malawi,MWI,Poverty headcount ratio at $3.00 a day (2021 PPP) (% of population),SI.POV.DDAY,,2004,74.4,SI.POV.DDAY
Malawi,MWI,Poverty headcount ratio at $3.00 a day (2021 PPP) (% of population),SI.POV.DDAY,,2010,72.9,SI.POV.DDAY
Malawi,MWI,Poverty headcount ratio at $3.00 a day (2021 PPP) (% of population),SI.POV.DDAY,,2016,71.7,SI.POV.DDAY
Malawi,MWI,Poverty headcount ratio at $3.00 a day (2021 PPP) (% of population),SI.POV.DDAY,,2019,75.4,SI.POV.DDAY
Malaysia,MYS,Poverty headcount ratio at $3.00 a day (2021 PPP) (% of population),SI.POV.DDAY,,2003,3.2,SI.POV.DDAY
Malaysia,MYS,Poverty headcount ratio at $3.00 a day (2021 PPP) (% of population),SI.POV.DDAY,,2006,1.7,SI.POV.DDAY
Malaysia,MYS,Poverty headcount ratio at $3.00 a day (2021 PPP) (% of population),SI.POV.DDAY,,2008,1.5,SI.POV.DDAY
Malaysia,MYS,Poverty headcount ratio at $3.00 a day (2021 PPP) (% of population),SI.POV.DDAY,,2011,0.4,SI.POV.DDAY
Malaysia,MYS,Poverty headcount ratio at $3.00 a day (2021 PPP) (% of population),SI.POV.DDAY,,2013,0.1,SI.POV.DDAY
Malaysia,MYS,Poverty headcount ratio at $3.00 a day (2021 PPP) (% of population),SI.POV.DDAY,,2015,0.1,SI.POV.DDAY
Malaysia,MYS,Poverty headcount ratio at $3.00 a day (2021 PPP) (% of population),SI.POV.DDAY,,2018,0.0,SI.POV.DDAY
Malaysia,MYS,Poverty headcount ratio at $3.00 a day (2021 PPP) (% of population),SI.POV.DDAY,,2021,0.0,SI.POV.DDAY
North America,NAC,Poverty headcount ratio at $3.00 a day (2021 PPP) (% of population),SI.POV.DDAY,,2000,0.6,SI.POV.DDAY
North America,NAC,Poverty headcount ratio at $3.00 a day (2021 PPP) (% of population),SI.POV.DDAY,,2001,0.8,SI.POV.DDAY
North America,NAC,Poverty headcount ratio at $3.00 a day (2021 PPP) (% of population),SI.POV.DDAY,,2002,0.7,SI.POV.DDAY
North America,NAC,Poverty headcount ratio at $3.00 a day (2021 PPP) (% of population),SI.POV.DDAY,,2003,0.8,SI.POV.DDAY
North America,NAC,Poverty headcount ratio at $3.00 a day (2021 PPP) (% of population),SI.POV.DDAY,,2004,0.9,SI.POV.DDAY
North America,NAC,Poverty headcount ratio at $3.00 a day (2021 PPP) (% of population),SI.POV.DDAY,,2005,0.9,SI.POV.DDAY
North America,NAC,Poverty headcount ratio at $3.00 a day (2021 PPP) (% of population),SI.POV.DDAY,,2006,0.9,SI.POV.DDAY
North America,NAC,Poverty headcount ratio at $3.00 a day (2021 PPP) (% of population),SI.POV.DDAY,,2007,0.8,SI.POV.DDAY
North America,NAC,Poverty headcount ratio at $3.00 a day (2021 PPP) (% of population),SI.POV.DDAY,,2008,0.9,SI.POV.DDAY
North America,NAC,Poverty headcount ratio at $3.00 a day (2021 PPP) (% of population),SI.POV.DDAY,,2009,0.8,SI.POV.DDAY
North America,NAC,Poverty headcount ratio at $3.00 a day (2021 PPP) (% of population),SI.POV.DDAY,,2010,0.9,SI.POV.DDAY
North America,NAC,Poverty headcount ratio at $3.00 a day (2021 PPP) (% of population),SI.POV.DDAY,,2011,0.9,SI.POV.DDAY
North America,NAC,Poverty headcount ratio at $3.00 a day (2021 PPP) (% of population),SI.POV.DDAY,,2012,0.9,SI.POV.DDAY
North America,NAC,Poverty headcount ratio at $3.00 a day (2021 PPP) (% of population),SI.POV.DDAY,,2013,0.9,SI.POV.DDAY
North America,NAC,Poverty headcount ratio at $3.00 a day (2021 PPP) (% of population),SI.POV.DDAY,,2014,1.1,SI.POV.DDAY
North America,NAC,Poverty headcount ratio at $3.00 a day (2021 PPP) (% of population),SI.POV.DDAY,,2015,1.0,SI.POV.DDAY
North America,NAC,Poverty headcount ratio at $3.00 a day (2021 PPP) (% of population),SI.POV.DDAY,,2016,1.0,SI.POV.DDAY
North America,NAC,Poverty headcount ratio at $3.00 a day (2021 PPP) (% of population),SI.POV.DDAY,,2017,1.1,SI.POV.DDAY
North America,NAC,Poverty headcount ratio at $3.00 a day (2021 PPP) (% of population),SI.POV.DDAY,,2018,0.9,SI.POV.DDAY
North America,NAC,Poverty headcount ratio at $3.00 a day (2021 PPP) (% of population),SI.POV.DDAY,,2019,0.8,SI.POV.DDAY
North America,NAC,Poverty headcount ratio at $3.00 a day (2021 PPP) (% of population),SI.POV.DDAY,,2020,0.3,SI.POV.DDAY
North America,NAC,Poverty headcount ratio at $3.00 a day (2021 PPP) (% of population),SI.POV.DDAY,,2021,0.2,SI.POV.DDAY
North America,NAC,Poverty headcount ratio at $3.00 a day (2021 PPP) (% of population),SI.POV.DDAY,,2022,1.1,SI.POV.DDAY
North America,NAC,Poverty headcount ratio at $3.00 a day (2021 PPP) (% of population),SI.POV.DDAY,,2023,1.0,SI.POV.DDAY
Namibia,NAM,Poverty headcount ratio at $3.00 a day (2021 PPP) (% of population),SI.POV.DDAY,,2003,47.6,SI.POV.DDAY
Namibia,NAM,Poverty headcount ratio at $3.00 a day (2021 PPP) (% of population),SI.POV.DDAY,,2009,38.6,SI.POV.DDAY
Namibia,NAM,Poverty headcount ratio at $3.00 a day (2021 PPP) (% of population),SI.POV.DDAY,,2015,22.9,SI.POV.DDAY
Niger,NER,Poverty headcount ratio at $3.00 a day (2021 PPP) (% of population),SI.POV.DDAY,,2005,83.8,SI.POV.DDAY
Niger,NER,Poverty headcount ratio at $3.00 a day (2021 PPP) (% of population),SI.POV.DDAY,,2007,82.9,SI.POV.DDAY
Niger,NER,Poverty headcount ratio at $3.00 a day (2021 PPP) (% of population),SI.POV.DDAY,,2011,68.8,SI.POV.DDAY
Niger,NER,Poverty headcount ratio at $3.00 a day (2021 PPP) (% of population),SI.POV.DDAY,,2014,60.3,SI.POV.DDAY
Niger,NER,Poverty headcount ratio at $3.00 a day (2021 PPP) (% of population),SI.POV.DDAY,,2018,59.0,SI.POV.DDAY
Niger,NER,Poverty headcount ratio at $3.00 a day (2021 PPP) (% of population),SI.POV.DDAY,,2021,60.5,SI.POV.DDAY
Nigeria,NGA,Poverty headcount ratio at $3.00 a day (2021 PPP) (% of population),SI.POV.DDAY,,2003,51.1,SI.POV.DDAY
Nigeria,NGA,Poverty headcount ratio at $3.00 a day (2021 PPP) (% of population),SI.POV.DDAY,,2010,38.5,SI.POV.DDAY
Nigeria,NGA,Poverty headcount ratio at $3.00 a day (2021 PPP) (% of population),SI.POV.DDAY,,2012,37.4,SI.POV.DDAY
Nigeria,NGA,Poverty headcount ratio at $3.00 a day (2021 PPP) (% of population),SI.POV.DDAY,,2015,35.8,SI.POV.DDAY
Nigeria,NGA,Poverty headcount ratio at $3.00 a day (2021 PPP) (% of population),SI.POV.DDAY,,2018,34.2,SI.POV.DDAY
Nigeria,NGA,Poverty headcount ratio at $3.00 a day (2021 PPP) (% of population),SI.POV.DDAY,,2022,41.8,SI.POV.DDAY
Nicaragua,NIC,Poverty headcount ratio at $3.00 a day (2021 PPP) (% of population),SI.POV.DDAY,,2001,26.3,SI.POV.DDAY
Nicaragua,NIC,Poverty headcount ratio at $3.00 a day (2021 PPP) (% of population),SI.POV.DDAY,,2005,16.5,SI.POV.DDAY
Nicaragua,NIC,Poverty headcount ratio at $3.00 a day (2021 PPP) (% of population),SI.POV.DDAY,,2009,13.9,SI.POV.DDAY
Nicaragua,NIC,Poverty headcount ratio at $3.00 a day (2021 PPP) (% of population),SI.POV.DDAY,,2014,6.6,SI.POV.DDAY
Netherlands,NLD,Poverty headcount ratio at $3.00 a day (2021 PPP) (% of population),SI.POV.DDAY,,2004,0.3,SI.POV.DDAY
Netherlands,NLD,Poverty headcount ratio at $3.00 a day (2021 PPP) (% of population),SI.POV.DDAY,,2005,0.1,SI.POV.DDAY
Netherlands,NLD,Poverty headcount ratio at $3.00 a day (2021 PPP) (% of population),SI.POV.DDAY,,2006,0.0,SI.POV.DDAY
Netherlands,NLD,Poverty headcount ratio at $3.00 a day (2021 PPP) (% of population),SI.POV.DDAY,,2007,0.0,SI.POV.DDAY
Netherlands,NLD,Poverty headcount ratio at $3.00 a day (2021 PPP) (% of population),SI.POV.DDAY,,2008,0.2,SI.POV.DDAY
Netherlands,NLD,Poverty headcount ratio at $3.00 a day (2021 PPP) (% of population),SI.POV.DDAY,,2009,0.2,SI.POV.DDAY
Netherlands,NLD,Poverty headcount ratio at $3.00 a day (2021 PPP) (% of population),SI.POV.DDAY,,2010,0.0,SI.POV.DDAY
Netherlands,NLD,Poverty headcount ratio at $3.00 a day (2021 PPP) (% of population),SI.POV.DDAY,,2011,0.1,SI.POV.DDAY
Netherlands,NLD,Poverty headcount ratio at $3.00 a day (2021 PPP) (% of population),SI.POV.DDAY,,2012,0.1,SI.POV.DDAY
Netherlands,NLD,Poverty headcount ratio at $3.00 a day (2021 PPP) (% of population),SI.POV.DDAY,,2013,0.1,SI.POV.DDAY
Netherlands,NLD,Poverty headcount ratio at $3.00 a day (2021 PPP) (% of population),SI.POV.DDAY,,2014,0.1,SI.POV.DDAY
Netherlands,NLD,Poverty headcount ratio at $3.00 a day (2021 PPP) (% of population),SI.POV.DDAY,,2015,0.1,SI.POV.DDAY
Netherlands,NLD,Poverty headcount ratio at $3.00 a day (2021 PPP) (% of population),SI.POV.DDAY,,2016,0.1,SI.POV.DDAY
Netherlands,NLD,Poverty headcount ratio at $3.00 a day (2021 PPP) (% of population),SI.POV.DDAY,,2017,0.2,SI.POV.DDAY
Netherlands,NLD,Poverty headcount ratio at $3.00 a day (2021 PPP) (% of population),SI.POV.DDAY,,2018,0.1,SI.POV.DDAY
Netherlands,NLD,Poverty headcount ratio at $3.00 a day (2021 PPP) (% of population),SI.POV.DDAY,,2019,0.1,SI.POV.DDAY
Netherlands,NLD,Poverty headcount ratio at $3.00 a day (2021 PPP) (% of population),SI.POV.DDAY,,2020,0.0,SI.POV.DDAY
Netherlands,NLD,Poverty headcount ratio at $3.00 a day (2021 PPP) (% of population),SI.POV.DDAY,,2021,0.1,SI.POV.DDAY
Norway,NOR,Poverty headcount ratio at $3.00 a day (2021 PPP) (% of population),SI.POV.DDAY,,2000,0.2,SI.POV.DDAY
Norway,NOR,Poverty headcount ratio at $3.00 a day (2021 PPP) (% of population),SI.POV.DDAY,,2003,0.2,SI.POV.DDAY
Norway,NOR,Poverty headcount ratio at $3.00 a day (2021 PPP) (% of population),SI.POV.DDAY,,2004,0.3,SI.POV.DDAY
Norway,NOR,Poverty headcount ratio at $3.00 a day (2021 PPP) (% of population),SI.POV.DDAY,,2005,0.2,SI.POV.DDAY
Norway,NOR,Poverty headcount ratio at $3.00 a day (2021 PPP) (% of population),SI.POV.DDAY,,2006,0.2,SI.POV.DDAY
Norway,NOR,Poverty headcount ratio at $3.00 a day (2021 PPP) (% of population),SI.POV.DDAY,,2007,0.2,SI.POV.DDAY
Norway,NOR,Poverty headcount ratio at $3.00 a day (2021 PPP) (% of population),SI.POV.DDAY,,2008,0.2,SI.POV.DDAY
Norway,NOR,Poverty headcount ratio at $3.00 a day (2021 PPP) (% of population),SI.POV.DDAY,,2009,0.1,SI.POV.DDAY
Norway,NOR,Poverty headcount ratio at $3.00 a day (2021 PPP) (% of population),SI.POV.DDAY,,2010,0.2,SI.POV.DDAY
Norway,NOR,Poverty headcount ratio at $3.00 a day (2021 PPP) (% of population),SI.POV.DDAY,,2011,0.1,SI.POV.DDAY
Norway,NOR,Poverty headcount ratio at $3.00 a day (2021 PPP) (% of population),SI.POV.DDAY,,2012,0.1,SI.POV.DDAY
Norway,NOR,Poverty headcount ratio at $3.00 a day (2021 PPP) (% of population),SI.POV.DDAY,,2013,0.2,SI.POV.DDAY
Norway,NOR,Poverty headcount ratio at $3.00 a day (2021 PPP) (% of population),SI.POV.DDAY,,2014,0.1,SI.POV.DDAY
Norway,NOR,Poverty headcount ratio at $3.00 a day (2021 PPP) (% of population),SI.POV.DDAY,,2015,0.2,SI.POV.DDAY
Norway,NOR,Poverty headcount ratio at $3.00 a day (2021 PPP) (% of population),SI.POV.DDAY,,2016,0.3,SI.POV.DDAY
Norway,NOR,Poverty headcount ratio at $3.00 a day (2021 PPP) (% of population),SI.POV.DDAY,,2017,0.3,SI.POV.DDAY
Norway,NOR,Poverty headcount ratio at $3.00 a day (2021 PPP) (% of population),SI.POV.DDAY,,2018,0.3,SI.POV.DDAY
Norway,NOR,Poverty headcount ratio at $3.00 a day (2021 PPP) (% of population),SI.POV.DDAY,,2019,0.2,SI.POV.DDAY
Norway,NOR,Poverty headcount ratio at $3.00 a day (2021 PPP) (% of population),SI.POV.DDAY,,2020,0.3,SI.POV.DDAY
Norway,NOR,Poverty headcount ratio at $3.00 a day (2021 PPP) (% of population),SI.POV.DDAY,,2021,0.2,SI.POV.DDAY
Norway,NOR,Poverty headcount ratio at $3.00 a day (2021 PPP) (% of population),SI.POV.DDAY,,2022,0.3,SI.POV.DDAY
Norway,NOR,Poverty headcount ratio at $3.00 a day (2021 PPP) (% of population),SI.POV.DDAY,,2023,0.2,SI.POV.DDAY
Nepal,NPL,Poverty headcount ratio at $3.00 a day (2021 PPP) (% of population),SI.POV.DDAY,,2003,55.7,SI.POV.DDAY
Nepal,NPL,Poverty headcount ratio at $3.00 a day (2021 PPP) (% of population),SI.POV.DDAY,,2010,21.5,SI.POV.DDAY
Nepal,NPL,Poverty headcount ratio at $3.00 a day (2021 PPP) (% of population),SI.POV.DDAY,,2022,2.4,SI.POV.DDAY
Nauru,NRU,Poverty headcount ratio at $3.00 a day (2021 PPP) (% of population),SI.POV.DDAY,,2012,9.7,SI.POV.DDAY
Pakistan,PAK,Poverty headcount ratio at $3.00 a day (2021 PPP) (% of population),SI.POV.DDAY,,2001,56.2,SI.POV.DDAY
Pakistan,PAK,Poverty headcount ratio at $3.00 a day (2021 PPP) (% of population),SI.POV.DDAY,,2004,40.9,SI.POV.DDAY
Pakistan,PAK,Poverty headcount ratio at $3.00 a day (2021 PPP) (% of population),SI.POV.DDAY,,2005,40.8,SI.POV.DDAY
Pakistan,PAK,Poverty headcount ratio at $3.00 a day (2021 PPP) (% of population),SI.POV.DDAY,,2007,34.9,SI.POV.DDAY
Pakistan,PAK,Poverty headcount ratio at $3.00 a day (2021 PPP) (% of population),SI.POV.DDAY,,2010,26.7,SI.POV.DDAY
Pakistan,PAK,Poverty headcount ratio at $3.00 a day (2021 PPP) (% of population),SI.POV.DDAY,,2011,25.9,SI.POV.DDAY
Pakistan,PAK,Poverty headcount ratio at $3.00 a day (2021 PPP) (% of population),SI.POV.DDAY,,2013,21.2,SI.POV.DDAY
Pakistan,PAK,Poverty headcount ratio at $3.00 a day (2021 PPP) (% of population),SI.POV.DDAY,,2015,16.9,SI.POV.DDAY
Pakistan,PAK,Poverty headcount ratio at $3.00 a day (2021 PPP) (% of population),SI.POV.DDAY,,2018,16.5,SI.POV.DDAY
Panama,PAN,Poverty headcount ratio at $3.00 a day (2021 PPP) (% of population),SI.POV.DDAY,,2000,16.3,SI.POV.DDAY
Panama,PAN,Poverty headcount ratio at $3.00 a day (2021 PPP) (% of population),SI.POV.DDAY,,2001,20.8,SI.POV.DDAY
Panama,PAN,Poverty headcount ratio at $3.00 a day (2021 PPP) (% of population),SI.POV.DDAY,,2002,17.2,SI.POV.DDAY
Panama,PAN,Poverty headcount ratio at $3.00 a day (2021 PPP) (% of population),SI.POV.DDAY,,2003,16.8,SI.POV.DDAY
Panama,PAN,Poverty headcount ratio at $3.00 a day (2021 PPP) (% of population),SI.POV.DDAY,,2004,15.5,SI.POV.DDAY
Panama,PAN,Poverty headcount ratio at $3.00 a day (2021 PPP) (% of population),SI.POV.DDAY,,2005,14.5,SI.POV.DDAY
Panama,PAN,Poverty headcount ratio at $3.00 a day (2021 PPP) (% of population),SI.POV.DDAY,,2006,15.7,SI.POV.DDAY
Panama,PAN,Poverty headcount ratio at $3.00 a day (2021 PPP) (% of population),SI.POV.DDAY,,2007,13.0,SI.POV.DDAY
Panama,PAN,Poverty headcount ratio at $3.00 a day (2021 PPP) (% of population),SI.POV.DDAY,,2008,9.0,SI.POV.DDAY
Panama,PAN,Poverty headcount ratio at $3.00 a day (2021 PPP) (% of population),SI.POV.DDAY,,2009,6.6,SI.POV.DDAY
Panama,PAN,Poverty headcount ratio at $3.00 a day (2021 PPP) (% of population),SI.POV.DDAY,,2010,7.7,SI.POV.DDAY
Panama,PAN,Poverty headcount ratio at $3.00 a day (2021 PPP) (% of population),SI.POV.DDAY,,2011,6.1,SI.POV.DDAY
Panama,PAN,Poverty headcount ratio at $3.00 a day (2021 PPP) (% of population),SI.POV.DDAY,,2012,7.4,SI.POV.DDAY
Panama,PAN,Poverty headcount ratio at $3.00 a day (2021 PPP) (% of population),SI.POV.DDAY,,2013,5.9,SI.POV.DDAY
Panama,PAN,Poverty headcount ratio at $3.00 a day (2021 PPP) (% of population),SI.POV.DDAY,,2014,6.4,SI.POV.DDAY
Panama,PAN,Poverty headcount ratio at $3.00 a day (2021 PPP) (% of population),SI.POV.DDAY,,2015,4.8,SI.POV.DDAY
Panama,PAN,Poverty headcount ratio at $3.00 a day (2021 PPP) (% of population),SI.POV.DDAY,,2016,4.8,SI.POV.DDAY
Panama,PAN,Poverty headcount ratio at $3.00 a day (2021 PPP) (% of population),SI.POV.DDAY,,2017,4.3,SI.POV.DDAY
Panama,PAN,Poverty headcount ratio at $3.00 a day (2021 PPP) (% of population),SI.POV.DDAY,,2018,3.7,SI.POV.DDAY
Panama,PAN,Poverty headcount ratio at $3.00 a day (2021 PPP) (% of population),SI.POV.DDAY,,2019,2.9,SI.POV.DDAY
Panama,PAN,Poverty headcount ratio at $3.00 a day (2021 PPP) (% of population),SI.POV.DDAY,,2021,3.3,SI.POV.DDAY
Panama,PAN,Poverty headcount ratio at $3.00 a day (2021 PPP) (% of population),SI.POV.DDAY,,2023,3.7,SI.POV.DDAY
Peru,PER,Poverty headcount ratio at $3.00 a day (2021 PPP) (% of population),SI.POV.DDAY,,2000,25.5,SI.POV.DDAY
Peru,PER,Poverty headcount ratio at $3.00 a day (2021 PPP) (% of population),SI.POV.DDAY,,2001,27.4,SI.POV.DDAY
Peru,PER,Poverty headcount ratio at $3.00 a day (2021 PPP) (% of population),SI.POV.DDAY,,2002,24.4,SI.POV.DDAY
Peru,PER,Poverty headcount ratio at $3.00 a day (2021 PPP) (% of population),SI.POV.DDAY,,2003,22.5,SI.POV.DDAY
Peru,PER,Poverty headcount ratio at $3.00 a day (2021 PPP) (% of population),SI.POV.DDAY,,2004,23.5,SI.POV.DDAY
Peru,PER,Poverty headcount ratio at $3.00 a day (2021 PPP) (% of population),SI.POV.DDAY,,2005,25.4,SI.POV.DDAY
Peru,PER,Poverty headcount ratio at $3.00 a day (2021 PPP) (% of population),SI.POV.DDAY,,2006,21.8,SI.POV.DDAY
Peru,PER,Poverty headcount ratio at $3.00 a day (2021 PPP) (% of population),SI.POV.DDAY,,2007,18.9,SI.POV.DDAY
Peru,PER,Poverty headcount ratio at $3.00 a day (2021 PPP) (% of population),SI.POV.DDAY,,2008,15.8,SI.POV.DDAY
Peru,PER,Poverty headcount ratio at $3.00 a day (2021 PPP) (% of population),SI.POV.DDAY,,2009,13.7,SI.POV.DDAY
Peru,PER,Poverty headcount ratio at $3.00 a day (2021 PPP) (% of population),SI.POV.DDAY,,2010,11.2,SI.POV.DDAY
Peru,PER,Poverty headcount ratio at $3.00 a day (2021 PPP) (% of population),SI.POV.DDAY,,2011,10.3,SI.POV.DDAY
Peru,PER,Poverty headcount ratio at $3.00 a day (2021 PPP) (% of population),SI.POV.DDAY,,2012,9.5,SI.POV.DDAY
Peru,PER,Poverty headcount ratio at $3.00 a day (2021 PPP) (% of population),SI.POV.DDAY,,2013,8.6,SI.POV.DDAY
Peru,PER,Poverty headcount ratio at $3.00 a day (2021 PPP) (% of population),SI.POV.DDAY,,2014,8.0,SI.POV.DDAY
Peru,PER,Poverty headcount ratio at $3.00 a day (2021 PPP) (% of population),SI.POV.DDAY,,2015,8.0,SI.POV.DDAY
Peru,PER,Poverty headcount ratio at $3.00 a day (2021 PPP) (% of population),SI.POV.DDAY,,2016,7.5,SI.POV.DDAY
Peru,PER,Poverty headcount ratio at $3.00 a day (2021 PPP) (% of population),SI.POV.DDAY,,2017,7.3,SI.POV.DDAY
Peru,PER,Poverty headcount ratio at $3.00 a day (2021 PPP) (% of population),SI.POV.DDAY,,2018,6.1,SI.POV.DDAY
Peru,PER,Poverty headcount ratio at $3.00 a day (2021 PPP) (% of population),SI.POV.DDAY,,2019,5.4,SI.POV.DDAY
Peru,PER,Poverty headcount ratio at $3.00 a day (2021 PPP) (% of population),SI.POV.DDAY,,2020,10.3,SI.POV.DDAY
Peru,PER,Poverty headcount ratio at $3.00 a day (2021 PPP) (% of population),SI.POV.DDAY,,2021,5.2,SI.POV.DDAY
Peru,PER,Poverty headcount ratio at $3.00 a day (2021 PPP) (% of population),SI.POV.DDAY,,2022,4.8,SI.POV.DDAY
Peru,PER,Poverty headcount ratio at $3.00 a day (2021 PPP) (% of population),SI.POV.DDAY,,2023,5.9,SI.POV.DDAY
Philippines,PHL,Poverty headcount ratio at $3.00 a day (2021 PPP) (% of population),SI.POV.DDAY,,2000,25.9,SI.POV.DDAY
Philippines,PHL,Poverty headcount ratio at $3.00 a day (2021 PPP) (% of population),SI.POV.DDAY,,2003,24.3,SI.POV.DDAY
Philippines,PHL,Poverty headcount ratio at $3.00 a day (2021 PPP) (% of population),SI.POV.DDAY,,2006,26.1,SI.POV.DDAY
Philippines,PHL,Poverty headcount ratio at $3.00 a day (2021 PPP) (% of population),SI.POV.DDAY,,2009,22.0,SI.POV.DDAY
Philippines,PHL,Poverty headcount ratio at $3.00 a day (2021 PPP) (% of population),SI.POV.DDAY,,2012,21.3,SI.POV.DDAY
Philippines,PHL,Poverty headcount ratio at $3.00 a day (2021 PPP) (% of population),SI.POV.DDAY,,2015,14.6,SI.POV.DDAY
Philippines,PHL,Poverty headcount ratio at $3.00 a day (2021 PPP) (% of population),SI.POV.DDAY,,2018,8.3,SI.POV.DDAY
Philippines,PHL,Poverty headcount ratio at $3.00 a day (2021 PPP) (% of population),SI.POV.DDAY,,2021,8.1,SI.POV.DDAY
Philippines,PHL,Poverty headcount ratio at $3.00 a day (2021 PPP) (% of population),SI.POV.DDAY,,2023,5.3,SI.POV.DDAY
Papua New Guinea,PNG,Poverty headcount ratio at $3.00 a day (2021 PPP) (% of population),SI.POV.DDAY,,2009,52.2,SI.POV.DDAY
Poland,POL,Poverty headcount ratio at $3.00 a day (2021 PPP) (% of population),SI.POV.DDAY,,2000,0.3,SI.POV.DDAY
Poland,POL,Poverty headcount ratio at $3.00 a day (2021 PPP) (% of population),SI.POV.DDAY,,2001,0.4,SI.POV.DDAY
Poland,POL,Poverty headcount ratio at $3.00 a day (2021 PPP) (% of population),SI.POV.DDAY,,2002,0.3,SI.POV.DDAY
Poland,POL,Poverty headcount ratio at $3.00 a day (2021 PPP) (% of population),SI.POV.DDAY,,2003,0.2,SI.POV.DDAY
Poland,POL,Poverty headcount ratio at $3.00 a day (2021 PPP) (% of population),SI.POV.DDAY,,2004,2.8,SI.POV.DDAY
Poland,POL,Poverty headcount ratio at $3.00 a day (2021 PPP) (% of population),SI.POV.DDAY,,2005,1.4,SI.POV.DDAY
Poland,POL,Poverty headcount ratio at $3.00 a day (2021 PPP) (% of population),SI.POV.DDAY,,2006,0.9,SI.POV.DDAY
Poland,POL,Poverty headcount ratio at $3.00 a day (2021 PPP) (% of population),SI.POV.DDAY,,2007,0.6,SI.POV.DDAY
Poland,POL,Poverty headcount ratio at $3.00 a day (2021 PPP) (% of population),SI.POV.DDAY,,2008,0.3,SI.POV.DDAY
Poland,POL,Poverty headcount ratio at $3.00 a day (2021 PPP) (% of population),SI.POV.DDAY,,2009,0.6,SI.POV.DDAY
Poland,POL,Poverty headcount ratio at $3.00 a day (2021 PPP) (% of population),SI.POV.DDAY,,2010,0.6,SI.POV.DDAY
Poland,POL,Poverty headcount ratio at $3.00 a day (2021 PPP) (% of population),SI.POV.DDAY,,2011,0.6,SI.POV.DDAY
Poland,POL,Poverty headcount ratio at $3.00 a day (2021 PPP) (% of population),SI.POV.DDAY,,2012,0.4,SI.POV.DDAY
Poland,POL,Poverty headcount ratio at $3.00 a day (2021 PPP) (% of population),SI.POV.DDAY,,2013,0.6,SI.POV.DDAY
Poland,POL,Poverty headcount ratio at $3.00 a day (2021 PPP) (% of population),SI.POV.DDAY,,2014,0.6,SI.POV.DDAY
Poland,POL,Poverty headcount ratio at $3.00 a day (2021 PPP) (% of population),SI.POV.DDAY,,2015,0.5,SI.POV.DDAY
Poland,POL,Poverty headcount ratio at $3.00 a day (2021 PPP) (% of population),SI.POV.DDAY,,2016,0.4,SI.POV.DDAY
Poland,POL,Poverty headcount ratio at $3.00 a day (2021 PPP) (% of population),SI.POV.DDAY,,2017,0.4,SI.POV.DDAY
Poland,POL,Poverty headcount ratio at $3.00 a day (2021 PPP) (% of population),SI.POV.DDAY,,2018,0.3,SI.POV.DDAY
Poland,POL,Poverty headcount ratio at $3.00 a day (2021 PPP) (% of population),SI.POV.DDAY,,2019,0.1,SI.POV.DDAY
Poland,POL,Poverty headcount ratio at $3.00 a day (2021 PPP) (% of population),SI.POV.DDAY,,2020,0.2,SI.POV.DDAY
Poland,POL,Poverty headcount ratio at $3.00 a day (2021 PPP) (% of population),SI.POV.DDAY,,2021,0.1,SI.POV.DDAY
Poland,POL,Poverty headcount ratio at $3.00 a day (2021 PPP) (% of population),SI.POV.DDAY,,2022,0.3,SI.POV.DDAY
Poland,POL,Poverty headcount ratio at $3.00 a day (2021 PPP) (% of population),SI.POV.DDAY,,2023,0.2,SI.POV.DDAY
Portugal,PRT,Poverty headcount ratio at $3.00 a day (2021 PPP) (% of population),SI.POV.DDAY,,2003,1.1,SI.POV.DDAY
Portugal,PRT,Poverty headcount ratio at $3.00 a day (2021 PPP) (% of population),SI.POV.DDAY,,2004,0.7,SI.POV.DDAY
Portugal,PRT,Poverty headcount ratio at $3.00 a day (2021 PPP) (% of population),SI.POV.DDAY,,2005,0.7,SI.POV.DDAY
Portugal,PRT,Poverty headcount ratio at $3.00 a day (2021 PPP) (% of population),SI.POV.DDAY,,2006,0.2,SI.POV.DDAY
Portugal,PRT,Poverty headcount ratio at $3.00 a day (2021 PPP) (% of population),SI.POV.DDAY,,2007,0.6,SI.POV.DDAY
Portugal,PRT,Poverty headcount ratio at $3.00 a day (2021 PPP) (% of population),SI.POV.DDAY,,2008,0.3,SI.POV.DDAY
Portugal,PRT,Poverty headcount ratio at $3.00 a day (2021 PPP) (% of population),SI.POV.DDAY,,2009,0.2,SI.POV.DDAY
Portugal,PRT,Poverty headcount ratio at $3.00 a day (2021 PPP) (% of population),SI.POV.DDAY,,2010,0.2,SI.POV.DDAY
Portugal,PRT,Poverty headcount ratio at $3.00 a day (2021 PPP) (% of population),SI.POV.DDAY,,2011,0.6,SI.POV.DDAY
Portugal,PRT,Poverty headcount ratio at $3.00 a day (2021 PPP) (% of population),SI.POV.DDAY,,2012,0.9,SI.POV.DDAY
Portugal,PRT,Poverty headcount ratio at $3.00 a day (2021 PPP) (% of population),SI.POV.DDAY,,2013,1.0,SI.POV.DDAY
Portugal,PRT,Poverty headcount ratio at $3.00 a day (2021 PPP) (% of population),SI.POV.DDAY,,2014,0.8,SI.POV.DDAY
Portugal,PRT,Poverty headcount ratio at $3.00 a day (2021 PPP) (% of population),SI.POV.DDAY,,2015,0.7,SI.POV.DDAY
Portugal,PRT,Poverty headcount ratio at $3.00 a day (2021 PPP) (% of population),SI.POV.DDAY,,2016,0.4,SI.POV.DDAY
Portugal,PRT,Poverty headcount ratio at $3.00 a day (2021 PPP) (% of population),SI.POV.DDAY,,2017,0.4,SI.POV.DDAY
Portugal,PRT,Poverty headcount ratio at $3.00 a day (2021 PPP) (% of population),SI.POV.DDAY,,2018,0.4,SI.POV.DDAY
Portugal,PRT,Poverty headcount ratio at $3.00 a day (2021 PPP) (% of population),SI.POV.DDAY,,2019,0.2,SI.POV.DDAY
Portugal,PRT,Poverty headcount ratio at $3.00 a day (2021 PPP) (% of population),SI.POV.DDAY,,2020,0.6,SI.POV.DDAY
Portugal,PRT,Poverty headcount ratio at $3.00 a day (2021 PPP) (% of population),SI.POV.DDAY,,2021,0.3,SI.POV.DDAY
Portugal,PRT,Poverty headcount ratio at $3.00 a day (2021 PPP) (% of population),SI.POV.DDAY,,2022,0.2,SI.POV.DDAY
Portugal,PRT,Poverty headcount ratio at $3.00 a day (2021 PPP) (% of population),SI.POV.DDAY,,2023,0.4,SI.POV.DDAY
Paraguay,PRY,Poverty headcount ratio at $3.00 a day (2021 PPP) (% of population),SI.POV.DDAY,,2001,13.5,SI.POV.DDAY
Paraguay,PRY,Poverty headcount ratio at $3.00 a day (2021 PPP) (% of population),SI.POV.DDAY,,2002,19.6,SI.POV.DDAY
Paraguay,PRY,Poverty headcount ratio at $3.00 a day (2021 PPP) (% of population),SI.POV.DDAY,,2003,13.8,SI.POV.DDAY
Paraguay,PRY,Poverty headcount ratio at $3.00 a day (2021 PPP) (% of population),SI.POV.DDAY,,2004,10.7,SI.POV.DDAY
Paraguay,PRY,Poverty headcount ratio at $3.00 a day (2021 PPP) (% of population),SI.POV.DDAY,,2005,10.1,SI.POV.DDAY
Paraguay,PRY,Poverty headcount ratio at $3.00 a day (2021 PPP) (% of population),SI.POV.DDAY,,2006,14.1,SI.POV.DDAY
Paraguay,PRY,Poverty headcount ratio at $3.00 a day (2021 PPP) (% of population),SI.POV.DDAY,,2007,12.6,SI.POV.DDAY
Paraguay,PRY,Poverty headcount ratio at $3.00 a day (2021 PPP) (% of population),SI.POV.DDAY,,2008,7.9,SI.POV.DDAY
Paraguay,PRY,Poverty headcount ratio at $3.00 a day (2021 PPP) (% of population),SI.POV.DDAY,,2009,9.1,SI.POV.DDAY
Paraguay,PRY,Poverty headcount ratio at $3.00 a day (2021 PPP) (% of population),SI.POV.DDAY,,2010,9.4,SI.POV.DDAY
Paraguay,PRY,Poverty headcount ratio at $3.00 a day (2021 PPP) (% of population),SI.POV.DDAY,,2011,8.9,SI.POV.DDAY
Paraguay,PRY,Poverty headcount ratio at $3.00 a day (2021 PPP) (% of population),SI.POV.DDAY,,2012,6.4,SI.POV.DDAY
Paraguay,PRY,Poverty headcount ratio at $3.00 a day (2021 PPP) (% of population),SI.POV.DDAY,,2013,4.1,SI.POV.DDAY
Paraguay,PRY,Poverty headcount ratio at $3.00 a day (2021 PPP) (% of population),SI.POV.DDAY,,2014,4.3,SI.POV.DDAY
Paraguay,PRY,Poverty headcount ratio at $3.00 a day (2021 PPP) (% of population),SI.POV.DDAY,,2015,4.2,SI.POV.DDAY
Paraguay,PRY,Poverty headcount ratio at $3.00 a day (2021 PPP) (% of population),SI.POV.DDAY,,2016,4.2,SI.POV.DDAY
Paraguay,PRY,Poverty headcount ratio at $3.00 a day (2021 PPP) (% of population),SI.POV.DDAY,,2017,2.4,SI.POV.DDAY
Paraguay,PRY,Poverty headcount ratio at $3.00 a day (2021 PPP) (% of population),SI.POV.DDAY,,2018,3.1,SI.POV.DDAY
Paraguay,PRY,Poverty headcount ratio at $3.00 a day (2021 PPP) (% of population),SI.POV.DDAY,,2019,2.4,SI.POV.DDAY
Paraguay,PRY,Poverty headcount ratio at $3.00 a day (2021 PPP) (% of population),SI.POV.DDAY,,2020,2.6,SI.POV.DDAY
Paraguay,PRY,Poverty headcount ratio at $3.00 a day (2021 PPP) (% of population),SI.POV.DDAY,,2021,1.9,SI.POV.DDAY
Paraguay,PRY,Poverty headcount ratio at $3.00 a day (2021 PPP) (% of population),SI.POV.DDAY,,2022,3.2,SI.POV.DDAY
Paraguay,PRY,Poverty headcount ratio at $3.00 a day (2021 PPP) (% of population),SI.POV.DDAY,,2023,2.4,SI.POV.DDAY
West Bank and Gaza,PSE,Poverty headcount ratio at $3.00 a day (2021 PPP) (% of population),SI.POV.DDAY,,2004,1.8,SI.POV.DDAY
West Bank and Gaza,PSE,Poverty headcount ratio at $3.00 a day (2021 PPP) (% of population),SI.POV.DDAY,,2005,1.3,SI.POV.DDAY
West Bank and Gaza,PSE,Poverty headcount ratio at $3.00 a day (2021 PPP) (% of population),SI.POV.DDAY,,2006,0.5,SI.POV.DDAY
West Bank and Gaza,PSE,Poverty headcount ratio at $3.00 a day (2021 PPP) (% of population),SI.POV.DDAY,,2007,2.9,SI.POV.DDAY
West Bank and Gaza,PSE,Poverty headcount ratio at $3.00 a day (2021 PPP) (% of population),SI.POV.DDAY,,2009,0.6,SI.POV.DDAY
West Bank and Gaza,PSE,Poverty headcount ratio at $3.00 a day (2021 PPP) (% of population),SI.POV.DDAY,,2010,0.6,SI.POV.DDAY
West Bank and Gaza,PSE,Poverty headcount ratio at $3.00 a day (2021 PPP) (% of population),SI.POV.DDAY,,2011,0.4,SI.POV.DDAY
West Bank and Gaza,PSE,Poverty headcount ratio at $3.00 a day (2021 PPP) (% of population),SI.POV.DDAY,,2016,1.4,SI.POV.DDAY
West Bank and Gaza,PSE,Poverty headcount ratio at $3.00 a day (2021 PPP) (% of population),SI.POV.DDAY,,2023,2.1,SI.POV.DDAY
Qatar,QAT,Poverty headcount ratio at $3.00 a day (2021 PPP) (% of population),SI.POV.DDAY,,2017,0.0,SI.POV.DDAY
Romania,ROU,Poverty headcount ratio at $3.00 a day (2021 PPP) (% of population),SI.POV.DDAY,,2000,11.9,SI.POV.DDAY
Romania,ROU,Poverty headcount ratio at $3.00 a day (2021 PPP) (% of population),SI.POV.DDAY,,2001,9.5,SI.POV.DDAY
Romania,ROU,Poverty headcount ratio at $3.00 a day (2021 PPP) (% of population),SI.POV.DDAY,,2002,9.1,SI.POV.DDAY
Romania,ROU,Poverty headcount ratio at $3.00 a day (2021 PPP) (% of population),SI.POV.DDAY,,2003,7.0,SI.POV.DDAY
Romania,ROU,Poverty headcount ratio at $3.00 a day (2021 PPP) (% of population),SI.POV.DDAY,,2004,5.3,SI.POV.DDAY
Romania,ROU,Poverty headcount ratio at $3.00 a day (2021 PPP) (% of population),SI.POV.DDAY,,2005,4.2,SI.POV.DDAY
Romania,ROU,Poverty headcount ratio at $3.00 a day (2021 PPP) (% of population),SI.POV.DDAY,,2006,11.1,SI.POV.DDAY
Romania,ROU,Poverty headcount ratio at $3.00 a day (2021 PPP) (% of population),SI.POV.DDAY,,2007,8.1,SI.POV.DDAY
Romania,ROU,Poverty headcount ratio at $3.00 a day (2021 PPP) (% of population),SI.POV.DDAY,,2008,6.0,SI.POV.DDAY
Romania,ROU,Poverty headcount ratio at $3.00 a day (2021 PPP) (% of population),SI.POV.DDAY,,2009,5.3,SI.POV.DDAY
Romania,ROU,Poverty headcount ratio at $3.00 a day (2021 PPP) (% of population),SI.POV.DDAY,,2010,6.3,SI.POV.DDAY
Romania,ROU,Poverty headcount ratio at $3.00 a day (2021 PPP) (% of population),SI.POV.DDAY,,2011,7.1,SI.POV.DDAY
Romania,ROU,Poverty headcount ratio at $3.00 a day (2021 PPP) (% of population),SI.POV.DDAY,,2012,8.4,SI.POV.DDAY
Romania,ROU,Poverty headcount ratio at $3.00 a day (2021 PPP) (% of population),SI.POV.DDAY,,2013,8.7,SI.POV.DDAY
Romania,ROU,Poverty headcount ratio at $3.00 a day (2021 PPP) (% of population),SI.POV.DDAY,,2014,8.9,SI.POV.DDAY
Romania,ROU,Poverty headcount ratio at $3.00 a day (2021 PPP) (% of population),SI.POV.DDAY,,2015,7.6,SI.POV.DDAY
Romania,ROU,Poverty headcount ratio at $3.00 a day (2021 PPP) (% of population),SI.POV.DDAY,,2016,5.2,SI.POV.DDAY
Romania,ROU,Poverty headcount ratio at $3.00 a day (2021 PPP) (% of population),SI.POV.DDAY,,2017,4.9,SI.POV.DDAY
Romania,ROU,Poverty headcount ratio at $3.00 a day (2021 PPP) (% of population),SI.POV.DDAY,,2018,3.7,SI.POV.DDAY
Romania,ROU,Poverty headcount ratio at $3.00 a day (2021 PPP) (% of population),SI.POV.DDAY,,2019,3.1,SI.POV.DDAY
Romania,ROU,Poverty headcount ratio at $3.00 a day (2021 PPP) (% of population),SI.POV.DDAY,,2020,2.4,SI.POV.DDAY
Romania,ROU,Poverty headcount ratio at $3.00 a day (2021 PPP) (% of population),SI.POV.DDAY,,2021,2.0,SI.POV.DDAY
Romania,ROU,Poverty headcount ratio at $3.00 a day (2021 PPP) (% of population),SI.POV.DDAY,,2022,1.5,SI.POV.DDAY
Romania,ROU,Poverty headcount ratio at $3.00 a day (2021 PPP) (% of population),SI.POV.DDAY,,2023,0.7,SI.POV.DDAY
Russian Federation,RUS,Poverty headcount ratio at $3.00 a day (2021 PPP) (% of population),SI.POV.DDAY,,2000,5.1,SI.POV.DDAY
Russian Federation,RUS,Poverty headcount ratio at $3.00 a day (2021 PPP) (% of population),SI.POV.DDAY,,2001,3.2,SI.POV.DDAY
Russian Federation,RUS,Poverty headcount ratio at $3.00 a day (2021 PPP) (% of population),SI.POV.DDAY,,2002,2.0,SI.POV.DDAY
Russian Federation,RUS,Poverty headcount ratio at $3.00 a day (2021 PPP) (% of population),SI.POV.DDAY,,2003,2.1,SI.POV.DDAY
Russian Federation,RUS,Poverty headcount ratio at $3.00 a day (2021 PPP) (% of population),SI.POV.DDAY,,2004,1.8,SI.POV.DDAY
Russian Federation,RUS,Poverty headcount ratio at $3.00 a day (2021 PPP) (% of population),SI.POV.DDAY,,2005,1.4,SI.POV.DDAY
Russian Federation,RUS,Poverty headcount ratio at $3.00 a day (2021 PPP) (% of population),SI.POV.DDAY,,2006,0.9,SI.POV.DDAY
Russian Federation,RUS,Poverty headcount ratio at $3.00 a day (2021 PPP) (% of population),SI.POV.DDAY,,2007,0.4,SI.POV.DDAY
Russian Federation,RUS,Poverty headcount ratio at $3.00 a day (2021 PPP) (% of population),SI.POV.DDAY,,2008,0.2,SI.POV.DDAY
Russian Federation,RUS,Poverty headcount ratio at $3.00 a day (2021 PPP) (% of population),SI.POV.DDAY,,2009,0.2,SI.POV.DDAY
Russian Federation,RUS,Poverty headcount ratio at $3.00 a day (2021 PPP) (% of population),SI.POV.DDAY,,2010,0.2,SI.POV.DDAY
Russian Federation,RUS,Poverty headcount ratio at $3.00 a day (2021 PPP) (% of population),SI.POV.DDAY,,2011,0.1,SI.POV.DDAY
Russian Federation,RUS,Poverty headcount ratio at $3.00 a day (2021 PPP) (% of population),SI.POV.DDAY,,2012,0.1,SI.POV.DDAY
Russian Federation,RUS,Poverty headcount ratio at $3.00 a day (2021 PPP) (% of population),SI.POV.DDAY,,2013,0.1,SI.POV.DDAY
Russian Federation,RUS,Poverty headcount ratio at $3.00 a day (2021 PPP) (% of population),SI.POV.DDAY,,2014,0.4,SI.POV.DDAY
Russian Federation,RUS,Poverty headcount ratio at $3.00 a day (2021 PPP) (% of population),SI.POV.DDAY,,2015,0.4,SI.POV.DDAY
Russian Federation,RUS,Poverty headcount ratio at $3.00 a day (2021 PPP) (% of population),SI.POV.DDAY,,2016,0.4,SI.POV.DDAY
Russian Federation,RUS,Poverty headcount ratio at $3.00 a day (2021 PPP) (% of population),SI.POV.DDAY,,2017,0.4,SI.POV.DDAY
Russian Federation,RUS,Poverty headcount ratio at $3.00 a day (2021 PPP) (% of population),SI.POV.DDAY,,2018,0.2,SI.POV.DDAY
Russian Federation,RUS,Poverty headcount ratio at $3.00 a day (2021 PPP) (% of population),SI.POV.DDAY,,2019,0.3,SI.POV.DDAY
Russian Federation,RUS,Poverty headcount ratio at $3.00 a day (2021 PPP) (% of population),SI.POV.DDAY,,2020,0.1,SI.POV.DDAY
Russian Federation,RUS,Poverty headcount ratio at $3.00 a day (2021 PPP) (% of population),SI.POV.DDAY,,2021,0.2,SI.POV.DDAY
Russian Federation,RUS,Poverty headcount ratio at $3.00 a day (2021 PPP) (% of population),SI.POV.DDAY,,2022,0.1,SI.POV.DDAY
Russian Federation,RUS,Poverty headcount ratio at $3.00 a day (2021 PPP) (% of population),SI.POV.DDAY,,2023,0.1,SI.POV.DDAY
Rwanda,RWA,Poverty headcount ratio at $3.00 a day (2021 PPP) (% of population),SI.POV.DDAY,,2000,82.3,SI.POV.DDAY
Rwanda,RWA,Poverty headcount ratio at $3.00 a day (2021 PPP) (% of population),SI.POV.DDAY,,2005,74.2,SI.POV.DDAY
Rwanda,RWA,Poverty headcount ratio at $3.00 a day (2021 PPP) (% of population),SI.POV.DDAY,,2010,70.2,SI.POV.DDAY
Rwanda,RWA,Poverty headcount ratio at $3.00 a day (2021 PPP) (% of population),SI.POV.DDAY,,2013,65.2,SI.POV.DDAY
Rwanda,RWA,Poverty headcount ratio at $3.00 a day (2021 PPP) (% of population),SI.POV.DDAY,,2016,63.8,SI.POV.DDAY
Rwanda,RWA,Poverty headcount ratio at $3.00 a day (2021 PPP) (% of population),SI.POV.DDAY,,2023,38.6,SI.POV.DDAY
South Asia,SAS,Poverty headcount ratio at $3.00 a day (2021 PPP) (% of population),SI.POV.DDAY,,2002,46.0,SI.POV.DDAY
South Asia,SAS,Poverty headcount ratio at $3.00 a day (2021 PPP) (% of population),SI.POV.DDAY,,2003,45.6,SI.POV.DDAY
South Asia,SAS,Poverty headcount ratio at $3.00 a day (2021 PPP) (% of population),SI.POV.DDAY,,2004,45.0,SI.POV.DDAY
South Asia,SAS,Poverty headcount ratio at $3.00 a day (2021 PPP) (% of population),SI.POV.DDAY,,2005,43.3,SI.POV.DDAY
South Asia,SAS,Poverty headcount ratio at $3.00 a day (2021 PPP) (% of population),SI.POV.DDAY,,2006,40.7,SI.POV.DDAY
South Asia,SAS,Poverty headcount ratio at $3.00 a day (2021 PPP) (% of population),SI.POV.DDAY,,2007,38.1,SI.POV.DDAY
South Asia,SAS,Poverty headcount ratio at $3.00 a day (2021 PPP) (% of population),SI.POV.DDAY,,2008,36.8,SI.POV.DDAY
South Asia,SAS,Poverty headcount ratio at $3.00 a day (2021 PPP) (% of population),SI.POV.DDAY,,2009,34.6,SI.POV.DDAY
South Asia,SAS,Poverty headcount ratio at $3.00 a day (2021 PPP) (% of population),SI.POV.DDAY,,2010,30.4,SI.POV.DDAY
South Asia,SAS,Poverty headcount ratio at $3.00 a day (2021 PPP) (% of population),SI.POV.DDAY,,2011,27.5,SI.POV.DDAY
South Asia,SAS,Poverty headcount ratio at $3.00 a day (2021 PPP) (% of population),SI.POV.DDAY,,2012,25.2,SI.POV.DDAY
South Asia,SAS,Poverty headcount ratio at $3.00 a day (2021 PPP) (% of population),SI.POV.DDAY,,2013,22.8,SI.POV.DDAY
South Asia,SAS,Poverty headcount ratio at $3.00 a day (2021 PPP) (% of population),SI.POV.DDAY,,2014,20.0,SI.POV.DDAY
South Asia,SAS,Poverty headcount ratio at $3.00 a day (2021 PPP) (% of population),SI.POV.DDAY,,2020,9.4,SI.POV.DDAY
South Asia,SAS,Poverty headcount ratio at $3.00 a day (2021 PPP) (% of population),SI.POV.DDAY,,2021,7.9,SI.POV.DDAY
South Asia,SAS,Poverty headcount ratio at $3.00 a day (2021 PPP) (% of population),SI.POV.DDAY,,2022,6.1,SI.POV.DDAY
South Asia,SAS,Poverty headcount ratio at $3.00 a day (2021 PPP) (% of population),SI.POV.DDAY,,2023,4.7,SI.POV.DDAY
Sudan,SDN,Poverty headcount ratio at $3.00 a day (2021 PPP) (% of population),SI.POV.DDAY,,2009,13.1,SI.POV.DDAY
Sudan,SDN,Poverty headcount ratio at $3.00 a day (2021 PPP) (% of population),SI.POV.DDAY,,2014,10.1,SI.POV.DDAY
Senegal,SEN,Poverty headcount ratio at $3.00 a day (2021 PPP) (% of population),SI.POV.DDAY,,2001,63.9,SI.POV.DDAY
Senegal,SEN,Poverty headcount ratio at $3.00 a day (2021 PPP) (% of population),SI.POV.DDAY,,2005,53.6,SI.POV.DDAY
Senegal,SEN,Poverty headcount ratio at $3.00 a day (2021 PPP) (% of population),SI.POV.DDAY,,2011,53.3,SI.POV.DDAY
Senegal,SEN,Poverty headcount ratio at $3.00 a day (2021 PPP) (% of population),SI.POV.DDAY,,2018,19.1,SI.POV.DDAY
Senegal,SEN,Poverty headcount ratio at $3.00 a day (2021 PPP) (% of population),SI.POV.DDAY,,2021,17.9,SI.POV.DDAY
Solomon Islands,SLB,Poverty headcount ratio at $3.00 a day (2021 PPP) (% of population),SI.POV.DDAY,,2005,62.2,SI.POV.DDAY
Solomon Islands,SLB,Poverty headcount ratio at $3.00 a day (2021 PPP) (% of population),SI.POV.DDAY,,2012,40.3,SI.POV.DDAY
Sierra Leone,SLE,Poverty headcount ratio at $3.00 a day (2021 PPP) (% of population),SI.POV.DDAY,,2003,72.4,SI.POV.DDAY
Sierra Leone,SLE,Poverty headcount ratio at $3.00 a day (2021 PPP) (% of population),SI.POV.DDAY,,2011,53.7,SI.POV.DDAY
Sierra Leone,SLE,Poverty headcount ratio at $3.00 a day (2021 PPP) (% of population),SI.POV.DDAY,,2018,41.5,SI.POV.DDAY
El Salvador,SLV,Poverty headcount ratio at $3.00 a day (2021 PPP) (% of population),SI.POV.DDAY,,2000,18.4,SI.POV.DDAY
El Salvador,SLV,Poverty headcount ratio at $3.00 a day (2021 PPP) (% of population),SI.POV.DDAY,,2001,19.4,SI.POV.DDAY
El Salvador,SLV,Poverty headcount ratio at $3.00 a day (2021 PPP) (% of population),SI.POV.DDAY,,2002,19.5,SI.POV.DDAY
El Salvador,SLV,Poverty headcount ratio at $3.00 a day (2021 PPP) (% of population),SI.POV.DDAY,,2003,20.9,SI.POV.DDAY
El Salvador,SLV,Poverty headcount ratio at $3.00 a day (2021 PPP) (% of population),SI.POV.DDAY,,2004,16.3,SI.POV.DDAY
El Salvador,SLV,Poverty headcount ratio at $3.00 a day (2021 PPP) (% of population),SI.POV.DDAY,,2005,16.4,SI.POV.DDAY
El Salvador,SLV,Poverty headcount ratio at $3.00 a day (2021 PPP) (% of population),SI.POV.DDAY,,2006,12.6,SI.POV.DDAY
El Salvador,SLV,Poverty headcount ratio at $3.00 a day (2021 PPP) (% of population),SI.POV.DDAY,,2007,9.2,SI.POV.DDAY
El Salvador,SLV,Poverty headcount ratio at $3.00 a day (2021 PPP) (% of population),SI.POV.DDAY,,2008,12.6,SI.POV.DDAY
El Salvador,SLV,Poverty headcount ratio at $3.00 a day (2021 PPP) (% of population),SI.POV.DDAY,,2009,12.4,SI.POV.DDAY
El Salvador,SLV,Poverty headcount ratio at $3.00 a day (2021 PPP) (% of population),SI.POV.DDAY,,2010,11.4,SI.POV.DDAY
El Salvador,SLV,Poverty headcount ratio at $3.00 a day (2021 PPP) (% of population),SI.POV.DDAY,,2011,10.1,SI.POV.DDAY
El Salvador,SLV,Poverty headcount ratio at $3.00 a day (2021 PPP) (% of population),SI.POV.DDAY,,2012,8.5,SI.POV.DDAY
El Salvador,SLV,Poverty headcount ratio at $3.00 a day (2021 PPP) (% of population),SI.POV.DDAY,,2013,7.1,SI.POV.DDAY
El Salvador,SLV,Poverty headcount ratio at $3.00 a day (2021 PPP) (% of population),SI.POV.DDAY,,2014,7.0,SI.POV.DDAY
El Salvador,SLV,Poverty headcount ratio at $3.00 a day (2021 PPP) (% of population),SI.POV.DDAY,,2015,5.3,SI.POV.DDAY
El Salvador,SLV,Poverty headcount ratio at $3.00 a day (2021 PPP) (% of population),SI.POV.DDAY,,2016,5.8,SI.POV.DDAY
El Salvador,SLV,Poverty headcount ratio at $3.00 a day (2021 PPP) (% of population),SI.POV.DDAY,,2017,4.5,SI.POV.DDAY
El Salvador,SLV,Poverty headcount ratio at $3.00 a day (2021 PPP) (% of population),SI.POV.DDAY,,2018,4.1,SI.POV.DDAY
El Salvador,SLV,Poverty headcount ratio at $3.00 a day (2021 PPP) (% of population),SI.POV.DDAY,,2019,3.0,SI.POV.DDAY
El Salvador,SLV,Poverty headcount ratio at $3.00 a day (2021 PPP) (% of population),SI.POV.DDAY,,2021,5.1,SI.POV.DDAY
El Salvador,SLV,Poverty headcount ratio at $3.00 a day (2021 PPP) (% of population),SI.POV.DDAY,,2022,5.2,SI.POV.DDAY
El Salvador,SLV,Poverty headcount ratio at $3.00 a day (2021 PPP) (% of population),SI.POV.DDAY,,2023,4.6,SI.POV.DDAY
Serbia,SRB,Poverty headcount ratio at $3.00 a day (2021 PPP) (% of population),SI.POV.DDAY,,2002,0.4,SI.POV.DDAY
Serbia,SRB,Poverty headcount ratio at $3.00 a day (2021 PPP) (% of population),SI.POV.DDAY,,2003,0.9,SI.POV.DDAY
Serbia,SRB,Poverty headcount ratio at $3.00 a day (2021 PPP) (% of population),SI.POV.DDAY,,2004,1.2,SI.POV.DDAY
Serbia,SRB,Poverty headcount ratio at $3.00 a day (2021 PPP) (% of population),SI.POV.DDAY,,2005,1.6,SI.POV.DDAY
Serbia,SRB,Poverty headcount ratio at $3.00 a day (2021 PPP) (% of population),SI.POV.DDAY,,2006,0.9,SI.POV.DDAY
Serbia,SRB,Poverty headcount ratio at $3.00 a day (2021 PPP) (% of population),SI.POV.DDAY,,2007,0.6,SI.POV.DDAY
Serbia,SRB,Poverty headcount ratio at $3.00 a day (2021 PPP) (% of population),SI.POV.DDAY,,2008,0.3,SI.POV.DDAY
Serbia,SRB,Poverty headcount ratio at $3.00 a day (2021 PPP) (% of population),SI.POV.DDAY,,2009,0.6,SI.POV.DDAY
Serbia,SRB,Poverty headcount ratio at $3.00 a day (2021 PPP) (% of population),SI.POV.DDAY,,2010,0.3,SI.POV.DDAY
Serbia,SRB,Poverty headcount ratio at $3.00 a day (2021 PPP) (% of population),SI.POV.DDAY,,2012,7.1,SI.POV.DDAY
Serbia,SRB,Poverty headcount ratio at $3.00 a day (2021 PPP) (% of population),SI.POV.DDAY,,2013,7.8,SI.POV.DDAY
Serbia,SRB,Poverty headcount ratio at $3.00 a day (2021 PPP) (% of population),SI.POV.DDAY,,2014,8.9,SI.POV.DDAY
Serbia,SRB,Poverty headcount ratio at $3.00 a day (2021 PPP) (% of population),SI.POV.DDAY,,2015,8.4,SI.POV.DDAY
Serbia,SRB,Poverty headcount ratio at $3.00 a day (2021 PPP) (% of population),SI.POV.DDAY,,2016,8.1,SI.POV.DDAY
Serbia,SRB,Poverty headcount ratio at $3.00 a day (2021 PPP) (% of population),SI.POV.DDAY,,2017,6.6,SI.POV.DDAY
Serbia,SRB,Poverty headcount ratio at $3.00 a day (2021 PPP) (% of population),SI.POV.DDAY,,2018,4.2,SI.POV.DDAY
Serbia,SRB,Poverty headcount ratio at $3.00 a day (2021 PPP) (% of population),SI.POV.DDAY,,2019,2.7,SI.POV.DDAY
Serbia,SRB,Poverty headcount ratio at $3.00 a day (2021 PPP) (% of population),SI.POV.DDAY,,2020,2.0,SI.POV.DDAY
Serbia,SRB,Poverty headcount ratio at $3.00 a day (2021 PPP) (% of population),SI.POV.DDAY,,2021,1.7,SI.POV.DDAY
Serbia,SRB,Poverty headcount ratio at $3.00 a day (2021 PPP) (% of population),SI.POV.DDAY,,2022,2.0,SI.POV.DDAY
South Sudan,SSD,Poverty headcount ratio at $3.00 a day (2021 PPP) (% of population),SI.POV.DDAY,,2009,44.9,SI.POV.DDAY
South Sudan,SSD,Poverty headcount ratio at $3.00 a day (2021 PPP) (% of population),SI.POV.DDAY,,2016,76.5,SI.POV.DDAY
Sub-Saharan Africa,SSF,Poverty headcount ratio at $3.00 a day (2021 PPP) (% of population),SI.POV.DDAY,,2000,62.5,SI.POV.DDAY
Sub-Saharan Africa,SSF,Poverty headcount ratio at $3.00 a day (2021 PPP) (% of population),SI.POV.DDAY,,2001,61.3,SI.POV.DDAY
Sub-Saharan Africa,SSF,Poverty headcount ratio at $3.00 a day (2021 PPP) (% of population),SI.POV.DDAY,,2002,60.9,SI.POV.DDAY
Sub-Saharan Africa,SSF,Poverty headcount ratio at $3.00 a day (2021 PPP) (% of population),SI.POV.DDAY,,2003,59.9,SI.POV.DDAY
Sub-Saharan Africa,SSF,Poverty headcount ratio at $3.00 a day (2021 PPP) (% of population),SI.POV.DDAY,,2004,57.0,SI.POV.DDAY
Sub-Saharan Africa,SSF,Poverty headcount ratio at $3.00 a day (2021 PPP) (% of population),SI.POV.DDAY,,2005,55.5,SI.POV.DDAY
Sub-Saharan Africa,SSF,Poverty headcount ratio at $3.00 a day (2021 PPP) (% of population),SI.POV.DDAY,,2006,54.0,SI.POV.DDAY
Sub-Saharan Africa,SSF,Poverty headcount ratio at $3.00 a day (2021 PPP) (% of population),SI.POV.DDAY,,2007,53.0,SI.POV.DDAY
Sub-Saharan Africa,SSF,Poverty headcount ratio at $3.00 a day (2021 PPP) (% of population),SI.POV.DDAY,,2008,51.6,SI.POV.DDAY
Sub-Saharan Africa,SSF,Poverty headcount ratio at $3.00 a day (2021 PPP) (% of population),SI.POV.DDAY,,2009,51.1,SI.POV.DDAY
Sub-Saharan Africa,SSF,Poverty headcount ratio at $3.00 a day (2021 PPP) (% of population),SI.POV.DDAY,,2010,49.5,SI.POV.DDAY
Sub-Saharan Africa,SSF,Poverty headcount ratio at $3.00 a day (2021 PPP) (% of population),SI.POV.DDAY,,2011,48.5,SI.POV.DDAY
Sub-Saharan Africa,SSF,Poverty headcount ratio at $3.00 a day (2021 PPP) (% of population),SI.POV.DDAY,,2012,47.3,SI.POV.DDAY
Sub-Saharan Africa,SSF,Poverty headcount ratio at $3.00 a day (2021 PPP) (% of population),SI.POV.DDAY,,2013,46.4,SI.POV.DDAY
Sub-Saharan Africa,SSF,Poverty headcount ratio at $3.00 a day (2021 PPP) (% of population),SI.POV.DDAY,,2014,45.7,SI.POV.DDAY
Sub-Saharan Africa,SSF,Poverty headcount ratio at $3.00 a day (2021 PPP) (% of population),SI.POV.DDAY,,2015,45.5,SI.POV.DDAY
Sub-Saharan Africa,SSF,Poverty headcount ratio at $3.00 a day (2021 PPP) (% of population),SI.POV.DDAY,,2016,45.3,SI.POV.DDAY
Sub-Saharan Africa,SSF,Poverty headcount ratio at $3.00 a day (2021 PPP) (% of population),SI.POV.DDAY,,2017,45.0,SI.POV.DDAY
Sub-Saharan Africa,SSF,Poverty headcount ratio at $3.00 a day (2021 PPP) (% of population),SI.POV.DDAY,,2018,44.6,SI.POV.DDAY
Sub-Saharan Africa,SSF,Poverty headcount ratio at $3.00 a day (2021 PPP) (% of population),SI.POV.DDAY,,2019,44.4,SI.POV.DDAY
Sub-Saharan Africa,SSF,Poverty headcount ratio at $3.00 a day (2021 PPP) (% of population),SI.POV.DDAY,,2020,46.4,SI.POV.DDAY
Sub-Saharan Africa,SSF,Poverty headcount ratio at $3.00 a day (2021 PPP) (% of population),SI.POV.DDAY,,2021,46.6,SI.POV.DDAY
Sub-Saharan Africa,SSF,Poverty headcount ratio at $3.00 a day (2021 PPP) (% of population),SI.POV.DDAY,,2022,46.4,SI.POV.DDAY
Sub-Saharan Africa,SSF,Poverty headcount ratio at $3.00 a day (2021 PPP) (% of population),SI.POV.DDAY,,2023,46.5,SI.POV.DDAY
Sao Tome and Principe,STP,Poverty headcount ratio at $3.00 a day (2021 PPP) (% of population),SI.POV.DDAY,,2000,17.3,SI.POV.DDAY
Sao Tome and Principe,STP,Poverty headcount ratio at $3.00 a day (2021 PPP) (% of population),SI.POV.DDAY,,2010,18.9,SI.POV.DDAY
Sao Tome and Principe,STP,Poverty headcount ratio at $3.00 a day (2021 PPP) (% of population),SI.POV.DDAY,,2017,13.0,SI.POV.DDAY
Suriname,SUR,Poverty headcount ratio at $3.00 a day (2021 PPP) (% of population),SI.POV.DDAY,,2022,2.2,SI.POV.DDAY
Slovak Republic,SVK,Poverty headcount ratio at $3.00 a day (2021 PPP) (% of population),SI.POV.DDAY,,2004,0.2,SI.POV.DDAY
Slovak Republic,SVK,Poverty headcount ratio at $3.00 a day (2021 PPP) (% of population),SI.POV.DDAY,,2005,0.3,SI.POV.DDAY
Slovak Republic,SVK,Poverty headcount ratio at $3.00 a day (2021 PPP) (% of population),SI.POV.DDAY,,2006,0.3,SI.POV.DDAY
Slovak Republic,SVK,Poverty headcount ratio at $3.00 a day (2021 PPP) (% of population),SI.POV.DDAY,,2007,0.6,SI.POV.DDAY
Slovak Republic,SVK,Poverty headcount ratio at $3.00 a day (2021 PPP) (% of population),SI.POV.DDAY,,2008,0.5,SI.POV.DDAY
Slovak Republic,SVK,Poverty headcount ratio at $3.00 a day (2021 PPP) (% of population),SI.POV.DDAY,,2009,0.6,SI.POV.DDAY
Slovak Republic,SVK,Poverty headcount ratio at $3.00 a day (2021 PPP) (% of population),SI.POV.DDAY,,2010,0.6,SI.POV.DDAY
Slovak Republic,SVK,Poverty headcount ratio at $3.00 a day (2021 PPP) (% of population),SI.POV.DDAY,,2011,0.6,SI.POV.DDAY
Slovak Republic,SVK,Poverty headcount ratio at $3.00 a day (2021 PPP) (% of population),SI.POV.DDAY,,2012,0.5,SI.POV.DDAY
Slovak Republic,SVK,Poverty headcount ratio at $3.00 a day (2021 PPP) (% of population),SI.POV.DDAY,,2013,0.4,SI.POV.DDAY
Slovak Republic,SVK,Poverty headcount ratio at $3.00 a day (2021 PPP) (% of population),SI.POV.DDAY,,2014,0.9,SI.POV.DDAY
Slovak Republic,SVK,Poverty headcount ratio at $3.00 a day (2021 PPP) (% of population),SI.POV.DDAY,,2015,0.8,SI.POV.DDAY
Slovak Republic,SVK,Poverty headcount ratio at $3.00 a day (2021 PPP) (% of population),SI.POV.DDAY,,2016,1.5,SI.POV.DDAY
Slovak Republic,SVK,Poverty headcount ratio at $3.00 a day (2021 PPP) (% of population),SI.POV.DDAY,,2017,0.6,SI.POV.DDAY
Slovak Republic,SVK,Poverty headcount ratio at $3.00 a day (2021 PPP) (% of population),SI.POV.DDAY,,2018,0.5,SI.POV.DDAY
Slovak Republic,SVK,Poverty headcount ratio at $3.00 a day (2021 PPP) (% of population),SI.POV.DDAY,,2019,0.2,SI.POV.DDAY
Slovak Republic,SVK,Poverty headcount ratio at $3.00 a day (2021 PPP) (% of population),SI.POV.DDAY,,2020,0.3,SI.POV.DDAY
Slovak Republic,SVK,Poverty headcount ratio at $3.00 a day (2021 PPP) (% of population),SI.POV.DDAY,,2021,0.3,SI.POV.DDAY
Slovak Republic,SVK,Poverty headcount ratio at $3.00 a day (2021 PPP) (% of population),SI.POV.DDAY,,2022,0.7,SI.POV.DDAY
Slovak Republic,SVK,Poverty headcount ratio at $3.00 a day (2021 PPP) (% of population),SI.POV.DDAY,,2023,0.5,SI.POV.DDAY
Slovenia,SVN,Poverty headcount ratio at $3.00 a day (2021 PPP) (% of population),SI.POV.DDAY,,2002,0.1,SI.POV.DDAY
Slovenia,SVN,Poverty headcount ratio at $3.00 a day (2021 PPP) (% of population),SI.POV.DDAY,,2003,0.0,SI.POV.DDAY
Slovenia,SVN,Poverty headcount ratio at $3.00 a day (2021 PPP) (% of population),SI.POV.DDAY,,2004,0.1,SI.POV.DDAY
Slovenia,SVN,Poverty headcount ratio at $3.00 a day (2021 PPP) (% of population),SI.POV.DDAY,,2005,0.1,SI.POV.DDAY
Slovenia,SVN,Poverty headcount ratio at $3.00 a day (2021 PPP) (% of population),SI.POV.DDAY,,2006,0.1,SI.POV.DDAY
Slovenia,SVN,Poverty headcount ratio at $3.00 a day (2021 PPP) (% of population),SI.POV.DDAY,,2007,0.0,SI.POV.DDAY
Slovenia,SVN,Poverty headcount ratio at $3.00 a day (2021 PPP) (% of population),SI.POV.DDAY,,2008,0.0,SI.POV.DDAY
Slovenia,SVN,Poverty headcount ratio at $3.00 a day (2021 PPP) (% of population),SI.POV.DDAY,,2009,0.0,SI.POV.DDAY
Slovenia,SVN,Poverty headcount ratio at $3.00 a day (2021 PPP) (% of population),SI.POV.DDAY,,2010,0.0,SI.POV.DDAY
Slovenia,SVN,Poverty headcount ratio at $3.00 a day (2021 PPP) (% of population),SI.POV.DDAY,,2011,0.0,SI.POV.DDAY
Slovenia,SVN,Poverty headcount ratio at $3.00 a day (2021 PPP) (% of population),SI.POV.DDAY,,2012,0.0,SI.POV.DDAY
Slovenia,SVN,Poverty headcount ratio at $3.00 a day (2021 PPP) (% of population),SI.POV.DDAY,,2013,0.0,SI.POV.DDAY
Slovenia,SVN,Poverty headcount ratio at $3.00 a day (2021 PPP) (% of population),SI.POV.DDAY,,2014,0.0,SI.POV.DDAY
Slovenia,SVN,Poverty headcount ratio at $3.00 a day (2021 PPP) (% of population),SI.POV.DDAY,,2015,0.0,SI.POV.DDAY
Slovenia,SVN,Poverty headcount ratio at $3.00 a day (2021 PPP) (% of population),SI.POV.DDAY,,2016,0.0,SI.POV.DDAY
Slovenia,SVN,Poverty headcount ratio at $3.00 a day (2021 PPP) (% of population),SI.POV.DDAY,,2017,0.0,SI.POV.DDAY
Slovenia,SVN,Poverty headcount ratio at $3.00 a day (2021 PPP) (% of population),SI.POV.DDAY,,2018,0.0,SI.POV.DDAY
Slovenia,SVN,Poverty headcount ratio at $3.00 a day (2021 PPP) (% of population),SI.POV.DDAY,,2019,0.0,SI.POV.DDAY
Slovenia,SVN,Poverty headcount ratio at $3.00 a day (2021 PPP) (% of population),SI.POV.DDAY,,2020,0.0,SI.POV.DDAY
Slovenia,SVN,Poverty headcount ratio at $3.00 a day (2021 PPP) (% of population),SI.POV.DDAY,,2021,0.0,SI.POV.DDAY
Slovenia,SVN,Poverty headcount ratio at $3.00 a day (2021 PPP) (% of population),SI.POV.DDAY,,2022,0.0,SI.POV.DDAY
Slovenia,SVN,Poverty headcount ratio at $3.00 a day (2021 PPP) (% of population),SI.POV.DDAY,,2023,0.0,SI.POV.DDAY
Sweden,SWE,Poverty headcount ratio at $3.00 a day (2021 PPP) (% of population),SI.POV.DDAY,,2000,0.2,SI.POV.DDAY
Sweden,SWE,Poverty headcount ratio at $3.00 a day (2021 PPP) (% of population),SI.POV.DDAY,,2001,0.2,SI.POV.DDAY
Sweden,SWE,Poverty headcount ratio at $3.00 a day (2021 PPP) (% of population),SI.POV.DDAY,,2002,0.0,SI.POV.DDAY
Sweden,SWE,Poverty headcount ratio at $3.00 a day (2021 PPP) (% of population),SI.POV.DDAY,,2003,0.4,SI.POV.DDAY
Sweden,SWE,Poverty headcount ratio at $3.00 a day (2021 PPP) (% of population),SI.POV.DDAY,,2004,0.5,SI.POV.DDAY
Sweden,SWE,Poverty headcount ratio at $3.00 a day (2021 PPP) (% of population),SI.POV.DDAY,,2005,1.1,SI.POV.DDAY
Sweden,SWE,Poverty headcount ratio at $3.00 a day (2021 PPP) (% of population),SI.POV.DDAY,,2006,0.4,SI.POV.DDAY
Sweden,SWE,Poverty headcount ratio at $3.00 a day (2021 PPP) (% of population),SI.POV.DDAY,,2007,0.5,SI.POV.DDAY
Sweden,SWE,Poverty headcount ratio at $3.00 a day (2021 PPP) (% of population),SI.POV.DDAY,,2008,0.7,SI.POV.DDAY
Sweden,SWE,Poverty headcount ratio at $3.00 a day (2021 PPP) (% of population),SI.POV.DDAY,,2009,0.5,SI.POV.DDAY
Sweden,SWE,Poverty headcount ratio at $3.00 a day (2021 PPP) (% of population),SI.POV.DDAY,,2010,0.6,SI.POV.DDAY
Sweden,SWE,Poverty headcount ratio at $3.00 a day (2021 PPP) (% of population),SI.POV.DDAY,,2011,0.7,SI.POV.DDAY
Sweden,SWE,Poverty headcount ratio at $3.00 a day (2021 PPP) (% of population),SI.POV.DDAY,,2012,0.5,SI.POV.DDAY
Sweden,SWE,Poverty headcount ratio at $3.00 a day (2021 PPP) (% of population),SI.POV.DDAY,,2013,0.7,SI.POV.DDAY
Sweden,SWE,Poverty headcount ratio at $3.00 a day (2021 PPP) (% of population),SI.POV.DDAY,,2014,0.5,SI.POV.DDAY
Sweden,SWE,Poverty headcount ratio at $3.00 a day (2021 PPP) (% of population),SI.POV.DDAY,,2015,0.6,SI.POV.DDAY
Sweden,SWE,Poverty headcount ratio at $3.00 a day (2021 PPP) (% of population),SI.POV.DDAY,,2016,0.4,SI.POV.DDAY
Sweden,SWE,Poverty headcount ratio at $3.00 a day (2021 PPP) (% of population),SI.POV.DDAY,,2017,0.3,SI.POV.DDAY
Sweden,SWE,Poverty headcount ratio at $3.00 a day (2021 PPP) (% of population),SI.POV.DDAY,,2018,0.9,SI.POV.DDAY
Sweden,SWE,Poverty headcount ratio at $3.00 a day (2021 PPP) (% of population),SI.POV.DDAY,,2019,0.4,SI.POV.DDAY
Sweden,SWE,Poverty headcount ratio at $3.00 a day (2021 PPP) (% of population),SI.POV.DDAY,,2020,0.5,SI.POV.DDAY
Sweden,SWE,Poverty headcount ratio at $3.00 a day (2021 PPP) (% of population),SI.POV.DDAY,,2021,0.6,SI.POV.DDAY
Sweden,SWE,Poverty headcount ratio at $3.00 a day (2021 PPP) (% of population),SI.POV.DDAY,,2022,1.3,SI.POV.DDAY
Sweden,SWE,Poverty headcount ratio at $3.00 a day (2021 PPP) (% of population),SI.POV.DDAY,,2023,0.8,SI.POV.DDAY
Eswatini,SWZ,Poverty headcount ratio at $3.00 a day (2021 PPP) (% of population),SI.POV.DDAY,,2000,65.0,SI.POV.DDAY
Eswatini,SWZ,Poverty headcount ratio at $3.00 a day (2021 PPP) (% of population),SI.POV.DDAY,,2009,58.2,SI.POV.DDAY
Eswatini,SWZ,Poverty headcount ratio at $3.00 a day (2021 PPP) (% of population),SI.POV.DDAY,,2016,44.5,SI.POV.DDAY
Seychelles,SYC,Poverty headcount ratio at $3.00 a day (2021 PPP) (% of population),SI.POV.DDAY,,2006,0.6,SI.POV.DDAY
Seychelles,SYC,Poverty headcount ratio at $3.00 a day (2021 PPP) (% of population),SI.POV.DDAY,,2013,1.6,SI.POV.DDAY
Seychelles,SYC,Poverty headcount ratio at $3.00 a day (2021 PPP) (% of population),SI.POV.DDAY,,2018,0.7,SI.POV.DDAY
Syrian Arab Republic,SYR,Poverty headcount ratio at $3.00 a day (2021 PPP) (% of population),SI.POV.DDAY,,2003,0.5,SI.POV.DDAY
Syrian Arab Republic,SYR,Poverty headcount ratio at $3.00 a day (2021 PPP) (% of population),SI.POV.DDAY,,2006,0.0,SI.POV.DDAY
Syrian Arab Republic,SYR,Poverty headcount ratio at $3.00 a day (2021 PPP) (% of population),SI.POV.DDAY,,2009,0.0,SI.POV.DDAY
Syrian Arab Republic,SYR,Poverty headcount ratio at $3.00 a day (2021 PPP) (% of population),SI.POV.DDAY,,2022,16.5,SI.POV.DDAY
Chad,TCD,Poverty headcount ratio at $3.00 a day (2021 PPP) (% of population),SI.POV.DDAY,,2003,66.7,SI.POV.DDAY
Chad,TCD,Poverty headcount ratio at $3.00 a day (2021 PPP) (% of population),SI.POV.DDAY,,2011,45.2,SI.POV.DDAY
Chad,TCD,Poverty headcount ratio at $3.00 a day (2021 PPP) (% of population),SI.POV.DDAY,,2018,41.9,SI.POV.DDAY
Chad,TCD,Poverty headcount ratio at $3.00 a day (2021 PPP) (% of population),SI.POV.DDAY,,2022,39.5,SI.POV.DDAY
Togo,TGO,Poverty headcount ratio at $3.00 a day (2021 PPP) (% of population),SI.POV.DDAY,,2006,67.2,SI.POV.DDAY
Togo,TGO,Poverty headcount ratio at $3.00 a day (2021 PPP) (% of population),SI.POV.DDAY,,2011,65.2,SI.POV.DDAY
Togo,TGO,Poverty headcount ratio at $3.00 a day (2021 PPP) (% of population),SI.POV.DDAY,,2015,61.5,SI.POV.DDAY
Togo,TGO,Poverty headcount ratio at $3.00 a day (2021 PPP) (% of population),SI.POV.DDAY,,2018,35.1,SI.POV.DDAY
Togo,TGO,Poverty headcount ratio at $3.00 a day (2021 PPP) (% of population),SI.POV.DDAY,,2021,34.4,SI.POV.DDAY
Thailand,THA,Poverty headcount ratio at $3.00 a day (2021 PPP) (% of population),SI.POV.DDAY,,2000,8.4,SI.POV.DDAY
Thailand,THA,Poverty headcount ratio at $3.00 a day (2021 PPP) (% of population),SI.POV.DDAY,,2002,4.7,SI.POV.DDAY
Thailand,THA,Poverty headcount ratio at $3.00 a day (2021 PPP) (% of population),SI.POV.DDAY,,2004,3.1,SI.POV.DDAY
Thailand,THA,Poverty headcount ratio at $3.00 a day (2021 PPP) (% of population),SI.POV.DDAY,,2006,2.2,SI.POV.DDAY
Thailand,THA,Poverty headcount ratio at $3.00 a day (2021 PPP) (% of population),SI.POV.DDAY,,2007,1.3,SI.POV.DDAY
Thailand,THA,Poverty headcount ratio at $3.00 a day (2021 PPP) (% of population),SI.POV.DDAY,,2008,1.0,SI.POV.DDAY
Thailand,THA,Poverty headcount ratio at $3.00 a day (2021 PPP) (% of population),SI.POV.DDAY,,2009,0.8,SI.POV.DDAY
Thailand,THA,Poverty headcount ratio at $3.00 a day (2021 PPP) (% of population),SI.POV.DDAY,,2010,0.7,SI.POV.DDAY
Thailand,THA,Poverty headcount ratio at $3.00 a day (2021 PPP) (% of population),SI.POV.DDAY,,2011,0.3,SI.POV.DDAY
Thailand,THA,Poverty headcount ratio at $3.00 a day (2021 PPP) (% of population),SI.POV.DDAY,,2012,0.4,SI.POV.DDAY
Thailand,THA,Poverty headcount ratio at $3.00 a day (2021 PPP) (% of population),SI.POV.DDAY,,2013,0.2,SI.POV.DDAY
Thailand,THA,Poverty headcount ratio at $3.00 a day (2021 PPP) (% of population),SI.POV.DDAY,,2014,0.2,SI.POV.DDAY
Thailand,THA,Poverty headcount ratio at $3.00 a day (2021 PPP) (% of population),SI.POV.DDAY,,2015,0.1,SI.POV.DDAY
Thailand,THA,Poverty headcount ratio at $3.00 a day (2021 PPP) (% of population),SI.POV.DDAY,,2016,0.1,SI.POV.DDAY
Thailand,THA,Poverty headcount ratio at $3.00 a day (2021 PPP) (% of population),SI.POV.DDAY,,2017,0.1,SI.POV.DDAY
Thailand,THA,Poverty headcount ratio at $3.00 a day (2021 PPP) (% of population),SI.POV.DDAY,,2018,0.1,SI.POV.DDAY
Thailand,THA,Poverty headcount ratio at $3.00 a day (2021 PPP) (% of population),SI.POV.DDAY,,2019,0.1,SI.POV.DDAY
Thailand,THA,Poverty headcount ratio at $3.00 a day (2021 PPP) (% of population),SI.POV.DDAY,,2020,0.1,SI.POV.DDAY
Thailand,THA,Poverty headcount ratio at $3.00 a day (2021 PPP) (% of population),SI.POV.DDAY,,2021,0.0,SI.POV.DDAY
Thailand,THA,Poverty headcount ratio at $3.00 a day (2021 PPP) (% of population),SI.POV.DDAY,,2022,0.0,SI.POV.DDAY
Thailand,THA,Poverty headcount ratio at $3.00 a day (2021 PPP) (% of population),SI.POV.DDAY,,2023,0.0,SI.POV.DDAY
Tajikistan,TJK,Poverty headcount ratio at $3.00 a day (2021 PPP) (% of population),SI.POV.DDAY,,2003,56.0,SI.POV.DDAY
Tajikistan,TJK,Poverty headcount ratio at $3.00 a day (2021 PPP) (% of population),SI.POV.DDAY,,2004,37.2,SI.POV.DDAY
Tajikistan,TJK,Poverty headcount ratio at $3.00 a day (2021 PPP) (% of population),SI.POV.DDAY,,2007,24.2,SI.POV.DDAY
Tajikistan,TJK,Poverty headcount ratio at $3.00 a day (2021 PPP) (% of population),SI.POV.DDAY,,2009,15.7,SI.POV.DDAY
Tajikistan,TJK,Poverty headcount ratio at $3.00 a day (2021 PPP) (% of population),SI.POV.DDAY,,2015,13.3,SI.POV.DDAY
Tajikistan,TJK,Poverty headcount ratio at $3.00 a day (2021 PPP) (% of population),SI.POV.DDAY,,2021,9.1,SI.POV.DDAY
Tajikistan,TJK,Poverty headcount ratio at $3.00 a day (2021 PPP) (% of population),SI.POV.DDAY,,2022,8.9,SI.POV.DDAY
Tajikistan,TJK,Poverty headcount ratio at $3.00 a day (2021 PPP) (% of population),SI.POV.DDAY,,2023,7.3,SI.POV.DDAY
Timor-Leste,TLS,Poverty headcount ratio at $3.00 a day (2021 PPP) (% of population),SI.POV.DDAY,,2001,55.7,SI.POV.DDAY
Timor-Leste,TLS,Poverty headcount ratio at $3.00 a day (2021 PPP) (% of population),SI.POV.DDAY,,2007,60.1,SI.POV.DDAY
Timor-Leste,TLS,Poverty headcount ratio at $3.00 a day (2021 PPP) (% of population),SI.POV.DDAY,,2014,43.9,SI.POV.DDAY
Tonga,TON,Poverty headcount ratio at $3.00 a day (2021 PPP) (% of population),SI.POV.DDAY,,2000,4.6,SI.POV.DDAY
Tonga,TON,Poverty headcount ratio at $3.00 a day (2021 PPP) (% of population),SI.POV.DDAY,,2009,3.6,SI.POV.DDAY
Tonga,TON,Poverty headcount ratio at $3.00 a day (2021 PPP) (% of population),SI.POV.DDAY,,2015,4.0,SI.POV.DDAY
Tonga,TON,Poverty headcount ratio at $3.00 a day (2021 PPP) (% of population),SI.POV.DDAY,,2021,0.4,SI.POV.DDAY
Tunisia,TUN,Poverty headcount ratio at $3.00 a day (2021 PPP) (% of population),SI.POV.DDAY,,2000,10.5,SI.POV.DDAY
Tunisia,TUN,Poverty headcount ratio at $3.00 a day (2021 PPP) (% of population),SI.POV.DDAY,,2005,5.9,SI.POV.DDAY
Tunisia,TUN,Poverty headcount ratio at $3.00 a day (2021 PPP) (% of population),SI.POV.DDAY,,2010,3.1,SI.POV.DDAY
Tunisia,TUN,Poverty headcount ratio at $3.00 a day (2021 PPP) (% of population),SI.POV.DDAY,,2015,0.7,SI.POV.DDAY
Tunisia,TUN,Poverty headcount ratio at $3.00 a day (2021 PPP) (% of population),SI.POV.DDAY,,2021,0.7,SI.POV.DDAY
Turkiye,TUR,Poverty headcount ratio at $3.00 a day (2021 PPP) (% of population),SI.POV.DDAY,,2002,7.6,SI.POV.DDAY
Turkiye,TUR,Poverty headcount ratio at $3.00 a day (2021 PPP) (% of population),SI.POV.DDAY,,2003,10.0,SI.POV.DDAY
Turkiye,TUR,Poverty headcount ratio at $3.00 a day (2021 PPP) (% of population),SI.POV.DDAY,,2004,6.6,SI.POV.DDAY
Turkiye,TUR,Poverty headcount ratio at $3.00 a day (2021 PPP) (% of population),SI.POV.DDAY,,2005,6.5,SI.POV.DDAY
Turkiye,TUR,Poverty headcount ratio at $3.00 a day (2021 PPP) (% of population),SI.POV.DDAY,,2006,4.8,SI.POV.DDAY
Turkiye,TUR,Poverty headcount ratio at $3.00 a day (2021 PPP) (% of population),SI.POV.DDAY,,2007,4.0,SI.POV.DDAY
Turkiye,TUR,Poverty headcount ratio at $3.00 a day (2021 PPP) (% of population),SI.POV.DDAY,,2008,3.3,SI.POV.DDAY
Turkiye,TUR,Poverty headcount ratio at $3.00 a day (2021 PPP) (% of population),SI.POV.DDAY,,2009,3.0,SI.POV.DDAY
Turkiye,TUR,Poverty headcount ratio at $3.00 a day (2021 PPP) (% of population),SI.POV.DDAY,,2010,2.8,SI.POV.DDAY
Turkiye,TUR,Poverty headcount ratio at $3.00 a day (2021 PPP) (% of population),SI.POV.DDAY,,2011,2.0,SI.POV.DDAY
Turkiye,TUR,Poverty headcount ratio at $3.00 a day (2021 PPP) (% of population),SI.POV.DDAY,,2012,1.7,SI.POV.DDAY
Turkiye,TUR,Poverty headcount ratio at $3.00 a day (2021 PPP) (% of population),SI.POV.DDAY,,2013,1.5,SI.POV.DDAY
Turkiye,TUR,Poverty headcount ratio at $3.00 a day (2021 PPP) (% of population),SI.POV.DDAY,,2014,1.0,SI.POV.DDAY
Turkiye,TUR,Poverty headcount ratio at $3.00 a day (2021 PPP) (% of population),SI.POV.DDAY,,2015,1.3,SI.POV.DDAY
Turkiye,TUR,Poverty headcount ratio at $3.00 a day (2021 PPP) (% of population),SI.POV.DDAY,,2016,0.9,SI.POV.DDAY
Turkiye,TUR,Poverty headcount ratio at $3.00 a day (2021 PPP) (% of population),SI.POV.DDAY,,2017,1.1,SI.POV.DDAY
Turkiye,TUR,Poverty headcount ratio at $3.00 a day (2021 PPP) (% of population),SI.POV.DDAY,,2018,1.0,SI.POV.DDAY
Turkiye,TUR,Poverty headcount ratio at $3.00 a day (2021 PPP) (% of population),SI.POV.DDAY,,2019,1.3,SI.POV.DDAY
Turkiye,TUR,Poverty headcount ratio at $3.00 a day (2021 PPP) (% of population),SI.POV.DDAY,,2020,1.1,SI.POV.DDAY
Turkiye,TUR,Poverty headcount ratio at $3.00 a day (2021 PPP) (% of population),SI.POV.DDAY,,2021,0.9,SI.POV.DDAY
Turkiye,TUR,Poverty headcount ratio at $3.00 a day (2021 PPP) (% of population),SI.POV.DDAY,,2022,0.5,SI.POV.DDAY
Tuvalu,TUV,Poverty headcount ratio at $3.00 a day (2021 PPP) (% of population),SI.POV.DDAY,,2010,9.0,SI.POV.DDAY
Tanzania,TZA,Poverty headcount ratio at $3.00 a day (2021 PPP) (% of population),SI.POV.DDAY,,2000,86.9,SI.POV.DDAY
Tanzania,TZA,Poverty headcount ratio at $3.00 a day (2021 PPP) (% of population),SI.POV.DDAY,,2007,61.9,SI.POV.DDAY
Tanzania,TZA,Poverty headcount ratio at $3.00 a day (2021 PPP) (% of population),SI.POV.DDAY,,2011,51.5,SI.POV.DDAY
Tanzania,TZA,Poverty headcount ratio at $3.00 a day (2021 PPP) (% of population),SI.POV.DDAY,,2018,51.3,SI.POV.DDAY
Uganda,UGA,Poverty headcount ratio at $3.00 a day (2021 PPP) (% of population),SI.POV.DDAY,,2002,78.6,SI.POV.DDAY
Uganda,UGA,Poverty headcount ratio at $3.00 a day (2021 PPP) (% of population),SI.POV.DDAY,,2005,72.4,SI.POV.DDAY
Uganda,UGA,Poverty headcount ratio at $3.00 a day (2021 PPP) (% of population),SI.POV.DDAY,,2009,63.5,SI.POV.DDAY
Uganda,UGA,Poverty headcount ratio at $3.00 a day (2021 PPP) (% of population),SI.POV.DDAY,,2012,56.2,SI.POV.DDAY
Uganda,UGA,Poverty headcount ratio at $3.00 a day (2021 PPP) (% of population),SI.POV.DDAY,,2016,60.1,SI.POV.DDAY
Uganda,UGA,Poverty headcount ratio at $3.00 a day (2021 PPP) (% of population),SI.POV.DDAY,,2019,59.8,SI.POV.DDAY
Ukraine,UKR,Poverty headcount ratio at $3.00 a day (2021 PPP) (% of population),SI.POV.DDAY,,2002,6.3,SI.POV.DDAY
Ukraine,UKR,Poverty headcount ratio at $3.00 a day (2021 PPP) (% of population),SI.POV.DDAY,,2003,3.2,SI.POV.DDAY
Ukraine,UKR,Poverty headcount ratio at $3.00 a day (2021 PPP) (% of population),SI.POV.DDAY,,2004,2.8,SI.POV.DDAY
Ukraine,UKR,Poverty headcount ratio at $3.00 a day (2021 PPP) (% of population),SI.POV.DDAY,,2005,1.1,SI.POV.DDAY
Ukraine,UKR,Poverty headcount ratio at $3.00 a day (2021 PPP) (% of population),SI.POV.DDAY,,2006,0.7,SI.POV.DDAY
Ukraine,UKR,Poverty headcount ratio at $3.00 a day (2021 PPP) (% of population),SI.POV.DDAY,,2007,0.5,SI.POV.DDAY
Ukraine,UKR,Poverty headcount ratio at $3.00 a day (2021 PPP) (% of population),SI.POV.DDAY,,2008,0.1,SI.POV.DDAY
Ukraine,UKR,Poverty headcount ratio at $3.00 a day (2021 PPP) (% of population),SI.POV.DDAY,,2009,0.3,SI.POV.DDAY
Ukraine,UKR,Poverty headcount ratio at $3.00 a day (2021 PPP) (% of population),SI.POV.DDAY,,2010,0.1,SI.POV.DDAY
Ukraine,UKR,Poverty headcount ratio at $3.00 a day (2021 PPP) (% of population),SI.POV.DDAY,,2011,0.1,SI.POV.DDAY
Ukraine,UKR,Poverty headcount ratio at $3.00 a day (2021 PPP) (% of population),SI.POV.DDAY,,2012,0.1,SI.POV.DDAY
Ukraine,UKR,Poverty headcount ratio at $3.00 a day (2021 PPP) (% of population),SI.POV.DDAY,,2013,0.1,SI.POV.DDAY
Ukraine,UKR,Poverty headcount ratio at $3.00 a day (2021 PPP) (% of population),SI.POV.DDAY,,2014,0.0,SI.POV.DDAY
Ukraine,UKR,Poverty headcount ratio at $3.00 a day (2021 PPP) (% of population),SI.POV.DDAY,,2015,0.3,SI.POV.DDAY
Ukraine,UKR,Poverty headcount ratio at $3.00 a day (2021 PPP) (% of population),SI.POV.DDAY,,2016,0.2,SI.POV.DDAY
Ukraine,UKR,Poverty headcount ratio at $3.00 a day (2021 PPP) (% of population),SI.POV.DDAY,,2017,0.1,SI.POV.DDAY
Ukraine,UKR,Poverty headcount ratio at $3.00 a day (2021 PPP) (% of population),SI.POV.DDAY,,2018,0.2,SI.POV.DDAY
Ukraine,UKR,Poverty headcount ratio at $3.00 a day (2021 PPP) (% of population),SI.POV.DDAY,,2019,0.2,SI.POV.DDAY
Ukraine,UKR,Poverty headcount ratio at $3.00 a day (2021 PPP) (% of population),SI.POV.DDAY,,2020,0.0,SI.POV.DDAY
Upper middle income,UMC,Poverty headcount ratio at $3.00 a day (2021 PPP) (% of population),SI.POV.DDAY,,2000,41.3,SI.POV.DDAY
Upper middle income,UMC,Poverty headcount ratio at $3.00 a day (2021 PPP) (% of population),SI.POV.DDAY,,2001,39.0,SI.POV.DDAY
Upper middle income,UMC,Poverty headcount ratio at $3.00 a day (2021 PPP) (% of population),SI.POV.DDAY,,2002,35.1,SI.POV.DDAY
Upper middle income,UMC,Poverty headcount ratio at $3.00 a day (2021 PPP) (% of population),SI.POV.DDAY,,2003,32.1,SI.POV.DDAY
Upper middle income,UMC,Poverty headcount ratio at $3.00 a day (2021 PPP) (% of population),SI.POV.DDAY,,2004,28.9,SI.POV.DDAY
Upper middle income,UMC,Poverty headcount ratio at $3.00 a day (2021 PPP) (% of population),SI.POV.DDAY,,2005,25.4,SI.POV.DDAY
Upper middle income,UMC,Poverty headcount ratio at $3.00 a day (2021 PPP) (% of population),SI.POV.DDAY,,2006,23.8,SI.POV.DDAY
Upper middle income,UMC,Poverty headcount ratio at $3.00 a day (2021 PPP) (% of population),SI.POV.DDAY,,2007,21.7,SI.POV.DDAY
Upper middle income,UMC,Poverty headcount ratio at $3.00 a day (2021 PPP) (% of population),SI.POV.DDAY,,2008,20.2,SI.POV.DDAY
Upper middle income,UMC,Poverty headcount ratio at $3.00 a day (2021 PPP) (% of population),SI.POV.DDAY,,2009,18.8,SI.POV.DDAY
Upper middle income,UMC,Poverty headcount ratio at $3.00 a day (2021 PPP) (% of population),SI.POV.DDAY,,2010,16.5,SI.POV.DDAY
Upper middle income,UMC,Poverty headcount ratio at $3.00 a day (2021 PPP) (% of population),SI.POV.DDAY,,2011,13.4,SI.POV.DDAY
Upper middle income,UMC,Poverty headcount ratio at $3.00 a day (2021 PPP) (% of population),SI.POV.DDAY,,2012,11.6,SI.POV.DDAY
Upper middle income,UMC,Poverty headcount ratio at $3.00 a day (2021 PPP) (% of population),SI.POV.DDAY,,2013,7.8,SI.POV.DDAY
Upper middle income,UMC,Poverty headcount ratio at $3.00 a day (2021 PPP) (% of population),SI.POV.DDAY,,2014,6.9,SI.POV.DDAY
Upper middle income,UMC,Poverty headcount ratio at $3.00 a day (2021 PPP) (% of population),SI.POV.DDAY,,2015,5.5,SI.POV.DDAY
Upper middle income,UMC,Poverty headcount ratio at $3.00 a day (2021 PPP) (% of population),SI.POV.DDAY,,2016,4.8,SI.POV.DDAY
Upper middle income,UMC,Poverty headcount ratio at $3.00 a day (2021 PPP) (% of population),SI.POV.DDAY,,2017,4.2,SI.POV.DDAY
Upper middle income,UMC,Poverty headcount ratio at $3.00 a day (2021 PPP) (% of population),SI.POV.DDAY,,2018,3.5,SI.POV.DDAY
Upper middle income,UMC,Poverty headcount ratio at $3.00 a day (2021 PPP) (% of population),SI.POV.DDAY,,2019,3.0,SI.POV.DDAY
Upper middle income,UMC,Poverty headcount ratio at $3.00 a day (2021 PPP) (% of population),SI.POV.DDAY,,2020,2.9,SI.POV.DDAY
Upper middle income,UMC,Poverty headcount ratio at $3.00 a day (2021 PPP) (% of population),SI.POV.DDAY,,2021,2.9,SI.POV.DDAY
Upper middle income,UMC,Poverty headcount ratio at $3.00 a day (2021 PPP) (% of population),SI.POV.DDAY,,2022,2.5,SI.POV.DDAY
Upper middle income,UMC,Poverty headcount ratio at $3.00 a day (2021 PPP) (% of population),SI.POV.DDAY,,2023,2.3,SI.POV.DDAY
Uruguay,URY,Poverty headcount ratio at $3.00 a day (2021 PPP) (% of population),SI.POV.DDAY,,2000,0.8,SI.POV.DDAY
Uruguay,URY,Poverty headcount ratio at $3.00 a day (2021 PPP) (% of population),SI.POV.DDAY,,2001,0.7,SI.POV.DDAY
Uruguay,URY,Poverty headcount ratio at $3.00 a day (2021 PPP) (% of population),SI.POV.DDAY,,2002,1.1,SI.POV.DDAY
Uruguay,URY,Poverty headcount ratio at $3.00 a day (2021 PPP) (% of population),SI.POV.DDAY,,2003,1.5,SI.POV.DDAY
Uruguay,URY,Poverty headcount ratio at $3.00 a day (2021 PPP) (% of population),SI.POV.DDAY,,2004,1.7,SI.POV.DDAY
Uruguay,URY,Poverty headcount ratio at $3.00 a day (2021 PPP) (% of population),SI.POV.DDAY,,2005,1.5,SI.POV.DDAY
Uruguay,URY,Poverty headcount ratio at $3.00 a day (2021 PPP) (% of population),SI.POV.DDAY,,2006,1.0,SI.POV.DDAY
Uruguay,URY,Poverty headcount ratio at $3.00 a day (2021 PPP) (% of population),SI.POV.DDAY,,2007,0.7,SI.POV.DDAY
Uruguay,URY,Poverty headcount ratio at $3.00 a day (2021 PPP) (% of population),SI.POV.DDAY,,2008,0.4,SI.POV.DDAY
Uruguay,URY,Poverty headcount ratio at $3.00 a day (2021 PPP) (% of population),SI.POV.DDAY,,2009,0.4,SI.POV.DDAY
Uruguay,URY,Poverty headcount ratio at $3.00 a day (2021 PPP) (% of population),SI.POV.DDAY,,2010,0.3,SI.POV.DDAY
Uruguay,URY,Poverty headcount ratio at $3.00 a day (2021 PPP) (% of population),SI.POV.DDAY,,2011,0.2,SI.POV.DDAY
Uruguay,URY,Poverty headcount ratio at $3.00 a day (2021 PPP) (% of population),SI.POV.DDAY,,2012,0.3,SI.POV.DDAY
Uruguay,URY,Poverty headcount ratio at $3.00 a day (2021 PPP) (% of population),SI.POV.DDAY,,2013,0.3,SI.POV.DDAY
Uruguay,URY,Poverty headcount ratio at $3.00 a day (2021 PPP) (% of population),SI.POV.DDAY,,2014,0.2,SI.POV.DDAY
Uruguay,URY,Poverty headcount ratio at $3.00 a day (2021 PPP) (% of population),SI.POV.DDAY,,2015,0.2,SI.POV.DDAY
Uruguay,URY,Poverty headcount ratio at $3.00 a day (2021 PPP) (% of population),SI.POV.DDAY,,2016,0.1,SI.POV.DDAY
Uruguay,URY,Poverty headcount ratio at $3.00 a day (2021 PPP) (% of population),SI.POV.DDAY,,2017,0.1,SI.POV.DDAY
Uruguay,URY,Poverty headcount ratio at $3.00 a day (2021 PPP) (% of population),SI.POV.DDAY,,2018,0.1,SI.POV.DDAY
Uruguay,URY,Poverty headcount ratio at $3.00 a day (2021 PPP) (% of population),SI.POV.DDAY,,2019,0.1,SI.POV.DDAY
Uruguay,URY,Poverty headcount ratio at $3.00 a day (2021 PPP) (% of population),SI.POV.DDAY,,2020,0.3,SI.POV.DDAY
Uruguay,URY,Poverty headcount ratio at $3.00 a day (2021 PPP) (% of population),SI.POV.DDAY,,2021,0.2,SI.POV.DDAY
Uruguay,URY,Poverty headcount ratio at $3.00 a day (2021 PPP) (% of population),SI.POV.DDAY,,2022,0.2,SI.POV.DDAY
Uruguay,URY,Poverty headcount ratio at $3.00 a day (2021 PPP) (% of population),SI.POV.DDAY,,2023,0.2,SI.POV.DDAY
United States,USA,Poverty headcount ratio at $3.00 a day (2021 PPP) (% of population),SI.POV.DDAY,,2000,0.7,SI.POV.DDAY
United States,USA,Poverty headcount ratio at $3.00 a day (2021 PPP) (% of population),SI.POV.DDAY,,2001,1.0,SI.POV.DDAY
United States,USA,Poverty headcount ratio at $3.00 a day (2021 PPP) (% of population),SI.POV.DDAY,,2002,1.0,SI.POV.DDAY
United States,USA,Poverty headcount ratio at $3.00 a day (2021 PPP) (% of population),SI.POV.DDAY,,2003,1.0,SI.POV.DDAY
United States,USA,Poverty headcount ratio at $3.00 a day (2021 PPP) (% of population),SI.POV.DDAY,,2004,1.0,SI.POV.DDAY
United States,USA,Poverty headcount ratio at $3.00 a day (2021 PPP) (% of population),SI.POV.DDAY,,2005,1.0,SI.POV.DDAY
United States,USA,Poverty headcount ratio at $3.00 a day (2021 PPP) (% of population),SI.POV.DDAY,,2006,1.0,SI.POV.DDAY
United States,USA,Poverty headcount ratio at $3.00 a day (2021 PPP) (% of population),SI.POV.DDAY,,2007,1.0,SI.POV.DDAY
United States,USA,Poverty headcount ratio at $3.00 a day (2021 PPP) (% of population),SI.POV.DDAY,,2008,1.0,SI.POV.DDAY
United States,USA,Poverty headcount ratio at $3.00 a day (2021 PPP) (% of population),SI.POV.DDAY,,2009,1.0,SI.POV.DDAY
United States,USA,Poverty headcount ratio at $3.00 a day (2021 PPP) (% of population),SI.POV.DDAY,,2010,1.2,SI.POV.DDAY
United States,USA,Poverty headcount ratio at $3.00 a day (2021 PPP) (% of population),SI.POV.DDAY,,2011,1.0,SI.POV.DDAY
United States,USA,Poverty headcount ratio at $3.00 a day (2021 PPP) (% of population),SI.POV.DDAY,,2012,1.0,SI.POV.DDAY
United States,USA,Poverty headcount ratio at $3.00 a day (2021 PPP) (% of population),SI.POV.DDAY,,2013,1.0,SI.POV.DDAY
United States,USA,Poverty headcount ratio at $3.00 a day (2021 PPP) (% of population),SI.POV.DDAY,,2014,1.2,SI.POV.DDAY
United States,USA,Poverty headcount ratio at $3.00 a day (2021 PPP) (% of population),SI.POV.DDAY,,2015,1.2,SI.POV.DDAY
United States,USA,Poverty headcount ratio at $3.00 a day (2021 PPP) (% of population),SI.POV.DDAY,,2016,1.2,SI.POV.DDAY
United States,USA,Poverty headcount ratio at $3.00 a day (2021 PPP) (% of population),SI.POV.DDAY,,2017,1.2,SI.POV.DDAY
United States,USA,Poverty headcount ratio at $3.00 a day (2021 PPP) (% of population),SI.POV.DDAY,,2018,1.0,SI.POV.DDAY
United States,USA,Poverty headcount ratio at $3.00 a day (2021 PPP) (% of population),SI.POV.DDAY,,2019,1.0,SI.POV.DDAY
United States,USA,Poverty headcount ratio at $3.00 a day (2021 PPP) (% of population),SI.POV.DDAY,,2020,0.5,SI.POV.DDAY
United States,USA,Poverty headcount ratio at $3.00 a day (2021 PPP) (% of population),SI.POV.DDAY,,2021,0.5,SI.POV.DDAY
United States,USA,Poverty headcount ratio at $3.00 a day (2021 PPP) (% of population),SI.POV.DDAY,,2022,1.2,SI.POV.DDAY
United States,USA,Poverty headcount ratio at $3.00 a day (2021 PPP) (% of population),SI.POV.DDAY,,2023,1.2,SI.POV.DDAY
Uzbekistan,UZB,Poverty headcount ratio at $3.00 a day (2021 PPP) (% of population),SI.POV.DDAY,,2000,93.8,SI.POV.DDAY
Uzbekistan,UZB,Poverty headcount ratio at $3.00 a day (2021 PPP) (% of population),SI.POV.DDAY,,2002,93.1,SI.POV.DDAY
Uzbekistan,UZB,Poverty headcount ratio at $3.00 a day (2021 PPP) (% of population),SI.POV.DDAY,,2003,93.3,SI.POV.DDAY
Uzbekistan,UZB,Poverty headcount ratio at $3.00 a day (2021 PPP) (% of population),SI.POV.DDAY,,2021,4.4,SI.POV.DDAY
Uzbekistan,UZB,Poverty headcount ratio at $3.00 a day (2021 PPP) (% of population),SI.POV.DDAY,,2022,4.4,SI.POV.DDAY
Uzbekistan,UZB,Poverty headcount ratio at $3.00 a day (2021 PPP) (% of population),SI.POV.DDAY,,2023,4.1,SI.POV.DDAY
"Venezuela, RB",VEN,Poverty headcount ratio at $3.00 a day (2021 PPP) (% of population),SI.POV.DDAY,,2001,14.7,SI.POV.DDAY
"Venezuela, RB",VEN,Poverty headcount ratio at $3.00 a day (2021 PPP) (% of population),SI.POV.DDAY,,2002,22.1,SI.POV.DDAY
"Venezuela, RB",VEN,Poverty headcount ratio at $3.00 a day (2021 PPP) (% of population),SI.POV.DDAY,,2003,27.1,SI.POV.DDAY
"Venezuela, RB",VEN,Poverty headcount ratio at $3.00 a day (2021 PPP) (% of population),SI.POV.DDAY,,2004,22.8,SI.POV.DDAY
"Venezuela, RB",VEN,Poverty headcount ratio at $3.00 a day (2021 PPP) (% of population),SI.POV.DDAY,,2005,18.1,SI.POV.DDAY
"Venezuela, RB",VEN,Poverty headcount ratio at $3.00 a day (2021 PPP) (% of population),SI.POV.DDAY,,2006,9.7,SI.POV.DDAY
Viet Nam,VNM,Poverty headcount ratio at $3.00 a day (2021 PPP) (% of population),SI.POV.DDAY,,2002,43.3,SI.POV.DDAY
Viet Nam,VNM,Poverty headcount ratio at $3.00 a day (2021 PPP) (% of population),SI.POV.DDAY,,2004,30.9,SI.POV.DDAY
Viet Nam,VNM,Poverty headcount ratio at $3.00 a day (2021 PPP) (% of population),SI.POV.DDAY,,2006,23.7,SI.POV.DDAY
Viet Nam,VNM,Poverty headcount ratio at $3.00 a day (2021 PPP) (% of population),SI.POV.DDAY,,2008,17.6,SI.POV.DDAY
Viet Nam,VNM,Poverty headcount ratio at $3.00 a day (2021 PPP) (% of population),SI.POV.DDAY,,2010,5.2,SI.POV.DDAY
Viet Nam,VNM,Poverty headcount ratio at $3.00 a day (2021 PPP) (% of population),SI.POV.DDAY,,2012,3.7,SI.POV.DDAY
Viet Nam,VNM,Poverty headcount ratio at $3.00 a day (2021 PPP) (% of population),SI.POV.DDAY,,2014,3.4,SI.POV.DDAY
Viet Nam,VNM,Poverty headcount ratio at $3.00 a day (2021 PPP) (% of population),SI.POV.DDAY,,2016,2.5,SI.POV.DDAY
Viet Nam,VNM,Poverty headcount ratio at $3.00 a day (2021 PPP) (% of population),SI.POV.DDAY,,2018,2.2,SI.POV.DDAY
Viet Nam,VNM,Poverty headcount ratio at $3.00 a day (2021 PPP) (% of population),SI.POV.DDAY,,2020,1.3,SI.POV.DDAY
Viet Nam,VNM,Poverty headcount ratio at $3.00 a day (2021 PPP) (% of population),SI.POV.DDAY,,2022,1.6,SI.POV.DDAY
Vanuatu,VUT,Poverty headcount ratio at $3.00 a day (2021 PPP) (% of population),SI.POV.DDAY,,2010,25.7,SI.POV.DDAY
Vanuatu,VUT,Poverty headcount ratio at $3.00 a day (2021 PPP) (% of population),SI.POV.DDAY,,2019,19.5,SI.POV.DDAY
World,WLD,Poverty headcount ratio at $3.00 a day (2021 PPP) (% of population),SI.POV.DDAY,,2000,36.3,SI.POV.DDAY
World,WLD,Poverty headcount ratio at $3.00 a day (2021 PPP) (% of population),SI.POV.DDAY,,2001,35.3,SI.POV.DDAY
World,WLD,Poverty headcount ratio at $3.00 a day (2021 PPP) (% of population),SI.POV.DDAY,,2002,33.8,SI.POV.DDAY
World,WLD,Poverty headcount ratio at $3.00 a day (2021 PPP) (% of population),SI.POV.DDAY,,2003,32.2,SI.POV.DDAY
World,WLD,Poverty headcount ratio at $3.00 a day (2021 PPP) (% of population),SI.POV.DDAY,,2004,30.3,SI.POV.DDAY
World,WLD,Poverty headcount ratio at $3.00 a day (2021 PPP) (% of population),SI.POV.DDAY,,2005,28.4,SI.POV.DDAY
World,WLD,Poverty headcount ratio at $3.00 a day (2021 PPP) (% of population),SI.POV.DDAY,,2006,27.0,SI.POV.DDAY
World,WLD,Poverty headcount ratio at $3.00 a day (2021 PPP) (% of population),SI.POV.DDAY,,2007,25.3,SI.POV.DDAY
World,WLD,Poverty headcount ratio at $3.00 a day (2021 PPP) (% of population),SI.POV.DDAY,,2008,24.1,SI.POV.DDAY
World,WLD,Poverty headcount ratio at $3.00 a day (2021 PPP) (% of population),SI.POV.DDAY,,2009,23.0,SI.POV.DDAY
World,WLD,Poverty headcount ratio at $3.00 a day (2021 PPP) (% of population),SI.POV.DDAY,,2010,21.0,SI.POV.DDAY
World,WLD,Poverty headcount ratio at $3.00 a day (2021 PPP) (% of population),SI.POV.DDAY,,2011,19.2,SI.POV.DDAY
World,WLD,Poverty headcount ratio at $3.00 a day (2021 PPP) (% of population),SI.POV.DDAY,,2012,17.9,SI.POV.DDAY
World,WLD,Poverty headcount ratio at $3.00 a day (2021 PPP) (% of population),SI.POV.DDAY,,2013,15.6,SI.POV.DDAY
World,WLD,Poverty headcount ratio at $3.00 a day (2021 PPP) (% of population),SI.POV.DDAY,,2014,14.6,SI.POV.DDAY
World,WLD,Poverty headcount ratio at $3.00 a day (2021 PPP) (% of population),SI.POV.DDAY,,2015,13.4,SI.POV.DDAY
World,WLD,Poverty headcount ratio at $3.00 a day (2021 PPP) (% of population),SI.POV.DDAY,,2016,12.6,SI.POV.DDAY
World,WLD,Poverty headcount ratio at $3.00 a day (2021 PPP) (% of population),SI.POV.DDAY,,2017,11.9,SI.POV.DDAY
World,WLD,Poverty headcount ratio at $3.00 a day (2021 PPP) (% of population),SI.POV.DDAY,,2018,11.2,SI.POV.DDAY
World,WLD,Poverty headcount ratio at $3.00 a day (2021 PPP) (% of population),SI.POV.DDAY,,2020,11.4,SI.POV.DDAY
World,WLD,Poverty headcount ratio at $3.00 a day (2021 PPP) (% of population),SI.POV.DDAY,,2021,11.2,SI.POV.DDAY
World,WLD,Poverty headcount ratio at $3.00 a day (2021 PPP) (% of population),SI.POV.DDAY,,2022,10.8,SI.POV.DDAY
World,WLD,Poverty headcount ratio at $3.00 a day (2021 PPP) (% of population),SI.POV.DDAY,,2023,10.5,SI.POV.DDAY
Samoa,WSM,Poverty headcount ratio at $3.00 a day (2021 PPP) (% of population),SI.POV.DDAY,,2002,5.9,SI.POV.DDAY
Samoa,WSM,Poverty headcount ratio at $3.00 a day (2021 PPP) (% of population),SI.POV.DDAY,,2008,3.7,SI.POV.DDAY
Samoa,WSM,Poverty headcount ratio at $3.00 a day (2021 PPP) (% of population),SI.POV.DDAY,,2013,4.5,SI.POV.DDAY
Kosovo,XKX,Poverty headcount ratio at $3.00 a day (2021 PPP) (% of population),SI.POV.DDAY,,2003,11.7,SI.POV.DDAY
Kosovo,XKX,Poverty headcount ratio at $3.00 a day (2021 PPP) (% of population),SI.POV.DDAY,,2005,14.3,SI.POV.DDAY
Kosovo,XKX,Poverty headcount ratio at $3.00 a day (2021 PPP) (% of population),SI.POV.DDAY,,2006,13.5,SI.POV.DDAY
Kosovo,XKX,Poverty headcount ratio at $3.00 a day (2021 PPP) (% of population),SI.POV.DDAY,,2009,10.5,SI.POV.DDAY
Kosovo,XKX,Poverty headcount ratio at $3.00 a day (2021 PPP) (% of population),SI.POV.DDAY,,2010,10.6,SI.POV.DDAY
Kosovo,XKX,Poverty headcount ratio at $3.00 a day (2021 PPP) (% of population),SI.POV.DDAY,,2011,6.6,SI.POV.DDAY
Kosovo,XKX,Poverty headcount ratio at $3.00 a day (2021 PPP) (% of population),SI.POV.DDAY,,2012,3.9,SI.POV.DDAY
Kosovo,XKX,Poverty headcount ratio at $3.00 a day (2021 PPP) (% of population),SI.POV.DDAY,,2013,2.2,SI.POV.DDAY
Kosovo,XKX,Poverty headcount ratio at $3.00 a day (2021 PPP) (% of population),SI.POV.DDAY,,2014,3.3,SI.POV.DDAY
Kosovo,XKX,Poverty headcount ratio at $3.00 a day (2021 PPP) (% of population),SI.POV.DDAY,,2015,2.4,SI.POV.DDAY
Kosovo,XKX,Poverty headcount ratio at $3.00 a day (2021 PPP) (% of population),SI.POV.DDAY,,2016,2.0,SI.POV.DDAY
Kosovo,XKX,Poverty headcount ratio at $3.00 a day (2021 PPP) (% of population),SI.POV.DDAY,,2017,15.2,SI.POV.DDAY
Kosovo,XKX,Poverty headcount ratio at $3.00 a day (2021 PPP) (% of population),SI.POV.DDAY,,2018,20.7,SI.POV.DDAY
Kosovo,XKX,Poverty headcount ratio at $3.00 a day (2021 PPP) (% of population),SI.POV.DDAY,,2019,11.3,SI.POV.DDAY
Kosovo,XKX,Poverty headcount ratio at $3.00 a day (2021 PPP) (% of population),SI.POV.DDAY,,2020,16.8,SI.POV.DDAY
Kosovo,XKX,Poverty headcount ratio at $3.00 a day (2021 PPP) (% of population),SI.POV.DDAY,,2021,25.0,SI.POV.DDAY
Kosovo,XKX,Poverty headcount ratio at $3.00 a day (2021 PPP) (% of population),SI.POV.DDAY,,2022,10.0,SI.POV.DDAY
"Yemen, Rep.",YEM,Poverty headcount ratio at $3.00 a day (2021 PPP) (% of population),SI.POV.DDAY,,2005,21.4,SI.POV.DDAY
"Yemen, Rep.",YEM,Poverty headcount ratio at $3.00 a day (2021 PPP) (% of population),SI.POV.DDAY,,2014,33.3,SI.POV.DDAY
South Africa,ZAF,Poverty headcount ratio at $3.00 a day (2021 PPP) (% of population),SI.POV.DDAY,,2000,47.9,SI.POV.DDAY
South Africa,ZAF,Poverty headcount ratio at $3.00 a day (2021 PPP) (% of population),SI.POV.DDAY,,2005,42.1,SI.POV.DDAY
South Africa,ZAF,Poverty headcount ratio at $3.00 a day (2021 PPP) (% of population),SI.POV.DDAY,,2008,30.3,SI.POV.DDAY
South Africa,ZAF,Poverty headcount ratio at $3.00 a day (2021 PPP) (% of population),SI.POV.DDAY,,2010,29.5,SI.POV.DDAY
South Africa,ZAF,Poverty headcount ratio at $3.00 a day (2021 PPP) (% of population),SI.POV.DDAY,,2014,31.2,SI.POV.DDAY
Zambia,ZMB,Poverty headcount ratio at $3.00 a day (2021 PPP) (% of population),SI.POV.DDAY,,2002,68.0,SI.POV.DDAY
Zambia,ZMB,Poverty headcount ratio at $3.00 a day (2021 PPP) (% of population),SI.POV.DDAY,,2004,68.9,SI.POV.DDAY
Zambia,ZMB,Poverty headcount ratio at $3.00 a day (2021 PPP) (% of population),SI.POV.DDAY,,2006,72.0,SI.POV.DDAY
Zambia,ZMB,Poverty headcount ratio at $3.00 a day (2021 PPP) (% of population),SI.POV.DDAY,,2010,71.4,SI.POV.DDAY
Zambia,ZMB,Poverty headcount ratio at $3.00 a day (2021 PPP) (% of population),SI.POV.DDAY,,2015,67.9,SI.POV.DDAY
Zambia,ZMB,Poverty headcount ratio at $3.00 a day (2021 PPP) (% of population),SI.POV.DDAY,,2022,71.7,SI.POV.DDAY
Zimbabwe,ZWE,Poverty headcount ratio at $3.00 a day (2021 PPP) (% of population),SI.POV.DDAY,,2011,35.7,SI.POV.DDAY
Zimbabwe,ZWE,Poverty headcount ratio at $3.00 a day (2021 PPP) (% of population),SI.POV.DDAY,,2017,44.7,SI.POV.DDAY
Zimbabwe,ZWE,Poverty headcount ratio at $3.00 a day (2021 PPP) (% of population),SI.POV.DDAY,,2019,49.2,SI.POV.DDAY
